BEGIN TRANSACTION;
INSERT INTO buildings VALUES('Brown');
INSERT INTO buildings VALUES('COE');
INSERT INTO buildings VALUES('HCC');
INSERT INTO buildings VALUES('SET');
INSERT INTO buildings VALUES('Smith');
INSERT INTO buildings VALUES('Snow');
INSERT INTO rooms VALUES('Brown 201',65);
INSERT INTO rooms VALUES('COE 121',50);
INSERT INTO rooms VALUES('HCC 476',20);
INSERT INTO rooms VALUES('SET 101',18);
INSERT INTO rooms VALUES('SET 102',18);
INSERT INTO rooms VALUES('SET 104',40);
INSERT INTO rooms VALUES('SET 105',60);
INSERT INTO rooms VALUES('SET 106',125);
INSERT INTO rooms VALUES('SET 201',65);
INSERT INTO rooms VALUES('SET 213',20);
INSERT INTO rooms VALUES('SET 214',20);
INSERT INTO rooms VALUES('SET 215',20);
INSERT INTO rooms VALUES('SET 216',24);
INSERT INTO rooms VALUES('SET 219',24);
INSERT INTO rooms VALUES('SET 225',20);
INSERT INTO rooms VALUES('SET 226',40);
INSERT INTO rooms VALUES('SET 301',65);
INSERT INTO rooms VALUES('SET 303',12);
INSERT INTO rooms VALUES('SET 304',18);
INSERT INTO rooms VALUES('SET 308',24);
INSERT INTO rooms VALUES('SET 309',20);
INSERT INTO rooms VALUES('SET 310',14);
INSERT INTO rooms VALUES('SET 312',20);
INSERT INTO rooms VALUES('SET 318',24);
INSERT INTO rooms VALUES('SET 319',24);
INSERT INTO rooms VALUES('SET 404',16);
INSERT INTO rooms VALUES('SET 405',24);
INSERT INTO rooms VALUES('SET 407',24);
INSERT INTO rooms VALUES('SET 408',15);
INSERT INTO rooms VALUES('SET 409',24);
INSERT INTO rooms VALUES('SET 410',24);
INSERT INTO rooms VALUES('SET 412',24);
INSERT INTO rooms VALUES('SET 418',48);
INSERT INTO rooms VALUES('SET 420',48);
INSERT INTO rooms VALUES('SET 501',20);
INSERT INTO rooms VALUES('SET 522',24);
INSERT INTO rooms VALUES('SET 523',24);
INSERT INTO rooms VALUES('SET 524',45);
INSERT INTO rooms VALUES('SET 526',24);
INSERT INTO rooms VALUES('SET 527',24);
INSERT INTO rooms VALUES('Smith 107',32);
INSERT INTO rooms VALUES('Smith 108',32);
INSERT INTO rooms VALUES('Smith 109',32);
INSERT INTO rooms VALUES('Smith 112',24);
INSERT INTO rooms VALUES('Smith 113',24);
INSERT INTO rooms VALUES('Smith 116',38);
INSERT INTO rooms VALUES('Smith 117',38);
INSERT INTO rooms VALUES('Snow 103',16);
INSERT INTO rooms VALUES('Snow 112',42);
INSERT INTO rooms VALUES('Snow 113',36);
INSERT INTO rooms VALUES('Snow 124',42);
INSERT INTO rooms VALUES('Snow 125',42);
INSERT INTO rooms VALUES('Snow 128',40);
INSERT INTO rooms VALUES('Snow 144',42);
INSERT INTO rooms VALUES('Snow 145',42);
INSERT INTO rooms VALUES('Snow 147',42);
INSERT INTO rooms VALUES('Snow 150',42);
INSERT INTO rooms VALUES('Snow 151',42);
INSERT INTO rooms VALUES('Snow 204',10);
INSERT INTO rooms VALUES('Snow 208',24);
INSERT INTO rooms VALUES('Snow 216',45);
INSERT INTO rooms VALUES('Snow 3',42);
INSERT INTO room_tags VALUES('Brown 201');
INSERT INTO room_tags VALUES('COE 121');
INSERT INTO room_tags VALUES('HCC 476');
INSERT INTO room_tags VALUES('Math lecture');
INSERT INTO room_tags VALUES('SET 101');
INSERT INTO room_tags VALUES('SET 102');
INSERT INTO room_tags VALUES('SET 104');
INSERT INTO room_tags VALUES('SET 105');
INSERT INTO room_tags VALUES('SET 106');
INSERT INTO room_tags VALUES('SET 201');
INSERT INTO room_tags VALUES('SET 213');
INSERT INTO room_tags VALUES('SET 214');
INSERT INTO room_tags VALUES('SET 215');
INSERT INTO room_tags VALUES('SET 216');
INSERT INTO room_tags VALUES('SET 219');
INSERT INTO room_tags VALUES('SET 225');
INSERT INTO room_tags VALUES('SET 226');
INSERT INTO room_tags VALUES('SET 301');
INSERT INTO room_tags VALUES('SET 303');
INSERT INTO room_tags VALUES('SET 304');
INSERT INTO room_tags VALUES('SET 308');
INSERT INTO room_tags VALUES('SET 309');
INSERT INTO room_tags VALUES('SET 310');
INSERT INTO room_tags VALUES('SET 312');
INSERT INTO room_tags VALUES('SET 318');
INSERT INTO room_tags VALUES('SET 319');
INSERT INTO room_tags VALUES('SET 404');
INSERT INTO room_tags VALUES('SET 405');
INSERT INTO room_tags VALUES('SET 407');
INSERT INTO room_tags VALUES('SET 408');
INSERT INTO room_tags VALUES('SET 409');
INSERT INTO room_tags VALUES('SET 410');
INSERT INTO room_tags VALUES('SET 412');
INSERT INTO room_tags VALUES('SET 418');
INSERT INTO room_tags VALUES('SET 420');
INSERT INTO room_tags VALUES('SET 501');
INSERT INTO room_tags VALUES('SET 522');
INSERT INTO room_tags VALUES('SET 523');
INSERT INTO room_tags VALUES('SET 524');
INSERT INTO room_tags VALUES('SET 526');
INSERT INTO room_tags VALUES('SET 527');
INSERT INTO room_tags VALUES('Science Snow lecture');
INSERT INTO room_tags VALUES('Science large lecture');
INSERT INTO room_tags VALUES('Science medium lecture');
INSERT INTO room_tags VALUES('Science small lecture');
INSERT INTO room_tags VALUES('Smith 107');
INSERT INTO room_tags VALUES('Smith 108');
INSERT INTO room_tags VALUES('Smith 109');
INSERT INTO room_tags VALUES('Smith 112');
INSERT INTO room_tags VALUES('Smith 113');
INSERT INTO room_tags VALUES('Smith 116');
INSERT INTO room_tags VALUES('Smith 117');
INSERT INTO room_tags VALUES('Snow 103');
INSERT INTO room_tags VALUES('Snow 112');
INSERT INTO room_tags VALUES('Snow 113');
INSERT INTO room_tags VALUES('Snow 124');
INSERT INTO room_tags VALUES('Snow 125');
INSERT INTO room_tags VALUES('Snow 128');
INSERT INTO room_tags VALUES('Snow 144');
INSERT INTO room_tags VALUES('Snow 145');
INSERT INTO room_tags VALUES('Snow 147');
INSERT INTO room_tags VALUES('Snow 150');
INSERT INTO room_tags VALUES('Snow 151');
INSERT INTO room_tags VALUES('Snow 204');
INSERT INTO room_tags VALUES('Snow 208');
INSERT INTO room_tags VALUES('Snow 216');
INSERT INTO room_tags VALUES('Snow 3');
INSERT INTO room_tags VALUES('flex');
INSERT INTO room_tags VALUES('macs');
INSERT INTO room_tags VALUES('pcs');
INSERT INTO room_tags VALUES('stadium');
INSERT INTO rooms_room_tags VALUES('Brown 201','Brown 201');
INSERT INTO rooms_room_tags VALUES('COE 121','COE 121');
INSERT INTO rooms_room_tags VALUES('HCC 476','HCC 476');
INSERT INTO rooms_room_tags VALUES('Math lecture','Snow 112');
INSERT INTO rooms_room_tags VALUES('Math lecture','Snow 124');
INSERT INTO rooms_room_tags VALUES('Math lecture','Snow 125');
INSERT INTO rooms_room_tags VALUES('Math lecture','Snow 144');
INSERT INTO rooms_room_tags VALUES('Math lecture','Snow 145');
INSERT INTO rooms_room_tags VALUES('Math lecture','Snow 147');
INSERT INTO rooms_room_tags VALUES('Math lecture','Snow 150');
INSERT INTO rooms_room_tags VALUES('Math lecture','Snow 151');
INSERT INTO rooms_room_tags VALUES('Math lecture','Snow 3');
INSERT INTO rooms_room_tags VALUES('SET 101','SET 101');
INSERT INTO rooms_room_tags VALUES('SET 102','SET 102');
INSERT INTO rooms_room_tags VALUES('SET 104','SET 104');
INSERT INTO rooms_room_tags VALUES('SET 105','SET 105');
INSERT INTO rooms_room_tags VALUES('SET 106','SET 106');
INSERT INTO rooms_room_tags VALUES('SET 201','SET 201');
INSERT INTO rooms_room_tags VALUES('SET 213','SET 213');
INSERT INTO rooms_room_tags VALUES('SET 214','SET 214');
INSERT INTO rooms_room_tags VALUES('SET 215','SET 215');
INSERT INTO rooms_room_tags VALUES('SET 216','SET 216');
INSERT INTO rooms_room_tags VALUES('SET 219','SET 219');
INSERT INTO rooms_room_tags VALUES('SET 225','SET 225');
INSERT INTO rooms_room_tags VALUES('SET 226','SET 226');
INSERT INTO rooms_room_tags VALUES('SET 301','SET 301');
INSERT INTO rooms_room_tags VALUES('SET 303','SET 303');
INSERT INTO rooms_room_tags VALUES('SET 304','SET 304');
INSERT INTO rooms_room_tags VALUES('SET 308','SET 308');
INSERT INTO rooms_room_tags VALUES('SET 309','SET 309');
INSERT INTO rooms_room_tags VALUES('SET 310','SET 310');
INSERT INTO rooms_room_tags VALUES('SET 312','SET 312');
INSERT INTO rooms_room_tags VALUES('SET 318','SET 318');
INSERT INTO rooms_room_tags VALUES('SET 319','SET 319');
INSERT INTO rooms_room_tags VALUES('SET 404','SET 404');
INSERT INTO rooms_room_tags VALUES('SET 405','SET 405');
INSERT INTO rooms_room_tags VALUES('SET 407','SET 407');
INSERT INTO rooms_room_tags VALUES('SET 408','SET 408');
INSERT INTO rooms_room_tags VALUES('SET 409','SET 409');
INSERT INTO rooms_room_tags VALUES('SET 410','SET 410');
INSERT INTO rooms_room_tags VALUES('SET 412','SET 412');
INSERT INTO rooms_room_tags VALUES('SET 418','SET 418');
INSERT INTO rooms_room_tags VALUES('SET 420','SET 420');
INSERT INTO rooms_room_tags VALUES('SET 501','SET 501');
INSERT INTO rooms_room_tags VALUES('SET 522','SET 522');
INSERT INTO rooms_room_tags VALUES('SET 523','SET 523');
INSERT INTO rooms_room_tags VALUES('SET 524','SET 524');
INSERT INTO rooms_room_tags VALUES('SET 526','SET 526');
INSERT INTO rooms_room_tags VALUES('SET 527','SET 527');
INSERT INTO rooms_room_tags VALUES('Science Snow lecture','Snow 128');
INSERT INTO rooms_room_tags VALUES('Science Snow lecture','Snow 208');
INSERT INTO rooms_room_tags VALUES('Science Snow lecture','Snow 216');
INSERT INTO rooms_room_tags VALUES('Science large lecture','SET 106');
INSERT INTO rooms_room_tags VALUES('Science medium lecture','SET 105');
INSERT INTO rooms_room_tags VALUES('Science medium lecture','SET 106');
INSERT INTO rooms_room_tags VALUES('Science medium lecture','SET 201');
INSERT INTO rooms_room_tags VALUES('Science medium lecture','SET 301');
INSERT INTO rooms_room_tags VALUES('Science small lecture','SET 105');
INSERT INTO rooms_room_tags VALUES('Science small lecture','SET 106');
INSERT INTO rooms_room_tags VALUES('Science small lecture','SET 201');
INSERT INTO rooms_room_tags VALUES('Science small lecture','SET 301');
INSERT INTO rooms_room_tags VALUES('Science small lecture','SET 418');
INSERT INTO rooms_room_tags VALUES('Science small lecture','SET 420');
INSERT INTO rooms_room_tags VALUES('Science small lecture','SET 524');
INSERT INTO rooms_room_tags VALUES('Science small lecture','Snow 128');
INSERT INTO rooms_room_tags VALUES('Science small lecture','Snow 208');
INSERT INTO rooms_room_tags VALUES('Science small lecture','Snow 216');
INSERT INTO rooms_room_tags VALUES('Smith 107','Smith 107');
INSERT INTO rooms_room_tags VALUES('Smith 108','Smith 108');
INSERT INTO rooms_room_tags VALUES('Smith 109','Smith 109');
INSERT INTO rooms_room_tags VALUES('Smith 112','Smith 112');
INSERT INTO rooms_room_tags VALUES('Smith 113','Smith 113');
INSERT INTO rooms_room_tags VALUES('Smith 116','Smith 116');
INSERT INTO rooms_room_tags VALUES('Smith 117','Smith 117');
INSERT INTO rooms_room_tags VALUES('Snow 103','Snow 103');
INSERT INTO rooms_room_tags VALUES('Snow 112','Snow 112');
INSERT INTO rooms_room_tags VALUES('Snow 113','Snow 113');
INSERT INTO rooms_room_tags VALUES('Snow 124','Snow 124');
INSERT INTO rooms_room_tags VALUES('Snow 125','Snow 125');
INSERT INTO rooms_room_tags VALUES('Snow 128','Snow 128');
INSERT INTO rooms_room_tags VALUES('Snow 144','Snow 144');
INSERT INTO rooms_room_tags VALUES('Snow 145','Snow 145');
INSERT INTO rooms_room_tags VALUES('Snow 147','Snow 147');
INSERT INTO rooms_room_tags VALUES('Snow 150','Snow 150');
INSERT INTO rooms_room_tags VALUES('Snow 151','Snow 151');
INSERT INTO rooms_room_tags VALUES('Snow 204','Snow 204');
INSERT INTO rooms_room_tags VALUES('Snow 208','Snow 208');
INSERT INTO rooms_room_tags VALUES('Snow 216','Snow 216');
INSERT INTO rooms_room_tags VALUES('Snow 3','Snow 3');
INSERT INTO rooms_room_tags VALUES('flex','Smith 107');
INSERT INTO rooms_room_tags VALUES('flex','Smith 108');
INSERT INTO rooms_room_tags VALUES('flex','Smith 109');
INSERT INTO rooms_room_tags VALUES('macs','Smith 112');
INSERT INTO rooms_room_tags VALUES('pcs','Smith 113');
INSERT INTO rooms_room_tags VALUES('stadium','Smith 116');
INSERT INTO rooms_room_tags VALUES('stadium','Smith 117');
INSERT INTO time_slots VALUES('F0800+110');
INSERT INTO time_slots VALUES('F0800+115');
INSERT INTO time_slots VALUES('F0800+170');
INSERT INTO time_slots VALUES('F0800+50');
INSERT INTO time_slots VALUES('F0900+110');
INSERT INTO time_slots VALUES('F0900+50');
INSERT INTO time_slots VALUES('F1000+110');
INSERT INTO time_slots VALUES('F1000+50');
INSERT INTO time_slots VALUES('F1100+110');
INSERT INTO time_slots VALUES('F1100+170');
INSERT INTO time_slots VALUES('F1100+50');
INSERT INTO time_slots VALUES('F1200+110');
INSERT INTO time_slots VALUES('F1200+50');
INSERT INTO time_slots VALUES('F1300+110');
INSERT INTO time_slots VALUES('F1300+50');
INSERT INTO time_slots VALUES('F1330+170');
INSERT INTO time_slots VALUES('F1400+170');
INSERT INTO time_slots VALUES('M0800+110');
INSERT INTO time_slots VALUES('M0800+50');
INSERT INTO time_slots VALUES('M0900+110');
INSERT INTO time_slots VALUES('M0900+50');
INSERT INTO time_slots VALUES('M1000+110');
INSERT INTO time_slots VALUES('M1000+50');
INSERT INTO time_slots VALUES('M1030+75');
INSERT INTO time_slots VALUES('M1100+110');
INSERT INTO time_slots VALUES('M1100+170');
INSERT INTO time_slots VALUES('M1100+50');
INSERT INTO time_slots VALUES('M1200+110');
INSERT INTO time_slots VALUES('M1200+50');
INSERT INTO time_slots VALUES('M1300+110');
INSERT INTO time_slots VALUES('M1300+170');
INSERT INTO time_slots VALUES('M1400+110');
INSERT INTO time_slots VALUES('M1400+180');
INSERT INTO time_slots VALUES('M1500+110');
INSERT INTO time_slots VALUES('M1600+110');
INSERT INTO time_slots VALUES('M1700+110');
INSERT INTO time_slots VALUES('M1930+170');
INSERT INTO time_slots VALUES('MF0800+50');
INSERT INTO time_slots VALUES('MF0900+50');
INSERT INTO time_slots VALUES('MF1000+50');
INSERT INTO time_slots VALUES('MF1100+50');
INSERT INTO time_slots VALUES('MR1100+110');
INSERT INTO time_slots VALUES('MTRF0800+50');
INSERT INTO time_slots VALUES('MTRF0900+50');
INSERT INTO time_slots VALUES('MTRF1000+50');
INSERT INTO time_slots VALUES('MTRF1100+50');
INSERT INTO time_slots VALUES('MTRF1200+50');
INSERT INTO time_slots VALUES('MTRF1300+50');
INSERT INTO time_slots VALUES('MTRF1400+50');
INSERT INTO time_slots VALUES('MTRF1500+50');
INSERT INTO time_slots VALUES('MTWF0800+50');
INSERT INTO time_slots VALUES('MTWF0900+50');
INSERT INTO time_slots VALUES('MTWF1000+50');
INSERT INTO time_slots VALUES('MTWF1100+50');
INSERT INTO time_slots VALUES('MTWF1200+50');
INSERT INTO time_slots VALUES('MTWF1300+50');
INSERT INTO time_slots VALUES('MTWF1400+50');
INSERT INTO time_slots VALUES('MTWF1500+50');
INSERT INTO time_slots VALUES('MTWR0800+50');
INSERT INTO time_slots VALUES('MTWR0900+50');
INSERT INTO time_slots VALUES('MTWR1000+50');
INSERT INTO time_slots VALUES('MTWR1100+50');
INSERT INTO time_slots VALUES('MTWR1200+50');
INSERT INTO time_slots VALUES('MTWR1300+50');
INSERT INTO time_slots VALUES('MTWR1400+50');
INSERT INTO time_slots VALUES('MTWR1500+50');
INSERT INTO time_slots VALUES('MTWRF0800+50');
INSERT INTO time_slots VALUES('MTWRF0900+50');
INSERT INTO time_slots VALUES('MTWRF1000+50');
INSERT INTO time_slots VALUES('MTWRF1100+50');
INSERT INTO time_slots VALUES('MTWRF1200+50');
INSERT INTO time_slots VALUES('MTWRF1300+50');
INSERT INTO time_slots VALUES('MTWRF1400+50');
INSERT INTO time_slots VALUES('MTWRF1500+50');
INSERT INTO time_slots VALUES('MTWRF1600+50');
INSERT INTO time_slots VALUES('MW0600+110');
INSERT INTO time_slots VALUES('MW0730+50');
INSERT INTO time_slots VALUES('MW0730+75');
INSERT INTO time_slots VALUES('MW0800+110');
INSERT INTO time_slots VALUES('MW0800+50');
INSERT INTO time_slots VALUES('MW0900+110');
INSERT INTO time_slots VALUES('MW0900+50');
INSERT INTO time_slots VALUES('MW1000+110');
INSERT INTO time_slots VALUES('MW1000+50');
INSERT INTO time_slots VALUES('MW1100+110');
INSERT INTO time_slots VALUES('MW1100+50');
INSERT INTO time_slots VALUES('MW1200+110');
INSERT INTO time_slots VALUES('MW1200+50');
INSERT INTO time_slots VALUES('MW1200+75');
INSERT INTO time_slots VALUES('MW1300+100');
INSERT INTO time_slots VALUES('MW1300+110');
INSERT INTO time_slots VALUES('MW1330+50');
INSERT INTO time_slots VALUES('MW1330+75');
INSERT INTO time_slots VALUES('MW1400+110');
INSERT INTO time_slots VALUES('MW1500+100');
INSERT INTO time_slots VALUES('MW1500+110');
INSERT INTO time_slots VALUES('MW1500+170');
INSERT INTO time_slots VALUES('MW1500+50');
INSERT INTO time_slots VALUES('MW1500+75');
INSERT INTO time_slots VALUES('MW1530+75');
INSERT INTO time_slots VALUES('MW1600+100');
INSERT INTO time_slots VALUES('MW1600+110');
INSERT INTO time_slots VALUES('MW1630+100');
INSERT INTO time_slots VALUES('MW1630+50');
INSERT INTO time_slots VALUES('MW1630+75');
INSERT INTO time_slots VALUES('MW1645+75');
INSERT INTO time_slots VALUES('MW1700+110');
INSERT INTO time_slots VALUES('MW1800+100');
INSERT INTO time_slots VALUES('MW1800+110');
INSERT INTO time_slots VALUES('MW1800+75');
INSERT INTO time_slots VALUES('MWF0800+50');
INSERT INTO time_slots VALUES('MWF0900+50');
INSERT INTO time_slots VALUES('MWF1000+50');
INSERT INTO time_slots VALUES('MWF1100+50');
INSERT INTO time_slots VALUES('MWF1200+50');
INSERT INTO time_slots VALUES('MWF1330+180');
INSERT INTO time_slots VALUES('MWRF0800+50');
INSERT INTO time_slots VALUES('MWRF0900+50');
INSERT INTO time_slots VALUES('MWRF1000+50');
INSERT INTO time_slots VALUES('MWRF1100+50');
INSERT INTO time_slots VALUES('MWRF1200+50');
INSERT INTO time_slots VALUES('MWRF1300+50');
INSERT INTO time_slots VALUES('MWRF1400+50');
INSERT INTO time_slots VALUES('MWRF1500+50');
INSERT INTO time_slots VALUES('R0800+110');
INSERT INTO time_slots VALUES('R0800+170');
INSERT INTO time_slots VALUES('R0800+50');
INSERT INTO time_slots VALUES('R0900+110');
INSERT INTO time_slots VALUES('R0900+170');
INSERT INTO time_slots VALUES('R0900+50');
INSERT INTO time_slots VALUES('R0900+75');
INSERT INTO time_slots VALUES('R1000+110');
INSERT INTO time_slots VALUES('R1000+170');
INSERT INTO time_slots VALUES('R1000+50');
INSERT INTO time_slots VALUES('R1030+50');
INSERT INTO time_slots VALUES('R1100+110');
INSERT INTO time_slots VALUES('R1100+170');
INSERT INTO time_slots VALUES('R1100+50');
INSERT INTO time_slots VALUES('R1200+110');
INSERT INTO time_slots VALUES('R1200+135');
INSERT INTO time_slots VALUES('R1200+170');
INSERT INTO time_slots VALUES('R1200+50');
INSERT INTO time_slots VALUES('R1300+110');
INSERT INTO time_slots VALUES('R1300+170');
INSERT INTO time_slots VALUES('R1300+50');
INSERT INTO time_slots VALUES('R1330+165');
INSERT INTO time_slots VALUES('R1330+75');
INSERT INTO time_slots VALUES('R1400+110');
INSERT INTO time_slots VALUES('R1400+170');
INSERT INTO time_slots VALUES('R1400+50');
INSERT INTO time_slots VALUES('R1500+110');
INSERT INTO time_slots VALUES('R1500+170');
INSERT INTO time_slots VALUES('R1500+50');
INSERT INTO time_slots VALUES('R1530+150');
INSERT INTO time_slots VALUES('R1600+110');
INSERT INTO time_slots VALUES('R1600+170');
INSERT INTO time_slots VALUES('R1600+50');
INSERT INTO time_slots VALUES('R1630+170');
INSERT INTO time_slots VALUES('R1700+110');
INSERT INTO time_slots VALUES('R1700+170');
INSERT INTO time_slots VALUES('R1715+110');
INSERT INTO time_slots VALUES('R1800+110');
INSERT INTO time_slots VALUES('R1800+150');
INSERT INTO time_slots VALUES('R1800+50');
INSERT INTO time_slots VALUES('R1900+110');
INSERT INTO time_slots VALUES('R1900+170');
INSERT INTO time_slots VALUES('R1900+50');
INSERT INTO time_slots VALUES('S1000+300');
INSERT INTO time_slots VALUES('T0700+170');
INSERT INTO time_slots VALUES('T0800+110');
INSERT INTO time_slots VALUES('T0800+170');
INSERT INTO time_slots VALUES('T0800+50');
INSERT INTO time_slots VALUES('T0900+110');
INSERT INTO time_slots VALUES('T0900+170');
INSERT INTO time_slots VALUES('T0900+50');
INSERT INTO time_slots VALUES('T1000+110');
INSERT INTO time_slots VALUES('T1000+170');
INSERT INTO time_slots VALUES('T1000+50');
INSERT INTO time_slots VALUES('T1030+50');
INSERT INTO time_slots VALUES('T1100+110');
INSERT INTO time_slots VALUES('T1100+170');
INSERT INTO time_slots VALUES('T1100+50');
INSERT INTO time_slots VALUES('T1200+110');
INSERT INTO time_slots VALUES('T1200+170');
INSERT INTO time_slots VALUES('T1200+50');
INSERT INTO time_slots VALUES('T1300+110');
INSERT INTO time_slots VALUES('T1300+170');
INSERT INTO time_slots VALUES('T1300+50');
INSERT INTO time_slots VALUES('T1330+75');
INSERT INTO time_slots VALUES('T1400+110');
INSERT INTO time_slots VALUES('T1400+170');
INSERT INTO time_slots VALUES('T1400+50');
INSERT INTO time_slots VALUES('T1500+110');
INSERT INTO time_slots VALUES('T1500+170');
INSERT INTO time_slots VALUES('T1500+50');
INSERT INTO time_slots VALUES('T1500+75');
INSERT INTO time_slots VALUES('T1600+110');
INSERT INTO time_slots VALUES('T1600+170');
INSERT INTO time_slots VALUES('T1600+50');
INSERT INTO time_slots VALUES('T1630+150');
INSERT INTO time_slots VALUES('T1700+110');
INSERT INTO time_slots VALUES('T1700+170');
INSERT INTO time_slots VALUES('T1800+110');
INSERT INTO time_slots VALUES('T1800+150');
INSERT INTO time_slots VALUES('T1800+170');
INSERT INTO time_slots VALUES('T1800+50');
INSERT INTO time_slots VALUES('T1900+110');
INSERT INTO time_slots VALUES('T1900+170');
INSERT INTO time_slots VALUES('T1930+170');
INSERT INTO time_slots VALUES('TR0600+110');
INSERT INTO time_slots VALUES('TR0730+50');
INSERT INTO time_slots VALUES('TR0730+75');
INSERT INTO time_slots VALUES('TR0800+110');
INSERT INTO time_slots VALUES('TR0900+110');
INSERT INTO time_slots VALUES('TR0900+50');
INSERT INTO time_slots VALUES('TR0900+75');
INSERT INTO time_slots VALUES('TR1000+110');
INSERT INTO time_slots VALUES('TR1000+50');
INSERT INTO time_slots VALUES('TR1030+50');
INSERT INTO time_slots VALUES('TR1030+75');
INSERT INTO time_slots VALUES('TR1100+110');
INSERT INTO time_slots VALUES('TR1200+110');
INSERT INTO time_slots VALUES('TR1200+50');
INSERT INTO time_slots VALUES('TR1200+75');
INSERT INTO time_slots VALUES('TR1300+100');
INSERT INTO time_slots VALUES('TR1300+110');
INSERT INTO time_slots VALUES('TR1330+50');
INSERT INTO time_slots VALUES('TR1330+75');
INSERT INTO time_slots VALUES('TR1400+110');
INSERT INTO time_slots VALUES('TR1500+100');
INSERT INTO time_slots VALUES('TR1500+110');
INSERT INTO time_slots VALUES('TR1500+170');
INSERT INTO time_slots VALUES('TR1500+50');
INSERT INTO time_slots VALUES('TR1500+75');
INSERT INTO time_slots VALUES('TR1600+110');
INSERT INTO time_slots VALUES('TR1600+170');
INSERT INTO time_slots VALUES('TR1630+100');
INSERT INTO time_slots VALUES('TR1630+50');
INSERT INTO time_slots VALUES('TR1630+75');
INSERT INTO time_slots VALUES('TR1700+110');
INSERT INTO time_slots VALUES('TR1800+100');
INSERT INTO time_slots VALUES('TR1800+110');
INSERT INTO time_slots VALUES('TR1800+75');
INSERT INTO time_slots VALUES('TWRF0800+50');
INSERT INTO time_slots VALUES('TWRF0900+50');
INSERT INTO time_slots VALUES('TWRF1000+50');
INSERT INTO time_slots VALUES('TWRF1100+50');
INSERT INTO time_slots VALUES('TWRF1200+50');
INSERT INTO time_slots VALUES('TWRF1300+50');
INSERT INTO time_slots VALUES('TWRF1400+50');
INSERT INTO time_slots VALUES('TWRF1500+50');
INSERT INTO time_slots VALUES('W0800+110');
INSERT INTO time_slots VALUES('W0800+170');
INSERT INTO time_slots VALUES('W0800+50');
INSERT INTO time_slots VALUES('W0900+110');
INSERT INTO time_slots VALUES('W0900+170');
INSERT INTO time_slots VALUES('W0900+50');
INSERT INTO time_slots VALUES('W1000+110');
INSERT INTO time_slots VALUES('W1000+170');
INSERT INTO time_slots VALUES('W1000+50');
INSERT INTO time_slots VALUES('W1030+75');
INSERT INTO time_slots VALUES('W1100+110');
INSERT INTO time_slots VALUES('W1100+170');
INSERT INTO time_slots VALUES('W1100+50');
INSERT INTO time_slots VALUES('W1200+110');
INSERT INTO time_slots VALUES('W1200+170');
INSERT INTO time_slots VALUES('W1200+50');
INSERT INTO time_slots VALUES('W1300+110');
INSERT INTO time_slots VALUES('W1300+170');
INSERT INTO time_slots VALUES('W1330+170');
INSERT INTO time_slots VALUES('W1400+110');
INSERT INTO time_slots VALUES('W1400+170');
INSERT INTO time_slots VALUES('W1500+110');
INSERT INTO time_slots VALUES('W1500+170');
INSERT INTO time_slots VALUES('W1600+110');
INSERT INTO time_slots VALUES('W1600+170');
INSERT INTO time_slots VALUES('W1630+150');
INSERT INTO time_slots VALUES('W1700+110');
INSERT INTO time_slots VALUES('W1700+170');
INSERT INTO time_slots VALUES('W1715+110');
INSERT INTO time_slots VALUES('W1800+110');
INSERT INTO time_slots VALUES('W1800+150');
INSERT INTO time_slots VALUES('W1800+50');
INSERT INTO time_slots VALUES('W1900+110');
INSERT INTO time_slots VALUES('W1930+170');
INSERT INTO time_slots VALUES('WF0800+50');
INSERT INTO time_slots VALUES('WF0900+50');
INSERT INTO time_slots VALUES('WF1000+50');
INSERT INTO time_slots VALUES('WF1100+50');
INSERT INTO time_slot_tags VALUES('1 credit bell schedule');
INSERT INTO time_slot_tags VALUES('1 credit evening');
INSERT INTO time_slot_tags VALUES('1 credit extended bell schedule');
INSERT INTO time_slot_tags VALUES('1×150 evening');
INSERT INTO time_slot_tags VALUES('2 credit lecture');
INSERT INTO time_slot_tags VALUES('2 hour lab M0800');
INSERT INTO time_slot_tags VALUES('2 hour lab M0900');
INSERT INTO time_slot_tags VALUES('2 hour lab R0800');
INSERT INTO time_slot_tags VALUES('2 hour lab R0900');
INSERT INTO time_slot_tags VALUES('2 hour lab T0800');
INSERT INTO time_slot_tags VALUES('2 hour lab T0900');
INSERT INTO time_slot_tags VALUES('2 hour lab W0800');
INSERT INTO time_slot_tags VALUES('2 hour lab W0900');
INSERT INTO time_slot_tags VALUES('2×75 bell schedule');
INSERT INTO time_slot_tags VALUES('3 credit bell schedule');
INSERT INTO time_slot_tags VALUES('3 hour lab M0800');
INSERT INTO time_slot_tags VALUES('3 hour lab M1000');
INSERT INTO time_slot_tags VALUES('3 hour lab R0800');
INSERT INTO time_slot_tags VALUES('3 hour lab R0900');
INSERT INTO time_slot_tags VALUES('3 hour lab R1000');
INSERT INTO time_slot_tags VALUES('3 hour lab T0800');
INSERT INTO time_slot_tags VALUES('3 hour lab T0900');
INSERT INTO time_slot_tags VALUES('3 hour lab T1000');
INSERT INTO time_slot_tags VALUES('3 hour lab W0800');
INSERT INTO time_slot_tags VALUES('3 hour lab W0900');
INSERT INTO time_slot_tags VALUES('3 hour lab W1000');
INSERT INTO time_slot_tags VALUES('4 credit 2×100 bell schedule');
INSERT INTO time_slot_tags VALUES('4 credit 4×50 bell schedule');
INSERT INTO time_slot_tags VALUES('4 credit 4×50 extended bell schedule');
INSERT INTO time_slot_tags VALUES('4 credit bell schedule');
INSERT INTO time_slot_tags VALUES('4 hour lab MW0800');
INSERT INTO time_slot_tags VALUES('4 hour lab MW0900');
INSERT INTO time_slot_tags VALUES('4 hour lab TR0800');
INSERT INTO time_slot_tags VALUES('4 hour lab TR0900');
INSERT INTO time_slot_tags VALUES('5 credit bell schedule');
INSERT INTO time_slot_tags VALUES('5 credit extended bell schedule');
INSERT INTO time_slot_tags VALUES('F0800+110');
INSERT INTO time_slot_tags VALUES('F0800+115');
INSERT INTO time_slot_tags VALUES('F0800+170');
INSERT INTO time_slot_tags VALUES('F0800+50');
INSERT INTO time_slot_tags VALUES('F0900+110');
INSERT INTO time_slot_tags VALUES('F0900+50');
INSERT INTO time_slot_tags VALUES('F1000+110');
INSERT INTO time_slot_tags VALUES('F1000+50');
INSERT INTO time_slot_tags VALUES('F1100+110');
INSERT INTO time_slot_tags VALUES('F1100+170');
INSERT INTO time_slot_tags VALUES('F1100+50');
INSERT INTO time_slot_tags VALUES('F1200+110');
INSERT INTO time_slot_tags VALUES('F1200+50');
INSERT INTO time_slot_tags VALUES('F1300+110');
INSERT INTO time_slot_tags VALUES('F1300+50');
INSERT INTO time_slot_tags VALUES('F1330+170');
INSERT INTO time_slot_tags VALUES('F1400+170');
INSERT INTO time_slot_tags VALUES('M0800+110');
INSERT INTO time_slot_tags VALUES('M0800+50');
INSERT INTO time_slot_tags VALUES('M0900+110');
INSERT INTO time_slot_tags VALUES('M0900+50');
INSERT INTO time_slot_tags VALUES('M1000+110');
INSERT INTO time_slot_tags VALUES('M1000+50');
INSERT INTO time_slot_tags VALUES('M1030+75');
INSERT INTO time_slot_tags VALUES('M1100+110');
INSERT INTO time_slot_tags VALUES('M1100+170');
INSERT INTO time_slot_tags VALUES('M1100+50');
INSERT INTO time_slot_tags VALUES('M1200+110');
INSERT INTO time_slot_tags VALUES('M1200+50');
INSERT INTO time_slot_tags VALUES('M1300+110');
INSERT INTO time_slot_tags VALUES('M1300+170');
INSERT INTO time_slot_tags VALUES('M1400+110');
INSERT INTO time_slot_tags VALUES('M1400+180');
INSERT INTO time_slot_tags VALUES('M1500+110');
INSERT INTO time_slot_tags VALUES('M1600+110');
INSERT INTO time_slot_tags VALUES('M1700+110');
INSERT INTO time_slot_tags VALUES('M1930+170');
INSERT INTO time_slot_tags VALUES('MF0800+50');
INSERT INTO time_slot_tags VALUES('MF0900+50');
INSERT INTO time_slot_tags VALUES('MF1000+50');
INSERT INTO time_slot_tags VALUES('MF1100+50');
INSERT INTO time_slot_tags VALUES('MR1100+110');
INSERT INTO time_slot_tags VALUES('MTRF0800+50');
INSERT INTO time_slot_tags VALUES('MTRF0900+50');
INSERT INTO time_slot_tags VALUES('MTRF1000+50');
INSERT INTO time_slot_tags VALUES('MTRF1100+50');
INSERT INTO time_slot_tags VALUES('MTRF1200+50');
INSERT INTO time_slot_tags VALUES('MTRF1300+50');
INSERT INTO time_slot_tags VALUES('MTRF1400+50');
INSERT INTO time_slot_tags VALUES('MTRF1500+50');
INSERT INTO time_slot_tags VALUES('MTWF0800+50');
INSERT INTO time_slot_tags VALUES('MTWF0900+50');
INSERT INTO time_slot_tags VALUES('MTWF1000+50');
INSERT INTO time_slot_tags VALUES('MTWF1100+50');
INSERT INTO time_slot_tags VALUES('MTWF1200+50');
INSERT INTO time_slot_tags VALUES('MTWF1300+50');
INSERT INTO time_slot_tags VALUES('MTWF1400+50');
INSERT INTO time_slot_tags VALUES('MTWF1500+50');
INSERT INTO time_slot_tags VALUES('MTWR0800+50');
INSERT INTO time_slot_tags VALUES('MTWR0900+50');
INSERT INTO time_slot_tags VALUES('MTWR1000+50');
INSERT INTO time_slot_tags VALUES('MTWR1100+50');
INSERT INTO time_slot_tags VALUES('MTWR1200+50');
INSERT INTO time_slot_tags VALUES('MTWR1300+50');
INSERT INTO time_slot_tags VALUES('MTWR1400+50');
INSERT INTO time_slot_tags VALUES('MTWR1500+50');
INSERT INTO time_slot_tags VALUES('MTWRF0800+50');
INSERT INTO time_slot_tags VALUES('MTWRF0900+50');
INSERT INTO time_slot_tags VALUES('MTWRF1000+50');
INSERT INTO time_slot_tags VALUES('MTWRF1100+50');
INSERT INTO time_slot_tags VALUES('MTWRF1200+50');
INSERT INTO time_slot_tags VALUES('MTWRF1300+50');
INSERT INTO time_slot_tags VALUES('MTWRF1400+50');
INSERT INTO time_slot_tags VALUES('MTWRF1500+50');
INSERT INTO time_slot_tags VALUES('MTWRF1600+50');
INSERT INTO time_slot_tags VALUES('MW 2×75 bell schedule');
INSERT INTO time_slot_tags VALUES('MW0600+110');
INSERT INTO time_slot_tags VALUES('MW0730+50');
INSERT INTO time_slot_tags VALUES('MW0730+75');
INSERT INTO time_slot_tags VALUES('MW0800+110');
INSERT INTO time_slot_tags VALUES('MW0800+50');
INSERT INTO time_slot_tags VALUES('MW0900+110');
INSERT INTO time_slot_tags VALUES('MW0900+50');
INSERT INTO time_slot_tags VALUES('MW1000+110');
INSERT INTO time_slot_tags VALUES('MW1000+50');
INSERT INTO time_slot_tags VALUES('MW1100+110');
INSERT INTO time_slot_tags VALUES('MW1100+50');
INSERT INTO time_slot_tags VALUES('MW1200+110');
INSERT INTO time_slot_tags VALUES('MW1200+50');
INSERT INTO time_slot_tags VALUES('MW1200+75');
INSERT INTO time_slot_tags VALUES('MW1300+100');
INSERT INTO time_slot_tags VALUES('MW1300+110');
INSERT INTO time_slot_tags VALUES('MW1330+50');
INSERT INTO time_slot_tags VALUES('MW1330+75');
INSERT INTO time_slot_tags VALUES('MW1400+110');
INSERT INTO time_slot_tags VALUES('MW1500+100');
INSERT INTO time_slot_tags VALUES('MW1500+110');
INSERT INTO time_slot_tags VALUES('MW1500+170');
INSERT INTO time_slot_tags VALUES('MW1500+50');
INSERT INTO time_slot_tags VALUES('MW1500+75');
INSERT INTO time_slot_tags VALUES('MW1530+75');
INSERT INTO time_slot_tags VALUES('MW1600+100');
INSERT INTO time_slot_tags VALUES('MW1600+110');
INSERT INTO time_slot_tags VALUES('MW1630+100');
INSERT INTO time_slot_tags VALUES('MW1630+50');
INSERT INTO time_slot_tags VALUES('MW1630+75');
INSERT INTO time_slot_tags VALUES('MW1645+75');
INSERT INTO time_slot_tags VALUES('MW1700+110');
INSERT INTO time_slot_tags VALUES('MW1800+100');
INSERT INTO time_slot_tags VALUES('MW1800+110');
INSERT INTO time_slot_tags VALUES('MW1800+75');
INSERT INTO time_slot_tags VALUES('MWF 3×50 bell schedule');
INSERT INTO time_slot_tags VALUES('MWF0800+50');
INSERT INTO time_slot_tags VALUES('MWF0900+50');
INSERT INTO time_slot_tags VALUES('MWF1000+50');
INSERT INTO time_slot_tags VALUES('MWF1100+50');
INSERT INTO time_slot_tags VALUES('MWF1200+50');
INSERT INTO time_slot_tags VALUES('MWF1330+180');
INSERT INTO time_slot_tags VALUES('MWRF0800+50');
INSERT INTO time_slot_tags VALUES('MWRF0900+50');
INSERT INTO time_slot_tags VALUES('MWRF1000+50');
INSERT INTO time_slot_tags VALUES('MWRF1100+50');
INSERT INTO time_slot_tags VALUES('MWRF1200+50');
INSERT INTO time_slot_tags VALUES('MWRF1300+50');
INSERT INTO time_slot_tags VALUES('MWRF1400+50');
INSERT INTO time_slot_tags VALUES('MWRF1500+50');
INSERT INTO time_slot_tags VALUES('R0800+110');
INSERT INTO time_slot_tags VALUES('R0800+170');
INSERT INTO time_slot_tags VALUES('R0800+50');
INSERT INTO time_slot_tags VALUES('R0900+110');
INSERT INTO time_slot_tags VALUES('R0900+170');
INSERT INTO time_slot_tags VALUES('R0900+50');
INSERT INTO time_slot_tags VALUES('R0900+75');
INSERT INTO time_slot_tags VALUES('R1000+110');
INSERT INTO time_slot_tags VALUES('R1000+170');
INSERT INTO time_slot_tags VALUES('R1000+50');
INSERT INTO time_slot_tags VALUES('R1030+50');
INSERT INTO time_slot_tags VALUES('R1100+110');
INSERT INTO time_slot_tags VALUES('R1100+170');
INSERT INTO time_slot_tags VALUES('R1100+50');
INSERT INTO time_slot_tags VALUES('R1200+110');
INSERT INTO time_slot_tags VALUES('R1200+135');
INSERT INTO time_slot_tags VALUES('R1200+170');
INSERT INTO time_slot_tags VALUES('R1200+50');
INSERT INTO time_slot_tags VALUES('R1300+110');
INSERT INTO time_slot_tags VALUES('R1300+170');
INSERT INTO time_slot_tags VALUES('R1300+50');
INSERT INTO time_slot_tags VALUES('R1330+165');
INSERT INTO time_slot_tags VALUES('R1330+75');
INSERT INTO time_slot_tags VALUES('R1400+110');
INSERT INTO time_slot_tags VALUES('R1400+170');
INSERT INTO time_slot_tags VALUES('R1400+50');
INSERT INTO time_slot_tags VALUES('R1500+110');
INSERT INTO time_slot_tags VALUES('R1500+170');
INSERT INTO time_slot_tags VALUES('R1500+50');
INSERT INTO time_slot_tags VALUES('R1530+150');
INSERT INTO time_slot_tags VALUES('R1600+110');
INSERT INTO time_slot_tags VALUES('R1600+170');
INSERT INTO time_slot_tags VALUES('R1600+50');
INSERT INTO time_slot_tags VALUES('R1630+170');
INSERT INTO time_slot_tags VALUES('R1700+110');
INSERT INTO time_slot_tags VALUES('R1700+170');
INSERT INTO time_slot_tags VALUES('R1715+110');
INSERT INTO time_slot_tags VALUES('R1800+110');
INSERT INTO time_slot_tags VALUES('R1800+150');
INSERT INTO time_slot_tags VALUES('R1800+50');
INSERT INTO time_slot_tags VALUES('R1900+110');
INSERT INTO time_slot_tags VALUES('R1900+170');
INSERT INTO time_slot_tags VALUES('R1900+50');
INSERT INTO time_slot_tags VALUES('S1000+300');
INSERT INTO time_slot_tags VALUES('T0700+170');
INSERT INTO time_slot_tags VALUES('T0800+110');
INSERT INTO time_slot_tags VALUES('T0800+170');
INSERT INTO time_slot_tags VALUES('T0800+50');
INSERT INTO time_slot_tags VALUES('T0900+110');
INSERT INTO time_slot_tags VALUES('T0900+170');
INSERT INTO time_slot_tags VALUES('T0900+50');
INSERT INTO time_slot_tags VALUES('T1000+110');
INSERT INTO time_slot_tags VALUES('T1000+170');
INSERT INTO time_slot_tags VALUES('T1000+50');
INSERT INTO time_slot_tags VALUES('T1030+50');
INSERT INTO time_slot_tags VALUES('T1100+110');
INSERT INTO time_slot_tags VALUES('T1100+170');
INSERT INTO time_slot_tags VALUES('T1100+50');
INSERT INTO time_slot_tags VALUES('T1200+110');
INSERT INTO time_slot_tags VALUES('T1200+170');
INSERT INTO time_slot_tags VALUES('T1200+50');
INSERT INTO time_slot_tags VALUES('T1300+110');
INSERT INTO time_slot_tags VALUES('T1300+170');
INSERT INTO time_slot_tags VALUES('T1300+50');
INSERT INTO time_slot_tags VALUES('T1330+75');
INSERT INTO time_slot_tags VALUES('T1400+110');
INSERT INTO time_slot_tags VALUES('T1400+170');
INSERT INTO time_slot_tags VALUES('T1400+50');
INSERT INTO time_slot_tags VALUES('T1500+110');
INSERT INTO time_slot_tags VALUES('T1500+170');
INSERT INTO time_slot_tags VALUES('T1500+50');
INSERT INTO time_slot_tags VALUES('T1500+75');
INSERT INTO time_slot_tags VALUES('T1600+110');
INSERT INTO time_slot_tags VALUES('T1600+170');
INSERT INTO time_slot_tags VALUES('T1600+50');
INSERT INTO time_slot_tags VALUES('T1630+150');
INSERT INTO time_slot_tags VALUES('T1700+110');
INSERT INTO time_slot_tags VALUES('T1700+170');
INSERT INTO time_slot_tags VALUES('T1800+110');
INSERT INTO time_slot_tags VALUES('T1800+150');
INSERT INTO time_slot_tags VALUES('T1800+170');
INSERT INTO time_slot_tags VALUES('T1800+50');
INSERT INTO time_slot_tags VALUES('T1900+110');
INSERT INTO time_slot_tags VALUES('T1900+170');
INSERT INTO time_slot_tags VALUES('T1930+170');
INSERT INTO time_slot_tags VALUES('TR 2×75 bell schedule');
INSERT INTO time_slot_tags VALUES('TR0600+110');
INSERT INTO time_slot_tags VALUES('TR0730+50');
INSERT INTO time_slot_tags VALUES('TR0730+75');
INSERT INTO time_slot_tags VALUES('TR0800+110');
INSERT INTO time_slot_tags VALUES('TR0900+110');
INSERT INTO time_slot_tags VALUES('TR0900+50');
INSERT INTO time_slot_tags VALUES('TR0900+75');
INSERT INTO time_slot_tags VALUES('TR1000+110');
INSERT INTO time_slot_tags VALUES('TR1000+50');
INSERT INTO time_slot_tags VALUES('TR1030+50');
INSERT INTO time_slot_tags VALUES('TR1030+75');
INSERT INTO time_slot_tags VALUES('TR1100+110');
INSERT INTO time_slot_tags VALUES('TR1200+110');
INSERT INTO time_slot_tags VALUES('TR1200+50');
INSERT INTO time_slot_tags VALUES('TR1200+75');
INSERT INTO time_slot_tags VALUES('TR1300+100');
INSERT INTO time_slot_tags VALUES('TR1300+110');
INSERT INTO time_slot_tags VALUES('TR1330+50');
INSERT INTO time_slot_tags VALUES('TR1330+75');
INSERT INTO time_slot_tags VALUES('TR1400+110');
INSERT INTO time_slot_tags VALUES('TR1500+100');
INSERT INTO time_slot_tags VALUES('TR1500+110');
INSERT INTO time_slot_tags VALUES('TR1500+170');
INSERT INTO time_slot_tags VALUES('TR1500+50');
INSERT INTO time_slot_tags VALUES('TR1500+75');
INSERT INTO time_slot_tags VALUES('TR1600+110');
INSERT INTO time_slot_tags VALUES('TR1600+170');
INSERT INTO time_slot_tags VALUES('TR1630+100');
INSERT INTO time_slot_tags VALUES('TR1630+50');
INSERT INTO time_slot_tags VALUES('TR1630+75');
INSERT INTO time_slot_tags VALUES('TR1700+110');
INSERT INTO time_slot_tags VALUES('TR1800+100');
INSERT INTO time_slot_tags VALUES('TR1800+110');
INSERT INTO time_slot_tags VALUES('TR1800+75');
INSERT INTO time_slot_tags VALUES('TWRF0800+50');
INSERT INTO time_slot_tags VALUES('TWRF0900+50');
INSERT INTO time_slot_tags VALUES('TWRF1000+50');
INSERT INTO time_slot_tags VALUES('TWRF1100+50');
INSERT INTO time_slot_tags VALUES('TWRF1200+50');
INSERT INTO time_slot_tags VALUES('TWRF1300+50');
INSERT INTO time_slot_tags VALUES('TWRF1400+50');
INSERT INTO time_slot_tags VALUES('TWRF1500+50');
INSERT INTO time_slot_tags VALUES('W0800+110');
INSERT INTO time_slot_tags VALUES('W0800+170');
INSERT INTO time_slot_tags VALUES('W0800+50');
INSERT INTO time_slot_tags VALUES('W0900+110');
INSERT INTO time_slot_tags VALUES('W0900+170');
INSERT INTO time_slot_tags VALUES('W0900+50');
INSERT INTO time_slot_tags VALUES('W1000+110');
INSERT INTO time_slot_tags VALUES('W1000+170');
INSERT INTO time_slot_tags VALUES('W1000+50');
INSERT INTO time_slot_tags VALUES('W1030+75');
INSERT INTO time_slot_tags VALUES('W1100+110');
INSERT INTO time_slot_tags VALUES('W1100+170');
INSERT INTO time_slot_tags VALUES('W1100+50');
INSERT INTO time_slot_tags VALUES('W1200+110');
INSERT INTO time_slot_tags VALUES('W1200+170');
INSERT INTO time_slot_tags VALUES('W1200+50');
INSERT INTO time_slot_tags VALUES('W1300+110');
INSERT INTO time_slot_tags VALUES('W1300+170');
INSERT INTO time_slot_tags VALUES('W1330+170');
INSERT INTO time_slot_tags VALUES('W1400+110');
INSERT INTO time_slot_tags VALUES('W1400+170');
INSERT INTO time_slot_tags VALUES('W1500+110');
INSERT INTO time_slot_tags VALUES('W1500+170');
INSERT INTO time_slot_tags VALUES('W1600+110');
INSERT INTO time_slot_tags VALUES('W1600+170');
INSERT INTO time_slot_tags VALUES('W1630+150');
INSERT INTO time_slot_tags VALUES('W1700+110');
INSERT INTO time_slot_tags VALUES('W1700+170');
INSERT INTO time_slot_tags VALUES('W1715+110');
INSERT INTO time_slot_tags VALUES('W1800+110');
INSERT INTO time_slot_tags VALUES('W1800+150');
INSERT INTO time_slot_tags VALUES('W1800+50');
INSERT INTO time_slot_tags VALUES('W1900+110');
INSERT INTO time_slot_tags VALUES('W1930+170');
INSERT INTO time_slot_tags VALUES('WF0800+50');
INSERT INTO time_slot_tags VALUES('WF0900+50');
INSERT INTO time_slot_tags VALUES('WF1000+50');
INSERT INTO time_slot_tags VALUES('WF1100+50');
INSERT INTO time_slots_time_slot_tags VALUES('1 credit bell schedule','F0800+50');
INSERT INTO time_slots_time_slot_tags VALUES('1 credit bell schedule','F0900+50');
INSERT INTO time_slots_time_slot_tags VALUES('1 credit bell schedule','F1000+50');
INSERT INTO time_slots_time_slot_tags VALUES('1 credit bell schedule','F1100+50');
INSERT INTO time_slots_time_slot_tags VALUES('1 credit bell schedule','M0800+50');
INSERT INTO time_slots_time_slot_tags VALUES('1 credit bell schedule','M0900+50');
INSERT INTO time_slots_time_slot_tags VALUES('1 credit bell schedule','M1000+50');
INSERT INTO time_slots_time_slot_tags VALUES('1 credit bell schedule','M1100+50');
INSERT INTO time_slots_time_slot_tags VALUES('1 credit bell schedule','R0800+50');
INSERT INTO time_slots_time_slot_tags VALUES('1 credit bell schedule','R0900+50');
INSERT INTO time_slots_time_slot_tags VALUES('1 credit bell schedule','R1000+50');
INSERT INTO time_slots_time_slot_tags VALUES('1 credit bell schedule','R1100+50');
INSERT INTO time_slots_time_slot_tags VALUES('1 credit bell schedule','R1200+50');
INSERT INTO time_slots_time_slot_tags VALUES('1 credit bell schedule','T0800+50');
INSERT INTO time_slots_time_slot_tags VALUES('1 credit bell schedule','T0900+50');
INSERT INTO time_slots_time_slot_tags VALUES('1 credit bell schedule','T1000+50');
INSERT INTO time_slots_time_slot_tags VALUES('1 credit bell schedule','T1100+50');
INSERT INTO time_slots_time_slot_tags VALUES('1 credit bell schedule','T1200+50');
INSERT INTO time_slots_time_slot_tags VALUES('1 credit bell schedule','W0800+50');
INSERT INTO time_slots_time_slot_tags VALUES('1 credit bell schedule','W0900+50');
INSERT INTO time_slots_time_slot_tags VALUES('1 credit bell schedule','W1000+50');
INSERT INTO time_slots_time_slot_tags VALUES('1 credit bell schedule','W1100+50');
INSERT INTO time_slots_time_slot_tags VALUES('1 credit evening','R1800+50');
INSERT INTO time_slots_time_slot_tags VALUES('1 credit evening','T1800+50');
INSERT INTO time_slots_time_slot_tags VALUES('1 credit evening','W1800+50');
INSERT INTO time_slots_time_slot_tags VALUES('1 credit extended bell schedule','F0800+50');
INSERT INTO time_slots_time_slot_tags VALUES('1 credit extended bell schedule','F0900+50');
INSERT INTO time_slots_time_slot_tags VALUES('1 credit extended bell schedule','F1000+50');
INSERT INTO time_slots_time_slot_tags VALUES('1 credit extended bell schedule','F1100+50');
INSERT INTO time_slots_time_slot_tags VALUES('1 credit extended bell schedule','F1200+50');
INSERT INTO time_slots_time_slot_tags VALUES('1 credit extended bell schedule','M0800+50');
INSERT INTO time_slots_time_slot_tags VALUES('1 credit extended bell schedule','M0900+50');
INSERT INTO time_slots_time_slot_tags VALUES('1 credit extended bell schedule','M1000+50');
INSERT INTO time_slots_time_slot_tags VALUES('1 credit extended bell schedule','M1100+50');
INSERT INTO time_slots_time_slot_tags VALUES('1 credit extended bell schedule','M1200+50');
INSERT INTO time_slots_time_slot_tags VALUES('1 credit extended bell schedule','R0800+50');
INSERT INTO time_slots_time_slot_tags VALUES('1 credit extended bell schedule','R0900+50');
INSERT INTO time_slots_time_slot_tags VALUES('1 credit extended bell schedule','R1000+50');
INSERT INTO time_slots_time_slot_tags VALUES('1 credit extended bell schedule','R1030+50');
INSERT INTO time_slots_time_slot_tags VALUES('1 credit extended bell schedule','R1100+50');
INSERT INTO time_slots_time_slot_tags VALUES('1 credit extended bell schedule','R1200+50');
INSERT INTO time_slots_time_slot_tags VALUES('1 credit extended bell schedule','R1300+50');
INSERT INTO time_slots_time_slot_tags VALUES('1 credit extended bell schedule','R1400+50');
INSERT INTO time_slots_time_slot_tags VALUES('1 credit extended bell schedule','R1500+50');
INSERT INTO time_slots_time_slot_tags VALUES('1 credit extended bell schedule','R1600+50');
INSERT INTO time_slots_time_slot_tags VALUES('1 credit extended bell schedule','T0800+50');
INSERT INTO time_slots_time_slot_tags VALUES('1 credit extended bell schedule','T0900+50');
INSERT INTO time_slots_time_slot_tags VALUES('1 credit extended bell schedule','T1000+50');
INSERT INTO time_slots_time_slot_tags VALUES('1 credit extended bell schedule','T1030+50');
INSERT INTO time_slots_time_slot_tags VALUES('1 credit extended bell schedule','T1100+50');
INSERT INTO time_slots_time_slot_tags VALUES('1 credit extended bell schedule','T1200+50');
INSERT INTO time_slots_time_slot_tags VALUES('1 credit extended bell schedule','T1300+50');
INSERT INTO time_slots_time_slot_tags VALUES('1 credit extended bell schedule','T1400+50');
INSERT INTO time_slots_time_slot_tags VALUES('1 credit extended bell schedule','T1500+50');
INSERT INTO time_slots_time_slot_tags VALUES('1 credit extended bell schedule','T1600+50');
INSERT INTO time_slots_time_slot_tags VALUES('1 credit extended bell schedule','W0800+50');
INSERT INTO time_slots_time_slot_tags VALUES('1 credit extended bell schedule','W0900+50');
INSERT INTO time_slots_time_slot_tags VALUES('1 credit extended bell schedule','W1000+50');
INSERT INTO time_slots_time_slot_tags VALUES('1 credit extended bell schedule','W1100+50');
INSERT INTO time_slots_time_slot_tags VALUES('1 credit extended bell schedule','W1200+50');
INSERT INTO time_slots_time_slot_tags VALUES('1×150 evening','R1800+150');
INSERT INTO time_slots_time_slot_tags VALUES('1×150 evening','T1800+150');
INSERT INTO time_slots_time_slot_tags VALUES('1×150 evening','W1800+150');
INSERT INTO time_slots_time_slot_tags VALUES('2 credit lecture','MF0800+50');
INSERT INTO time_slots_time_slot_tags VALUES('2 credit lecture','MF0900+50');
INSERT INTO time_slots_time_slot_tags VALUES('2 credit lecture','MF1000+50');
INSERT INTO time_slots_time_slot_tags VALUES('2 credit lecture','MF1100+50');
INSERT INTO time_slots_time_slot_tags VALUES('2 credit lecture','MW0730+50');
INSERT INTO time_slots_time_slot_tags VALUES('2 credit lecture','MW0800+50');
INSERT INTO time_slots_time_slot_tags VALUES('2 credit lecture','MW0900+50');
INSERT INTO time_slots_time_slot_tags VALUES('2 credit lecture','MW1000+50');
INSERT INTO time_slots_time_slot_tags VALUES('2 credit lecture','MW1100+50');
INSERT INTO time_slots_time_slot_tags VALUES('2 credit lecture','MW1200+50');
INSERT INTO time_slots_time_slot_tags VALUES('2 credit lecture','MW1330+50');
INSERT INTO time_slots_time_slot_tags VALUES('2 credit lecture','MW1500+50');
INSERT INTO time_slots_time_slot_tags VALUES('2 credit lecture','MW1630+50');
INSERT INTO time_slots_time_slot_tags VALUES('2 credit lecture','TR0730+50');
INSERT INTO time_slots_time_slot_tags VALUES('2 credit lecture','TR0900+50');
INSERT INTO time_slots_time_slot_tags VALUES('2 credit lecture','TR1030+50');
INSERT INTO time_slots_time_slot_tags VALUES('2 credit lecture','TR1200+50');
INSERT INTO time_slots_time_slot_tags VALUES('2 credit lecture','TR1330+50');
INSERT INTO time_slots_time_slot_tags VALUES('2 credit lecture','TR1500+50');
INSERT INTO time_slots_time_slot_tags VALUES('2 credit lecture','TR1630+50');
INSERT INTO time_slots_time_slot_tags VALUES('2 credit lecture','WF0800+50');
INSERT INTO time_slots_time_slot_tags VALUES('2 credit lecture','WF0900+50');
INSERT INTO time_slots_time_slot_tags VALUES('2 credit lecture','WF1000+50');
INSERT INTO time_slots_time_slot_tags VALUES('2 credit lecture','WF1100+50');
INSERT INTO time_slots_time_slot_tags VALUES('2 hour lab M0800','M0800+110');
INSERT INTO time_slots_time_slot_tags VALUES('2 hour lab M0800','M1000+110');
INSERT INTO time_slots_time_slot_tags VALUES('2 hour lab M0800','M1200+110');
INSERT INTO time_slots_time_slot_tags VALUES('2 hour lab M0800','M1400+110');
INSERT INTO time_slots_time_slot_tags VALUES('2 hour lab M0800','M1600+110');
INSERT INTO time_slots_time_slot_tags VALUES('2 hour lab M0900','M0900+110');
INSERT INTO time_slots_time_slot_tags VALUES('2 hour lab M0900','M1100+110');
INSERT INTO time_slots_time_slot_tags VALUES('2 hour lab M0900','M1300+110');
INSERT INTO time_slots_time_slot_tags VALUES('2 hour lab M0900','M1500+110');
INSERT INTO time_slots_time_slot_tags VALUES('2 hour lab R0800','R0800+110');
INSERT INTO time_slots_time_slot_tags VALUES('2 hour lab R0800','R1000+110');
INSERT INTO time_slots_time_slot_tags VALUES('2 hour lab R0800','R1200+110');
INSERT INTO time_slots_time_slot_tags VALUES('2 hour lab R0800','R1400+110');
INSERT INTO time_slots_time_slot_tags VALUES('2 hour lab R0800','R1600+110');
INSERT INTO time_slots_time_slot_tags VALUES('2 hour lab R0900','R0900+110');
INSERT INTO time_slots_time_slot_tags VALUES('2 hour lab R0900','R1100+110');
INSERT INTO time_slots_time_slot_tags VALUES('2 hour lab R0900','R1300+110');
INSERT INTO time_slots_time_slot_tags VALUES('2 hour lab R0900','R1500+110');
INSERT INTO time_slots_time_slot_tags VALUES('2 hour lab T0800','T0800+110');
INSERT INTO time_slots_time_slot_tags VALUES('2 hour lab T0800','T1000+110');
INSERT INTO time_slots_time_slot_tags VALUES('2 hour lab T0800','T1200+110');
INSERT INTO time_slots_time_slot_tags VALUES('2 hour lab T0800','T1400+110');
INSERT INTO time_slots_time_slot_tags VALUES('2 hour lab T0800','T1600+110');
INSERT INTO time_slots_time_slot_tags VALUES('2 hour lab T0900','T0900+110');
INSERT INTO time_slots_time_slot_tags VALUES('2 hour lab T0900','T1100+110');
INSERT INTO time_slots_time_slot_tags VALUES('2 hour lab T0900','T1300+110');
INSERT INTO time_slots_time_slot_tags VALUES('2 hour lab T0900','T1500+110');
INSERT INTO time_slots_time_slot_tags VALUES('2 hour lab W0800','W0800+110');
INSERT INTO time_slots_time_slot_tags VALUES('2 hour lab W0800','W1000+110');
INSERT INTO time_slots_time_slot_tags VALUES('2 hour lab W0800','W1200+110');
INSERT INTO time_slots_time_slot_tags VALUES('2 hour lab W0800','W1400+110');
INSERT INTO time_slots_time_slot_tags VALUES('2 hour lab W0800','W1600+110');
INSERT INTO time_slots_time_slot_tags VALUES('2 hour lab W0900','W0900+110');
INSERT INTO time_slots_time_slot_tags VALUES('2 hour lab W0900','W1100+110');
INSERT INTO time_slots_time_slot_tags VALUES('2 hour lab W0900','W1300+110');
INSERT INTO time_slots_time_slot_tags VALUES('2 hour lab W0900','W1500+110');
INSERT INTO time_slots_time_slot_tags VALUES('2×75 bell schedule','MW0730+75');
INSERT INTO time_slots_time_slot_tags VALUES('2×75 bell schedule','MW1200+75');
INSERT INTO time_slots_time_slot_tags VALUES('2×75 bell schedule','MW1330+75');
INSERT INTO time_slots_time_slot_tags VALUES('2×75 bell schedule','MW1500+75');
INSERT INTO time_slots_time_slot_tags VALUES('2×75 bell schedule','MW1630+75');
INSERT INTO time_slots_time_slot_tags VALUES('2×75 bell schedule','TR0730+75');
INSERT INTO time_slots_time_slot_tags VALUES('2×75 bell schedule','TR0900+75');
INSERT INTO time_slots_time_slot_tags VALUES('2×75 bell schedule','TR1030+75');
INSERT INTO time_slots_time_slot_tags VALUES('2×75 bell schedule','TR1200+75');
INSERT INTO time_slots_time_slot_tags VALUES('2×75 bell schedule','TR1330+75');
INSERT INTO time_slots_time_slot_tags VALUES('2×75 bell schedule','TR1500+75');
INSERT INTO time_slots_time_slot_tags VALUES('2×75 bell schedule','TR1630+75');
INSERT INTO time_slots_time_slot_tags VALUES('3 credit bell schedule','MW0730+75');
INSERT INTO time_slots_time_slot_tags VALUES('3 credit bell schedule','MW1200+75');
INSERT INTO time_slots_time_slot_tags VALUES('3 credit bell schedule','MW1330+75');
INSERT INTO time_slots_time_slot_tags VALUES('3 credit bell schedule','MW1500+75');
INSERT INTO time_slots_time_slot_tags VALUES('3 credit bell schedule','MW1630+75');
INSERT INTO time_slots_time_slot_tags VALUES('3 credit bell schedule','MWF0800+50');
INSERT INTO time_slots_time_slot_tags VALUES('3 credit bell schedule','MWF0900+50');
INSERT INTO time_slots_time_slot_tags VALUES('3 credit bell schedule','MWF1000+50');
INSERT INTO time_slots_time_slot_tags VALUES('3 credit bell schedule','MWF1100+50');
INSERT INTO time_slots_time_slot_tags VALUES('3 credit bell schedule','TR0730+75');
INSERT INTO time_slots_time_slot_tags VALUES('3 credit bell schedule','TR0900+75');
INSERT INTO time_slots_time_slot_tags VALUES('3 credit bell schedule','TR1030+75');
INSERT INTO time_slots_time_slot_tags VALUES('3 credit bell schedule','TR1200+75');
INSERT INTO time_slots_time_slot_tags VALUES('3 credit bell schedule','TR1330+75');
INSERT INTO time_slots_time_slot_tags VALUES('3 credit bell schedule','TR1500+75');
INSERT INTO time_slots_time_slot_tags VALUES('3 credit bell schedule','TR1630+75');
INSERT INTO time_slots_time_slot_tags VALUES('3 hour lab M0800','M1100+170');
INSERT INTO time_slots_time_slot_tags VALUES('3 hour lab M1000','M1300+170');
INSERT INTO time_slots_time_slot_tags VALUES('3 hour lab R0800','R0800+170');
INSERT INTO time_slots_time_slot_tags VALUES('3 hour lab R0800','R1100+170');
INSERT INTO time_slots_time_slot_tags VALUES('3 hour lab R0800','R1400+170');
INSERT INTO time_slots_time_slot_tags VALUES('3 hour lab R0900','R0900+170');
INSERT INTO time_slots_time_slot_tags VALUES('3 hour lab R0900','R1200+170');
INSERT INTO time_slots_time_slot_tags VALUES('3 hour lab R0900','R1500+170');
INSERT INTO time_slots_time_slot_tags VALUES('3 hour lab R1000','R1000+170');
INSERT INTO time_slots_time_slot_tags VALUES('3 hour lab R1000','R1300+170');
INSERT INTO time_slots_time_slot_tags VALUES('3 hour lab T0800','T0800+170');
INSERT INTO time_slots_time_slot_tags VALUES('3 hour lab T0800','T1100+170');
INSERT INTO time_slots_time_slot_tags VALUES('3 hour lab T0800','T1400+170');
INSERT INTO time_slots_time_slot_tags VALUES('3 hour lab T0900','T0900+170');
INSERT INTO time_slots_time_slot_tags VALUES('3 hour lab T0900','T1200+170');
INSERT INTO time_slots_time_slot_tags VALUES('3 hour lab T0900','T1500+170');
INSERT INTO time_slots_time_slot_tags VALUES('3 hour lab T1000','T1000+170');
INSERT INTO time_slots_time_slot_tags VALUES('3 hour lab T1000','T1300+170');
INSERT INTO time_slots_time_slot_tags VALUES('3 hour lab W0800','W0800+170');
INSERT INTO time_slots_time_slot_tags VALUES('3 hour lab W0800','W1100+170');
INSERT INTO time_slots_time_slot_tags VALUES('3 hour lab W0800','W1400+170');
INSERT INTO time_slots_time_slot_tags VALUES('3 hour lab W0900','W0900+170');
INSERT INTO time_slots_time_slot_tags VALUES('3 hour lab W0900','W1200+170');
INSERT INTO time_slots_time_slot_tags VALUES('3 hour lab W0900','W1500+170');
INSERT INTO time_slots_time_slot_tags VALUES('3 hour lab W1000','W1000+170');
INSERT INTO time_slots_time_slot_tags VALUES('3 hour lab W1000','W1300+170');
INSERT INTO time_slots_time_slot_tags VALUES('4 credit 2×100 bell schedule','MW1300+100');
INSERT INTO time_slots_time_slot_tags VALUES('4 credit 2×100 bell schedule','MW1500+100');
INSERT INTO time_slots_time_slot_tags VALUES('4 credit 2×100 bell schedule','TR1300+100');
INSERT INTO time_slots_time_slot_tags VALUES('4 credit 2×100 bell schedule','TR1500+100');
INSERT INTO time_slots_time_slot_tags VALUES('4 credit 4×50 bell schedule','MTRF0800+50');
INSERT INTO time_slots_time_slot_tags VALUES('4 credit 4×50 bell schedule','MTRF0900+50');
INSERT INTO time_slots_time_slot_tags VALUES('4 credit 4×50 bell schedule','MTRF1000+50');
INSERT INTO time_slots_time_slot_tags VALUES('4 credit 4×50 bell schedule','MTRF1100+50');
INSERT INTO time_slots_time_slot_tags VALUES('4 credit 4×50 bell schedule','MTRF1200+50');
INSERT INTO time_slots_time_slot_tags VALUES('4 credit 4×50 bell schedule','MTWF0800+50');
INSERT INTO time_slots_time_slot_tags VALUES('4 credit 4×50 bell schedule','MTWF0900+50');
INSERT INTO time_slots_time_slot_tags VALUES('4 credit 4×50 bell schedule','MTWF1000+50');
INSERT INTO time_slots_time_slot_tags VALUES('4 credit 4×50 bell schedule','MTWF1100+50');
INSERT INTO time_slots_time_slot_tags VALUES('4 credit 4×50 bell schedule','MTWF1200+50');
INSERT INTO time_slots_time_slot_tags VALUES('4 credit 4×50 bell schedule','MTWR0800+50');
INSERT INTO time_slots_time_slot_tags VALUES('4 credit 4×50 bell schedule','MTWR0900+50');
INSERT INTO time_slots_time_slot_tags VALUES('4 credit 4×50 bell schedule','MTWR1000+50');
INSERT INTO time_slots_time_slot_tags VALUES('4 credit 4×50 bell schedule','MTWR1100+50');
INSERT INTO time_slots_time_slot_tags VALUES('4 credit 4×50 bell schedule','MTWR1200+50');
INSERT INTO time_slots_time_slot_tags VALUES('4 credit 4×50 bell schedule','MWRF0800+50');
INSERT INTO time_slots_time_slot_tags VALUES('4 credit 4×50 bell schedule','MWRF0900+50');
INSERT INTO time_slots_time_slot_tags VALUES('4 credit 4×50 bell schedule','MWRF1000+50');
INSERT INTO time_slots_time_slot_tags VALUES('4 credit 4×50 bell schedule','MWRF1100+50');
INSERT INTO time_slots_time_slot_tags VALUES('4 credit 4×50 bell schedule','MWRF1200+50');
INSERT INTO time_slots_time_slot_tags VALUES('4 credit 4×50 bell schedule','TWRF0800+50');
INSERT INTO time_slots_time_slot_tags VALUES('4 credit 4×50 bell schedule','TWRF0900+50');
INSERT INTO time_slots_time_slot_tags VALUES('4 credit 4×50 bell schedule','TWRF1000+50');
INSERT INTO time_slots_time_slot_tags VALUES('4 credit 4×50 bell schedule','TWRF1100+50');
INSERT INTO time_slots_time_slot_tags VALUES('4 credit 4×50 bell schedule','TWRF1200+50');
INSERT INTO time_slots_time_slot_tags VALUES('4 credit 4×50 extended bell schedule','MTRF0800+50');
INSERT INTO time_slots_time_slot_tags VALUES('4 credit 4×50 extended bell schedule','MTRF0900+50');
INSERT INTO time_slots_time_slot_tags VALUES('4 credit 4×50 extended bell schedule','MTRF1000+50');
INSERT INTO time_slots_time_slot_tags VALUES('4 credit 4×50 extended bell schedule','MTRF1100+50');
INSERT INTO time_slots_time_slot_tags VALUES('4 credit 4×50 extended bell schedule','MTRF1200+50');
INSERT INTO time_slots_time_slot_tags VALUES('4 credit 4×50 extended bell schedule','MTRF1300+50');
INSERT INTO time_slots_time_slot_tags VALUES('4 credit 4×50 extended bell schedule','MTRF1400+50');
INSERT INTO time_slots_time_slot_tags VALUES('4 credit 4×50 extended bell schedule','MTRF1500+50');
INSERT INTO time_slots_time_slot_tags VALUES('4 credit 4×50 extended bell schedule','MTWF0800+50');
INSERT INTO time_slots_time_slot_tags VALUES('4 credit 4×50 extended bell schedule','MTWF0900+50');
INSERT INTO time_slots_time_slot_tags VALUES('4 credit 4×50 extended bell schedule','MTWF1000+50');
INSERT INTO time_slots_time_slot_tags VALUES('4 credit 4×50 extended bell schedule','MTWF1100+50');
INSERT INTO time_slots_time_slot_tags VALUES('4 credit 4×50 extended bell schedule','MTWF1200+50');
INSERT INTO time_slots_time_slot_tags VALUES('4 credit 4×50 extended bell schedule','MTWF1300+50');
INSERT INTO time_slots_time_slot_tags VALUES('4 credit 4×50 extended bell schedule','MTWF1400+50');
INSERT INTO time_slots_time_slot_tags VALUES('4 credit 4×50 extended bell schedule','MTWF1500+50');
INSERT INTO time_slots_time_slot_tags VALUES('4 credit 4×50 extended bell schedule','MTWR0800+50');
INSERT INTO time_slots_time_slot_tags VALUES('4 credit 4×50 extended bell schedule','MTWR0900+50');
INSERT INTO time_slots_time_slot_tags VALUES('4 credit 4×50 extended bell schedule','MTWR1000+50');
INSERT INTO time_slots_time_slot_tags VALUES('4 credit 4×50 extended bell schedule','MTWR1100+50');
INSERT INTO time_slots_time_slot_tags VALUES('4 credit 4×50 extended bell schedule','MTWR1200+50');
INSERT INTO time_slots_time_slot_tags VALUES('4 credit 4×50 extended bell schedule','MTWR1300+50');
INSERT INTO time_slots_time_slot_tags VALUES('4 credit 4×50 extended bell schedule','MTWR1400+50');
INSERT INTO time_slots_time_slot_tags VALUES('4 credit 4×50 extended bell schedule','MTWR1500+50');
INSERT INTO time_slots_time_slot_tags VALUES('4 credit 4×50 extended bell schedule','MWRF0800+50');
INSERT INTO time_slots_time_slot_tags VALUES('4 credit 4×50 extended bell schedule','MWRF0900+50');
INSERT INTO time_slots_time_slot_tags VALUES('4 credit 4×50 extended bell schedule','MWRF1000+50');
INSERT INTO time_slots_time_slot_tags VALUES('4 credit 4×50 extended bell schedule','MWRF1100+50');
INSERT INTO time_slots_time_slot_tags VALUES('4 credit 4×50 extended bell schedule','MWRF1200+50');
INSERT INTO time_slots_time_slot_tags VALUES('4 credit 4×50 extended bell schedule','MWRF1300+50');
INSERT INTO time_slots_time_slot_tags VALUES('4 credit 4×50 extended bell schedule','MWRF1400+50');
INSERT INTO time_slots_time_slot_tags VALUES('4 credit 4×50 extended bell schedule','MWRF1500+50');
INSERT INTO time_slots_time_slot_tags VALUES('4 credit 4×50 extended bell schedule','TWRF0800+50');
INSERT INTO time_slots_time_slot_tags VALUES('4 credit 4×50 extended bell schedule','TWRF0900+50');
INSERT INTO time_slots_time_slot_tags VALUES('4 credit 4×50 extended bell schedule','TWRF1000+50');
INSERT INTO time_slots_time_slot_tags VALUES('4 credit 4×50 extended bell schedule','TWRF1100+50');
INSERT INTO time_slots_time_slot_tags VALUES('4 credit 4×50 extended bell schedule','TWRF1200+50');
INSERT INTO time_slots_time_slot_tags VALUES('4 credit 4×50 extended bell schedule','TWRF1300+50');
INSERT INTO time_slots_time_slot_tags VALUES('4 credit 4×50 extended bell schedule','TWRF1400+50');
INSERT INTO time_slots_time_slot_tags VALUES('4 credit 4×50 extended bell schedule','TWRF1500+50');
INSERT INTO time_slots_time_slot_tags VALUES('4 credit bell schedule','MTRF0800+50');
INSERT INTO time_slots_time_slot_tags VALUES('4 credit bell schedule','MTRF0900+50');
INSERT INTO time_slots_time_slot_tags VALUES('4 credit bell schedule','MTRF1000+50');
INSERT INTO time_slots_time_slot_tags VALUES('4 credit bell schedule','MTRF1100+50');
INSERT INTO time_slots_time_slot_tags VALUES('4 credit bell schedule','MTRF1200+50');
INSERT INTO time_slots_time_slot_tags VALUES('4 credit bell schedule','MTWF0800+50');
INSERT INTO time_slots_time_slot_tags VALUES('4 credit bell schedule','MTWF0900+50');
INSERT INTO time_slots_time_slot_tags VALUES('4 credit bell schedule','MTWF1000+50');
INSERT INTO time_slots_time_slot_tags VALUES('4 credit bell schedule','MTWF1100+50');
INSERT INTO time_slots_time_slot_tags VALUES('4 credit bell schedule','MTWF1200+50');
INSERT INTO time_slots_time_slot_tags VALUES('4 credit bell schedule','MTWR0800+50');
INSERT INTO time_slots_time_slot_tags VALUES('4 credit bell schedule','MTWR0900+50');
INSERT INTO time_slots_time_slot_tags VALUES('4 credit bell schedule','MTWR1000+50');
INSERT INTO time_slots_time_slot_tags VALUES('4 credit bell schedule','MTWR1100+50');
INSERT INTO time_slots_time_slot_tags VALUES('4 credit bell schedule','MTWR1200+50');
INSERT INTO time_slots_time_slot_tags VALUES('4 credit bell schedule','MW1300+100');
INSERT INTO time_slots_time_slot_tags VALUES('4 credit bell schedule','MW1500+100');
INSERT INTO time_slots_time_slot_tags VALUES('4 credit bell schedule','MWRF0800+50');
INSERT INTO time_slots_time_slot_tags VALUES('4 credit bell schedule','MWRF0900+50');
INSERT INTO time_slots_time_slot_tags VALUES('4 credit bell schedule','MWRF1000+50');
INSERT INTO time_slots_time_slot_tags VALUES('4 credit bell schedule','MWRF1100+50');
INSERT INTO time_slots_time_slot_tags VALUES('4 credit bell schedule','MWRF1200+50');
INSERT INTO time_slots_time_slot_tags VALUES('4 credit bell schedule','TR1300+100');
INSERT INTO time_slots_time_slot_tags VALUES('4 credit bell schedule','TR1500+100');
INSERT INTO time_slots_time_slot_tags VALUES('4 credit bell schedule','TWRF0800+50');
INSERT INTO time_slots_time_slot_tags VALUES('4 credit bell schedule','TWRF0900+50');
INSERT INTO time_slots_time_slot_tags VALUES('4 credit bell schedule','TWRF1000+50');
INSERT INTO time_slots_time_slot_tags VALUES('4 credit bell schedule','TWRF1100+50');
INSERT INTO time_slots_time_slot_tags VALUES('4 credit bell schedule','TWRF1200+50');
INSERT INTO time_slots_time_slot_tags VALUES('4 hour lab MW0800','MW0800+110');
INSERT INTO time_slots_time_slot_tags VALUES('4 hour lab MW0800','MW1000+110');
INSERT INTO time_slots_time_slot_tags VALUES('4 hour lab MW0800','MW1200+110');
INSERT INTO time_slots_time_slot_tags VALUES('4 hour lab MW0800','MW1400+110');
INSERT INTO time_slots_time_slot_tags VALUES('4 hour lab MW0800','MW1600+110');
INSERT INTO time_slots_time_slot_tags VALUES('4 hour lab MW0900','MW0900+110');
INSERT INTO time_slots_time_slot_tags VALUES('4 hour lab MW0900','MW1100+110');
INSERT INTO time_slots_time_slot_tags VALUES('4 hour lab MW0900','MW1300+110');
INSERT INTO time_slots_time_slot_tags VALUES('4 hour lab MW0900','MW1500+110');
INSERT INTO time_slots_time_slot_tags VALUES('4 hour lab TR0800','TR0800+110');
INSERT INTO time_slots_time_slot_tags VALUES('4 hour lab TR0800','TR1000+110');
INSERT INTO time_slots_time_slot_tags VALUES('4 hour lab TR0800','TR1200+110');
INSERT INTO time_slots_time_slot_tags VALUES('4 hour lab TR0800','TR1400+110');
INSERT INTO time_slots_time_slot_tags VALUES('4 hour lab TR0800','TR1600+110');
INSERT INTO time_slots_time_slot_tags VALUES('4 hour lab TR0900','TR0900+110');
INSERT INTO time_slots_time_slot_tags VALUES('4 hour lab TR0900','TR1100+110');
INSERT INTO time_slots_time_slot_tags VALUES('4 hour lab TR0900','TR1300+110');
INSERT INTO time_slots_time_slot_tags VALUES('4 hour lab TR0900','TR1500+110');
INSERT INTO time_slots_time_slot_tags VALUES('5 credit bell schedule','MTWRF0800+50');
INSERT INTO time_slots_time_slot_tags VALUES('5 credit bell schedule','MTWRF0900+50');
INSERT INTO time_slots_time_slot_tags VALUES('5 credit bell schedule','MTWRF1000+50');
INSERT INTO time_slots_time_slot_tags VALUES('5 credit bell schedule','MTWRF1100+50');
INSERT INTO time_slots_time_slot_tags VALUES('5 credit bell schedule','MTWRF1200+50');
INSERT INTO time_slots_time_slot_tags VALUES('5 credit extended bell schedule','MTWRF0800+50');
INSERT INTO time_slots_time_slot_tags VALUES('5 credit extended bell schedule','MTWRF0900+50');
INSERT INTO time_slots_time_slot_tags VALUES('5 credit extended bell schedule','MTWRF1000+50');
INSERT INTO time_slots_time_slot_tags VALUES('5 credit extended bell schedule','MTWRF1100+50');
INSERT INTO time_slots_time_slot_tags VALUES('5 credit extended bell schedule','MTWRF1200+50');
INSERT INTO time_slots_time_slot_tags VALUES('5 credit extended bell schedule','MTWRF1300+50');
INSERT INTO time_slots_time_slot_tags VALUES('5 credit extended bell schedule','MTWRF1400+50');
INSERT INTO time_slots_time_slot_tags VALUES('5 credit extended bell schedule','MTWRF1500+50');
INSERT INTO time_slots_time_slot_tags VALUES('5 credit extended bell schedule','MTWRF1600+50');
INSERT INTO time_slots_time_slot_tags VALUES('F0800+110','F0800+110');
INSERT INTO time_slots_time_slot_tags VALUES('F0800+115','F0800+115');
INSERT INTO time_slots_time_slot_tags VALUES('F0800+170','F0800+170');
INSERT INTO time_slots_time_slot_tags VALUES('F0800+50','F0800+50');
INSERT INTO time_slots_time_slot_tags VALUES('F0900+110','F0900+110');
INSERT INTO time_slots_time_slot_tags VALUES('F0900+50','F0900+50');
INSERT INTO time_slots_time_slot_tags VALUES('F1000+110','F1000+110');
INSERT INTO time_slots_time_slot_tags VALUES('F1000+50','F1000+50');
INSERT INTO time_slots_time_slot_tags VALUES('F1100+110','F1100+110');
INSERT INTO time_slots_time_slot_tags VALUES('F1100+170','F1100+170');
INSERT INTO time_slots_time_slot_tags VALUES('F1100+50','F1100+50');
INSERT INTO time_slots_time_slot_tags VALUES('F1200+110','F1200+110');
INSERT INTO time_slots_time_slot_tags VALUES('F1200+50','F1200+50');
INSERT INTO time_slots_time_slot_tags VALUES('F1300+110','F1300+110');
INSERT INTO time_slots_time_slot_tags VALUES('F1300+50','F1300+50');
INSERT INTO time_slots_time_slot_tags VALUES('F1330+170','F1330+170');
INSERT INTO time_slots_time_slot_tags VALUES('F1400+170','F1400+170');
INSERT INTO time_slots_time_slot_tags VALUES('M0800+110','M0800+110');
INSERT INTO time_slots_time_slot_tags VALUES('M0800+50','M0800+50');
INSERT INTO time_slots_time_slot_tags VALUES('M0900+110','M0900+110');
INSERT INTO time_slots_time_slot_tags VALUES('M0900+50','M0900+50');
INSERT INTO time_slots_time_slot_tags VALUES('M1000+110','M1000+110');
INSERT INTO time_slots_time_slot_tags VALUES('M1000+50','M1000+50');
INSERT INTO time_slots_time_slot_tags VALUES('M1030+75','M1030+75');
INSERT INTO time_slots_time_slot_tags VALUES('M1100+110','M1100+110');
INSERT INTO time_slots_time_slot_tags VALUES('M1100+170','M1100+170');
INSERT INTO time_slots_time_slot_tags VALUES('M1100+50','M1100+50');
INSERT INTO time_slots_time_slot_tags VALUES('M1200+110','M1200+110');
INSERT INTO time_slots_time_slot_tags VALUES('M1200+50','M1200+50');
INSERT INTO time_slots_time_slot_tags VALUES('M1300+110','M1300+110');
INSERT INTO time_slots_time_slot_tags VALUES('M1300+170','M1300+170');
INSERT INTO time_slots_time_slot_tags VALUES('M1400+110','M1400+110');
INSERT INTO time_slots_time_slot_tags VALUES('M1400+180','M1400+180');
INSERT INTO time_slots_time_slot_tags VALUES('M1500+110','M1500+110');
INSERT INTO time_slots_time_slot_tags VALUES('M1600+110','M1600+110');
INSERT INTO time_slots_time_slot_tags VALUES('M1700+110','M1700+110');
INSERT INTO time_slots_time_slot_tags VALUES('M1930+170','M1930+170');
INSERT INTO time_slots_time_slot_tags VALUES('MF0800+50','MF0800+50');
INSERT INTO time_slots_time_slot_tags VALUES('MF0900+50','MF0900+50');
INSERT INTO time_slots_time_slot_tags VALUES('MF1000+50','MF1000+50');
INSERT INTO time_slots_time_slot_tags VALUES('MF1100+50','MF1100+50');
INSERT INTO time_slots_time_slot_tags VALUES('MR1100+110','MR1100+110');
INSERT INTO time_slots_time_slot_tags VALUES('MTRF0800+50','MTRF0800+50');
INSERT INTO time_slots_time_slot_tags VALUES('MTRF0900+50','MTRF0900+50');
INSERT INTO time_slots_time_slot_tags VALUES('MTRF1000+50','MTRF1000+50');
INSERT INTO time_slots_time_slot_tags VALUES('MTRF1100+50','MTRF1100+50');
INSERT INTO time_slots_time_slot_tags VALUES('MTRF1200+50','MTRF1200+50');
INSERT INTO time_slots_time_slot_tags VALUES('MTRF1300+50','MTRF1300+50');
INSERT INTO time_slots_time_slot_tags VALUES('MTRF1400+50','MTRF1400+50');
INSERT INTO time_slots_time_slot_tags VALUES('MTRF1500+50','MTRF1500+50');
INSERT INTO time_slots_time_slot_tags VALUES('MTWF0800+50','MTWF0800+50');
INSERT INTO time_slots_time_slot_tags VALUES('MTWF0900+50','MTWF0900+50');
INSERT INTO time_slots_time_slot_tags VALUES('MTWF1000+50','MTWF1000+50');
INSERT INTO time_slots_time_slot_tags VALUES('MTWF1100+50','MTWF1100+50');
INSERT INTO time_slots_time_slot_tags VALUES('MTWF1200+50','MTWF1200+50');
INSERT INTO time_slots_time_slot_tags VALUES('MTWF1300+50','MTWF1300+50');
INSERT INTO time_slots_time_slot_tags VALUES('MTWF1400+50','MTWF1400+50');
INSERT INTO time_slots_time_slot_tags VALUES('MTWF1500+50','MTWF1500+50');
INSERT INTO time_slots_time_slot_tags VALUES('MTWR0800+50','MTWR0800+50');
INSERT INTO time_slots_time_slot_tags VALUES('MTWR0900+50','MTWR0900+50');
INSERT INTO time_slots_time_slot_tags VALUES('MTWR1000+50','MTWR1000+50');
INSERT INTO time_slots_time_slot_tags VALUES('MTWR1100+50','MTWR1100+50');
INSERT INTO time_slots_time_slot_tags VALUES('MTWR1200+50','MTWR1200+50');
INSERT INTO time_slots_time_slot_tags VALUES('MTWR1300+50','MTWR1300+50');
INSERT INTO time_slots_time_slot_tags VALUES('MTWR1400+50','MTWR1400+50');
INSERT INTO time_slots_time_slot_tags VALUES('MTWR1500+50','MTWR1500+50');
INSERT INTO time_slots_time_slot_tags VALUES('MTWRF0800+50','MTWRF0800+50');
INSERT INTO time_slots_time_slot_tags VALUES('MTWRF0900+50','MTWRF0900+50');
INSERT INTO time_slots_time_slot_tags VALUES('MTWRF1000+50','MTWRF1000+50');
INSERT INTO time_slots_time_slot_tags VALUES('MTWRF1100+50','MTWRF1100+50');
INSERT INTO time_slots_time_slot_tags VALUES('MTWRF1200+50','MTWRF1200+50');
INSERT INTO time_slots_time_slot_tags VALUES('MTWRF1300+50','MTWRF1300+50');
INSERT INTO time_slots_time_slot_tags VALUES('MTWRF1400+50','MTWRF1400+50');
INSERT INTO time_slots_time_slot_tags VALUES('MTWRF1500+50','MTWRF1500+50');
INSERT INTO time_slots_time_slot_tags VALUES('MTWRF1600+50','MTWRF1600+50');
INSERT INTO time_slots_time_slot_tags VALUES('MW 2×75 bell schedule','MW0730+75');
INSERT INTO time_slots_time_slot_tags VALUES('MW 2×75 bell schedule','MW1200+75');
INSERT INTO time_slots_time_slot_tags VALUES('MW 2×75 bell schedule','MW1330+75');
INSERT INTO time_slots_time_slot_tags VALUES('MW 2×75 bell schedule','MW1500+75');
INSERT INTO time_slots_time_slot_tags VALUES('MW 2×75 bell schedule','MW1630+75');
INSERT INTO time_slots_time_slot_tags VALUES('MW0600+110','MW0600+110');
INSERT INTO time_slots_time_slot_tags VALUES('MW0730+50','MW0730+50');
INSERT INTO time_slots_time_slot_tags VALUES('MW0730+75','MW0730+75');
INSERT INTO time_slots_time_slot_tags VALUES('MW0800+110','MW0800+110');
INSERT INTO time_slots_time_slot_tags VALUES('MW0800+50','MW0800+50');
INSERT INTO time_slots_time_slot_tags VALUES('MW0900+110','MW0900+110');
INSERT INTO time_slots_time_slot_tags VALUES('MW0900+50','MW0900+50');
INSERT INTO time_slots_time_slot_tags VALUES('MW1000+110','MW1000+110');
INSERT INTO time_slots_time_slot_tags VALUES('MW1000+50','MW1000+50');
INSERT INTO time_slots_time_slot_tags VALUES('MW1100+110','MW1100+110');
INSERT INTO time_slots_time_slot_tags VALUES('MW1100+50','MW1100+50');
INSERT INTO time_slots_time_slot_tags VALUES('MW1200+110','MW1200+110');
INSERT INTO time_slots_time_slot_tags VALUES('MW1200+50','MW1200+50');
INSERT INTO time_slots_time_slot_tags VALUES('MW1200+75','MW1200+75');
INSERT INTO time_slots_time_slot_tags VALUES('MW1300+100','MW1300+100');
INSERT INTO time_slots_time_slot_tags VALUES('MW1300+110','MW1300+110');
INSERT INTO time_slots_time_slot_tags VALUES('MW1330+50','MW1330+50');
INSERT INTO time_slots_time_slot_tags VALUES('MW1330+75','MW1330+75');
INSERT INTO time_slots_time_slot_tags VALUES('MW1400+110','MW1400+110');
INSERT INTO time_slots_time_slot_tags VALUES('MW1500+100','MW1500+100');
INSERT INTO time_slots_time_slot_tags VALUES('MW1500+110','MW1500+110');
INSERT INTO time_slots_time_slot_tags VALUES('MW1500+170','MW1500+170');
INSERT INTO time_slots_time_slot_tags VALUES('MW1500+50','MW1500+50');
INSERT INTO time_slots_time_slot_tags VALUES('MW1500+75','MW1500+75');
INSERT INTO time_slots_time_slot_tags VALUES('MW1530+75','MW1530+75');
INSERT INTO time_slots_time_slot_tags VALUES('MW1600+100','MW1600+100');
INSERT INTO time_slots_time_slot_tags VALUES('MW1600+110','MW1600+110');
INSERT INTO time_slots_time_slot_tags VALUES('MW1630+100','MW1630+100');
INSERT INTO time_slots_time_slot_tags VALUES('MW1630+50','MW1630+50');
INSERT INTO time_slots_time_slot_tags VALUES('MW1630+75','MW1630+75');
INSERT INTO time_slots_time_slot_tags VALUES('MW1645+75','MW1645+75');
INSERT INTO time_slots_time_slot_tags VALUES('MW1700+110','MW1700+110');
INSERT INTO time_slots_time_slot_tags VALUES('MW1800+100','MW1800+100');
INSERT INTO time_slots_time_slot_tags VALUES('MW1800+110','MW1800+110');
INSERT INTO time_slots_time_slot_tags VALUES('MW1800+75','MW1800+75');
INSERT INTO time_slots_time_slot_tags VALUES('MWF 3×50 bell schedule','MWF0800+50');
INSERT INTO time_slots_time_slot_tags VALUES('MWF 3×50 bell schedule','MWF0900+50');
INSERT INTO time_slots_time_slot_tags VALUES('MWF 3×50 bell schedule','MWF1000+50');
INSERT INTO time_slots_time_slot_tags VALUES('MWF 3×50 bell schedule','MWF1100+50');
INSERT INTO time_slots_time_slot_tags VALUES('MWF0800+50','MWF0800+50');
INSERT INTO time_slots_time_slot_tags VALUES('MWF0900+50','MWF0900+50');
INSERT INTO time_slots_time_slot_tags VALUES('MWF1000+50','MWF1000+50');
INSERT INTO time_slots_time_slot_tags VALUES('MWF1100+50','MWF1100+50');
INSERT INTO time_slots_time_slot_tags VALUES('MWF1200+50','MWF1200+50');
INSERT INTO time_slots_time_slot_tags VALUES('MWF1330+180','MWF1330+180');
INSERT INTO time_slots_time_slot_tags VALUES('MWRF0800+50','MWRF0800+50');
INSERT INTO time_slots_time_slot_tags VALUES('MWRF0900+50','MWRF0900+50');
INSERT INTO time_slots_time_slot_tags VALUES('MWRF1000+50','MWRF1000+50');
INSERT INTO time_slots_time_slot_tags VALUES('MWRF1100+50','MWRF1100+50');
INSERT INTO time_slots_time_slot_tags VALUES('MWRF1200+50','MWRF1200+50');
INSERT INTO time_slots_time_slot_tags VALUES('MWRF1300+50','MWRF1300+50');
INSERT INTO time_slots_time_slot_tags VALUES('MWRF1400+50','MWRF1400+50');
INSERT INTO time_slots_time_slot_tags VALUES('MWRF1500+50','MWRF1500+50');
INSERT INTO time_slots_time_slot_tags VALUES('R0800+110','R0800+110');
INSERT INTO time_slots_time_slot_tags VALUES('R0800+170','R0800+170');
INSERT INTO time_slots_time_slot_tags VALUES('R0800+50','R0800+50');
INSERT INTO time_slots_time_slot_tags VALUES('R0900+110','R0900+110');
INSERT INTO time_slots_time_slot_tags VALUES('R0900+170','R0900+170');
INSERT INTO time_slots_time_slot_tags VALUES('R0900+50','R0900+50');
INSERT INTO time_slots_time_slot_tags VALUES('R0900+75','R0900+75');
INSERT INTO time_slots_time_slot_tags VALUES('R1000+110','R1000+110');
INSERT INTO time_slots_time_slot_tags VALUES('R1000+170','R1000+170');
INSERT INTO time_slots_time_slot_tags VALUES('R1000+50','R1000+50');
INSERT INTO time_slots_time_slot_tags VALUES('R1030+50','R1030+50');
INSERT INTO time_slots_time_slot_tags VALUES('R1100+110','R1100+110');
INSERT INTO time_slots_time_slot_tags VALUES('R1100+170','R1100+170');
INSERT INTO time_slots_time_slot_tags VALUES('R1100+50','R1100+50');
INSERT INTO time_slots_time_slot_tags VALUES('R1200+110','R1200+110');
INSERT INTO time_slots_time_slot_tags VALUES('R1200+135','R1200+135');
INSERT INTO time_slots_time_slot_tags VALUES('R1200+170','R1200+170');
INSERT INTO time_slots_time_slot_tags VALUES('R1200+50','R1200+50');
INSERT INTO time_slots_time_slot_tags VALUES('R1300+110','R1300+110');
INSERT INTO time_slots_time_slot_tags VALUES('R1300+170','R1300+170');
INSERT INTO time_slots_time_slot_tags VALUES('R1300+50','R1300+50');
INSERT INTO time_slots_time_slot_tags VALUES('R1330+165','R1330+165');
INSERT INTO time_slots_time_slot_tags VALUES('R1330+75','R1330+75');
INSERT INTO time_slots_time_slot_tags VALUES('R1400+110','R1400+110');
INSERT INTO time_slots_time_slot_tags VALUES('R1400+170','R1400+170');
INSERT INTO time_slots_time_slot_tags VALUES('R1400+50','R1400+50');
INSERT INTO time_slots_time_slot_tags VALUES('R1500+110','R1500+110');
INSERT INTO time_slots_time_slot_tags VALUES('R1500+170','R1500+170');
INSERT INTO time_slots_time_slot_tags VALUES('R1500+50','R1500+50');
INSERT INTO time_slots_time_slot_tags VALUES('R1530+150','R1530+150');
INSERT INTO time_slots_time_slot_tags VALUES('R1600+110','R1600+110');
INSERT INTO time_slots_time_slot_tags VALUES('R1600+170','R1600+170');
INSERT INTO time_slots_time_slot_tags VALUES('R1600+50','R1600+50');
INSERT INTO time_slots_time_slot_tags VALUES('R1630+170','R1630+170');
INSERT INTO time_slots_time_slot_tags VALUES('R1700+110','R1700+110');
INSERT INTO time_slots_time_slot_tags VALUES('R1700+170','R1700+170');
INSERT INTO time_slots_time_slot_tags VALUES('R1715+110','R1715+110');
INSERT INTO time_slots_time_slot_tags VALUES('R1800+110','R1800+110');
INSERT INTO time_slots_time_slot_tags VALUES('R1800+150','R1800+150');
INSERT INTO time_slots_time_slot_tags VALUES('R1800+50','R1800+50');
INSERT INTO time_slots_time_slot_tags VALUES('R1900+110','R1900+110');
INSERT INTO time_slots_time_slot_tags VALUES('R1900+170','R1900+170');
INSERT INTO time_slots_time_slot_tags VALUES('R1900+50','R1900+50');
INSERT INTO time_slots_time_slot_tags VALUES('S1000+300','S1000+300');
INSERT INTO time_slots_time_slot_tags VALUES('T0700+170','T0700+170');
INSERT INTO time_slots_time_slot_tags VALUES('T0800+110','T0800+110');
INSERT INTO time_slots_time_slot_tags VALUES('T0800+170','T0800+170');
INSERT INTO time_slots_time_slot_tags VALUES('T0800+50','T0800+50');
INSERT INTO time_slots_time_slot_tags VALUES('T0900+110','T0900+110');
INSERT INTO time_slots_time_slot_tags VALUES('T0900+170','T0900+170');
INSERT INTO time_slots_time_slot_tags VALUES('T0900+50','T0900+50');
INSERT INTO time_slots_time_slot_tags VALUES('T1000+110','T1000+110');
INSERT INTO time_slots_time_slot_tags VALUES('T1000+170','T1000+170');
INSERT INTO time_slots_time_slot_tags VALUES('T1000+50','T1000+50');
INSERT INTO time_slots_time_slot_tags VALUES('T1030+50','T1030+50');
INSERT INTO time_slots_time_slot_tags VALUES('T1100+110','T1100+110');
INSERT INTO time_slots_time_slot_tags VALUES('T1100+170','T1100+170');
INSERT INTO time_slots_time_slot_tags VALUES('T1100+50','T1100+50');
INSERT INTO time_slots_time_slot_tags VALUES('T1200+110','T1200+110');
INSERT INTO time_slots_time_slot_tags VALUES('T1200+170','T1200+170');
INSERT INTO time_slots_time_slot_tags VALUES('T1200+50','T1200+50');
INSERT INTO time_slots_time_slot_tags VALUES('T1300+110','T1300+110');
INSERT INTO time_slots_time_slot_tags VALUES('T1300+170','T1300+170');
INSERT INTO time_slots_time_slot_tags VALUES('T1300+50','T1300+50');
INSERT INTO time_slots_time_slot_tags VALUES('T1330+75','T1330+75');
INSERT INTO time_slots_time_slot_tags VALUES('T1400+110','T1400+110');
INSERT INTO time_slots_time_slot_tags VALUES('T1400+170','T1400+170');
INSERT INTO time_slots_time_slot_tags VALUES('T1400+50','T1400+50');
INSERT INTO time_slots_time_slot_tags VALUES('T1500+110','T1500+110');
INSERT INTO time_slots_time_slot_tags VALUES('T1500+170','T1500+170');
INSERT INTO time_slots_time_slot_tags VALUES('T1500+50','T1500+50');
INSERT INTO time_slots_time_slot_tags VALUES('T1500+75','T1500+75');
INSERT INTO time_slots_time_slot_tags VALUES('T1600+110','T1600+110');
INSERT INTO time_slots_time_slot_tags VALUES('T1600+170','T1600+170');
INSERT INTO time_slots_time_slot_tags VALUES('T1600+50','T1600+50');
INSERT INTO time_slots_time_slot_tags VALUES('T1630+150','T1630+150');
INSERT INTO time_slots_time_slot_tags VALUES('T1700+110','T1700+110');
INSERT INTO time_slots_time_slot_tags VALUES('T1700+170','T1700+170');
INSERT INTO time_slots_time_slot_tags VALUES('T1800+110','T1800+110');
INSERT INTO time_slots_time_slot_tags VALUES('T1800+150','T1800+150');
INSERT INTO time_slots_time_slot_tags VALUES('T1800+170','T1800+170');
INSERT INTO time_slots_time_slot_tags VALUES('T1800+50','T1800+50');
INSERT INTO time_slots_time_slot_tags VALUES('T1900+110','T1900+110');
INSERT INTO time_slots_time_slot_tags VALUES('T1900+170','T1900+170');
INSERT INTO time_slots_time_slot_tags VALUES('T1930+170','T1930+170');
INSERT INTO time_slots_time_slot_tags VALUES('TR 2×75 bell schedule','TR0730+75');
INSERT INTO time_slots_time_slot_tags VALUES('TR 2×75 bell schedule','TR0900+75');
INSERT INTO time_slots_time_slot_tags VALUES('TR 2×75 bell schedule','TR1030+75');
INSERT INTO time_slots_time_slot_tags VALUES('TR 2×75 bell schedule','TR1200+75');
INSERT INTO time_slots_time_slot_tags VALUES('TR 2×75 bell schedule','TR1330+75');
INSERT INTO time_slots_time_slot_tags VALUES('TR 2×75 bell schedule','TR1500+75');
INSERT INTO time_slots_time_slot_tags VALUES('TR 2×75 bell schedule','TR1630+75');
INSERT INTO time_slots_time_slot_tags VALUES('TR0600+110','TR0600+110');
INSERT INTO time_slots_time_slot_tags VALUES('TR0730+50','TR0730+50');
INSERT INTO time_slots_time_slot_tags VALUES('TR0730+75','TR0730+75');
INSERT INTO time_slots_time_slot_tags VALUES('TR0800+110','TR0800+110');
INSERT INTO time_slots_time_slot_tags VALUES('TR0900+110','TR0900+110');
INSERT INTO time_slots_time_slot_tags VALUES('TR0900+50','TR0900+50');
INSERT INTO time_slots_time_slot_tags VALUES('TR0900+75','TR0900+75');
INSERT INTO time_slots_time_slot_tags VALUES('TR1000+110','TR1000+110');
INSERT INTO time_slots_time_slot_tags VALUES('TR1000+50','TR1000+50');
INSERT INTO time_slots_time_slot_tags VALUES('TR1030+50','TR1030+50');
INSERT INTO time_slots_time_slot_tags VALUES('TR1030+75','TR1030+75');
INSERT INTO time_slots_time_slot_tags VALUES('TR1100+110','TR1100+110');
INSERT INTO time_slots_time_slot_tags VALUES('TR1200+110','TR1200+110');
INSERT INTO time_slots_time_slot_tags VALUES('TR1200+50','TR1200+50');
INSERT INTO time_slots_time_slot_tags VALUES('TR1200+75','TR1200+75');
INSERT INTO time_slots_time_slot_tags VALUES('TR1300+100','TR1300+100');
INSERT INTO time_slots_time_slot_tags VALUES('TR1300+110','TR1300+110');
INSERT INTO time_slots_time_slot_tags VALUES('TR1330+50','TR1330+50');
INSERT INTO time_slots_time_slot_tags VALUES('TR1330+75','TR1330+75');
INSERT INTO time_slots_time_slot_tags VALUES('TR1400+110','TR1400+110');
INSERT INTO time_slots_time_slot_tags VALUES('TR1500+100','TR1500+100');
INSERT INTO time_slots_time_slot_tags VALUES('TR1500+110','TR1500+110');
INSERT INTO time_slots_time_slot_tags VALUES('TR1500+170','TR1500+170');
INSERT INTO time_slots_time_slot_tags VALUES('TR1500+50','TR1500+50');
INSERT INTO time_slots_time_slot_tags VALUES('TR1500+75','TR1500+75');
INSERT INTO time_slots_time_slot_tags VALUES('TR1600+110','TR1600+110');
INSERT INTO time_slots_time_slot_tags VALUES('TR1600+170','TR1600+170');
INSERT INTO time_slots_time_slot_tags VALUES('TR1630+100','TR1630+100');
INSERT INTO time_slots_time_slot_tags VALUES('TR1630+50','TR1630+50');
INSERT INTO time_slots_time_slot_tags VALUES('TR1630+75','TR1630+75');
INSERT INTO time_slots_time_slot_tags VALUES('TR1700+110','TR1700+110');
INSERT INTO time_slots_time_slot_tags VALUES('TR1800+100','TR1800+100');
INSERT INTO time_slots_time_slot_tags VALUES('TR1800+110','TR1800+110');
INSERT INTO time_slots_time_slot_tags VALUES('TR1800+75','TR1800+75');
INSERT INTO time_slots_time_slot_tags VALUES('TWRF0800+50','TWRF0800+50');
INSERT INTO time_slots_time_slot_tags VALUES('TWRF0900+50','TWRF0900+50');
INSERT INTO time_slots_time_slot_tags VALUES('TWRF1000+50','TWRF1000+50');
INSERT INTO time_slots_time_slot_tags VALUES('TWRF1100+50','TWRF1100+50');
INSERT INTO time_slots_time_slot_tags VALUES('TWRF1200+50','TWRF1200+50');
INSERT INTO time_slots_time_slot_tags VALUES('TWRF1300+50','TWRF1300+50');
INSERT INTO time_slots_time_slot_tags VALUES('TWRF1400+50','TWRF1400+50');
INSERT INTO time_slots_time_slot_tags VALUES('TWRF1500+50','TWRF1500+50');
INSERT INTO time_slots_time_slot_tags VALUES('W0800+110','W0800+110');
INSERT INTO time_slots_time_slot_tags VALUES('W0800+170','W0800+170');
INSERT INTO time_slots_time_slot_tags VALUES('W0800+50','W0800+50');
INSERT INTO time_slots_time_slot_tags VALUES('W0900+110','W0900+110');
INSERT INTO time_slots_time_slot_tags VALUES('W0900+170','W0900+170');
INSERT INTO time_slots_time_slot_tags VALUES('W0900+50','W0900+50');
INSERT INTO time_slots_time_slot_tags VALUES('W1000+110','W1000+110');
INSERT INTO time_slots_time_slot_tags VALUES('W1000+170','W1000+170');
INSERT INTO time_slots_time_slot_tags VALUES('W1000+50','W1000+50');
INSERT INTO time_slots_time_slot_tags VALUES('W1030+75','W1030+75');
INSERT INTO time_slots_time_slot_tags VALUES('W1100+110','W1100+110');
INSERT INTO time_slots_time_slot_tags VALUES('W1100+170','W1100+170');
INSERT INTO time_slots_time_slot_tags VALUES('W1100+50','W1100+50');
INSERT INTO time_slots_time_slot_tags VALUES('W1200+110','W1200+110');
INSERT INTO time_slots_time_slot_tags VALUES('W1200+170','W1200+170');
INSERT INTO time_slots_time_slot_tags VALUES('W1200+50','W1200+50');
INSERT INTO time_slots_time_slot_tags VALUES('W1300+110','W1300+110');
INSERT INTO time_slots_time_slot_tags VALUES('W1300+170','W1300+170');
INSERT INTO time_slots_time_slot_tags VALUES('W1330+170','W1330+170');
INSERT INTO time_slots_time_slot_tags VALUES('W1400+110','W1400+110');
INSERT INTO time_slots_time_slot_tags VALUES('W1400+170','W1400+170');
INSERT INTO time_slots_time_slot_tags VALUES('W1500+110','W1500+110');
INSERT INTO time_slots_time_slot_tags VALUES('W1500+170','W1500+170');
INSERT INTO time_slots_time_slot_tags VALUES('W1600+110','W1600+110');
INSERT INTO time_slots_time_slot_tags VALUES('W1600+170','W1600+170');
INSERT INTO time_slots_time_slot_tags VALUES('W1630+150','W1630+150');
INSERT INTO time_slots_time_slot_tags VALUES('W1700+110','W1700+110');
INSERT INTO time_slots_time_slot_tags VALUES('W1700+170','W1700+170');
INSERT INTO time_slots_time_slot_tags VALUES('W1715+110','W1715+110');
INSERT INTO time_slots_time_slot_tags VALUES('W1800+110','W1800+110');
INSERT INTO time_slots_time_slot_tags VALUES('W1800+150','W1800+150');
INSERT INTO time_slots_time_slot_tags VALUES('W1800+50','W1800+50');
INSERT INTO time_slots_time_slot_tags VALUES('W1900+110','W1900+110');
INSERT INTO time_slots_time_slot_tags VALUES('W1930+170','W1930+170');
INSERT INTO time_slots_time_slot_tags VALUES('WF0800+50','WF0800+50');
INSERT INTO time_slots_time_slot_tags VALUES('WF0900+50','WF0900+50');
INSERT INTO time_slots_time_slot_tags VALUES('WF1000+50','WF1000+50');
INSERT INTO time_slots_time_slot_tags VALUES('WF1100+50','WF1100+50');
INSERT INTO departments VALUES('Biology');
INSERT INTO departments VALUES('Chemistry');
INSERT INTO departments VALUES('Computing');
INSERT INTO departments VALUES('Design');
INSERT INTO departments VALUES('Earth');
INSERT INTO departments VALUES('Engineering');
INSERT INTO departments VALUES('Math');
INSERT INTO programs VALUES('Bioinformatics','Biology');
INSERT INTO programs VALUES('Biology Biology emphasis','Biology');
INSERT INTO programs VALUES('Biology Biomed emphasis','Biology');
INSERT INTO programs VALUES('Biology Education emphasis','Biology');
INSERT INTO programs VALUES('Biology Integrated Education Sciences','Biology');
INSERT INTO programs VALUES('Biology Natural Sciences emphasis','Biology');
INSERT INTO programs VALUES('Chemistry Chemistry emphasis','Chemistry');
INSERT INTO programs VALUES('Chemistry Molecular Biology emphasis','Chemistry');
INSERT INTO programs VALUES('Chemistry Physical Sciences emphasis','Chemistry');
INSERT INTO programs VALUES('Computer Science','Computing');
INSERT INTO programs VALUES('Data Science','Computing');
INSERT INTO programs VALUES('Envs Envs emphasis','Earth');
INSERT INTO programs VALUES('Envs Geo emphasis','Earth');
INSERT INTO programs VALUES('Geological Sciences','Earth');
INSERT INTO programs VALUES('Information Technology','Computing');
INSERT INTO programs VALUES('Math','Math');
INSERT INTO programs VALUES('Math ACM Actuarial Sciences','Math');
INSERT INTO programs VALUES('Math ACM Computational Mathematics','Math');
INSERT INTO programs VALUES('Math ACM Data Analytics','Math');
INSERT INTO programs VALUES('Math Education','Math');
INSERT INTO programs VALUES('Software Engineering','Computing');
INSERT INTO faculty VALUES('Alexander R Tye','Earth');
INSERT INTO faculty VALUES('Amanda Fa''onelua','Math');
INSERT INTO faculty VALUES('Amber Rose Mortensen','Biology');
INSERT INTO faculty VALUES('Andrew C Schiller','Engineering');
INSERT INTO faculty VALUES('Andrew Gregory Toth','Engineering');
INSERT INTO faculty VALUES('Bart Stander','Computing');
INSERT INTO faculty VALUES('Bhuvaneswari Sambandham','Math');
INSERT INTO faculty VALUES('Bing Jiang','Engineering');
INSERT INTO faculty VALUES('Brant A Ross','Engineering');
INSERT INTO faculty VALUES('Bruford P Reynolds','Engineering');
INSERT INTO faculty VALUES('Bryan K Stevens','Biology');
INSERT INTO faculty VALUES('Carol Stander','Computing');
INSERT INTO faculty VALUES('Christina M Quinn','Chemistry');
INSERT INTO faculty VALUES('Christina Pondell','Earth');
INSERT INTO faculty VALUES('Christopher Kirk DeMacedo','Engineering');
INSERT INTO faculty VALUES('Clare C Banks','Math');
INSERT INTO faculty VALUES('Costel Ionita','Math');
INSERT INTO faculty VALUES('Craig D Seegmiller','Math');
INSERT INTO faculty VALUES('Curtis B Walker','Biology');
INSERT INTO faculty VALUES('Curtis Larsen','Computing');
INSERT INTO faculty VALUES('Cutler Cowdin','Chemistry');
INSERT INTO faculty VALUES('DJ Holt','Computing');
INSERT INTO faculty VALUES('David Brent Christensen','Engineering');
INSERT INTO faculty VALUES('David J Burr','Chemistry');
INSERT INTO faculty VALUES('David M Syndergaard','Engineering');
INSERT INTO faculty VALUES('David R Black','Earth');
INSERT INTO faculty VALUES('David W Bean','Biology');
INSERT INTO faculty VALUES('Dawn Lashell Kidd-Thomas','Math');
INSERT INTO faculty VALUES('Del William Smith','Biology');
INSERT INTO faculty VALUES('Derek Sneddon','Computing');
INSERT INTO faculty VALUES('Diana L Reese','Chemistry');
INSERT INTO faculty VALUES('Divya Singh','Engineering');
INSERT INTO faculty VALUES('Donald H Warner','Biology');
INSERT INTO faculty VALUES('Douglas J Sainsbury','Biology');
INSERT INTO faculty VALUES('Elizabeth Karen Ludlow','Math');
INSERT INTO faculty VALUES('Eric Pedersen','Computing');
INSERT INTO faculty VALUES('Erin E O''Brien','Biology');
INSERT INTO faculty VALUES('Gabriela Chilom','Chemistry');
INSERT INTO faculty VALUES('Geoffrey Smith','Biology');
INSERT INTO faculty VALUES('Glorimar L Aponte-Kline','Biology');
INSERT INTO faculty VALUES('Greg L Melton','Earth');
INSERT INTO faculty VALUES('Hugo Elio Angeles','Earth');
INSERT INTO faculty VALUES('Hung Yu Shih','Biology');
INSERT INTO faculty VALUES('Jacson Parker','Chemistry');
INSERT INTO faculty VALUES('James David Meidell','Biology');
INSERT INTO faculty VALUES('James P Fitzgerald','Math');
INSERT INTO faculty VALUES('Jameson C Hardy','Math');
INSERT INTO faculty VALUES('Jamie Bennion','Computing');
INSERT INTO faculty VALUES('Janice M Hayden','Earth');
INSERT INTO faculty VALUES('Jared M Hancock','Chemistry');
INSERT INTO faculty VALUES('Jay Sneddon','Computing');
INSERT INTO faculty VALUES('Jeff Compas','Computing');
INSERT INTO faculty VALUES('Jeffrey Anderson','Engineering');
INSERT INTO faculty VALUES('Jeffrey P Harrah','Math');
INSERT INTO faculty VALUES('Jeffrey V Yule','Biology');
INSERT INTO faculty VALUES('Jennifer A Meyer','Chemistry');
INSERT INTO faculty VALUES('Jennifer L Ciaccio','Biology');
INSERT INTO faculty VALUES('Jerald D Harris','Earth');
INSERT INTO faculty VALUES('Jeremy W Bakelar','Biology');
INSERT INTO faculty VALUES('Jesse William Breinholt','Biology');
INSERT INTO faculty VALUES('Jie Liu','Math');
INSERT INTO faculty VALUES('Joe Francom','Computing');
INSERT INTO faculty VALUES('John E Wolfe','Biology');
INSERT INTO faculty VALUES('Jose C Saraiva','Engineering');
INSERT INTO faculty VALUES('Joseph B Platt','Biology');
INSERT INTO faculty VALUES('Kameron J Eves','Engineering');
INSERT INTO faculty VALUES('Karen L Bauer','Biology');
INSERT INTO faculty VALUES('Kathryn E Ott','Math');
INSERT INTO faculty VALUES('Kerby Robinson','Biology');
INSERT INTO faculty VALUES('Kim C Jolley','Biology');
INSERT INTO faculty VALUES('Lora Klein','Computing');
INSERT INTO faculty VALUES('Marius Van der Merwe','Earth');
INSERT INTO faculty VALUES('Mark L Dickson','Biology');
INSERT INTO faculty VALUES('Marshall Topham','Earth');
INSERT INTO faculty VALUES('Martina Gaspari','Biology');
INSERT INTO faculty VALUES('Marzieh Ghasemi','Earth');
INSERT INTO faculty VALUES('Matt Kearl','Computing');
INSERT INTO faculty VALUES('Md Sazib Hasan','Math');
INSERT INTO faculty VALUES('Megan R Liljenquist','Chemistry');
INSERT INTO faculty VALUES('Megen E Kepas','Biology');
INSERT INTO faculty VALUES('Michael N Paxman','Math');
INSERT INTO faculty VALUES('Nathan St Andre','Biology');
INSERT INTO faculty VALUES('Nikell Dodge','Biology');
INSERT INTO faculty VALUES('Odean Bowler','Math');
INSERT INTO faculty VALUES('Paul H Shirley','Chemistry');
INSERT INTO faculty VALUES('Paula Manuele Temple','Math');
INSERT INTO faculty VALUES('Phil Daley','Computing');
INSERT INTO faculty VALUES('Randy Klabacka','Biology');
INSERT INTO faculty VALUES('Ren Quinn','Computing');
INSERT INTO faculty VALUES('Rex Frisbey','Computing');
INSERT INTO faculty VALUES('Rick L Peirce','Engineering');
INSERT INTO faculty VALUES('Rico Del Sesto','Chemistry');
INSERT INTO faculty VALUES('Rita Rae Osborn','Biology');
INSERT INTO faculty VALUES('Robert T Reimer','Math');
INSERT INTO faculty VALUES('Ross C Decker','Math');
INSERT INTO faculty VALUES('Russ Ross','Computing');
INSERT INTO faculty VALUES('Russell C Reid','Engineering');
INSERT INTO faculty VALUES('Ryan C McConnell','Math');
INSERT INTO faculty VALUES('Sai C Radavaram','Engineering');
INSERT INTO faculty VALUES('Samuel K Tobler','Engineering');
INSERT INTO faculty VALUES('Sarah Morgan Black','Chemistry');
INSERT INTO faculty VALUES('Scott A Skeen','Engineering');
INSERT INTO faculty VALUES('Scott B Griffin','Biology');
INSERT INTO faculty VALUES('Scott E Bulloch','Biology');
INSERT INTO faculty VALUES('Scott Patrick Hicks','Math');
INSERT INTO faculty VALUES('Steven K Sullivan','Engineering');
INSERT INTO faculty VALUES('Steven McKay Sullivan','Math');
INSERT INTO faculty VALUES('Teisha Richan','Chemistry');
INSERT INTO faculty VALUES('Trevor K Johnson','Math');
INSERT INTO faculty VALUES('Tye K Rogers','Math');
INSERT INTO faculty VALUES('Vinodh Kumar Chellamuthu','Math');
INSERT INTO faculty VALUES('Violeta Adina Ionita','Math');
INSERT INTO faculty VALUES('Wendy E Schatzberg','Chemistry');
INSERT INTO faculty VALUES('Zhenyu Jin','Earth');
INSERT INTO faculty_availability VALUES('Alexander R Tye','F',480,540,NULL);
INSERT INTO faculty_availability VALUES('Alexander R Tye','M',480,540,NULL);
INSERT INTO faculty_availability VALUES('Alexander R Tye','R',480,540,NULL);
INSERT INTO faculty_availability VALUES('Alexander R Tye','T',480,540,NULL);
INSERT INTO faculty_availability VALUES('Alexander R Tye','W',480,540,NULL);
INSERT INTO faculty_availability VALUES('Amanda Fa''onelua','R',780,120,NULL);
INSERT INTO faculty_availability VALUES('Amanda Fa''onelua','T',780,120,NULL);
INSERT INTO faculty_availability VALUES('Amber Rose Mortensen','F',540,480,NULL);
INSERT INTO faculty_availability VALUES('Amber Rose Mortensen','M',540,480,NULL);
INSERT INTO faculty_availability VALUES('Amber Rose Mortensen','R',540,480,NULL);
INSERT INTO faculty_availability VALUES('Amber Rose Mortensen','T',540,480,NULL);
INSERT INTO faculty_availability VALUES('Amber Rose Mortensen','W',540,480,NULL);
INSERT INTO faculty_availability VALUES('Andrew C Schiller','F',540,480,NULL);
INSERT INTO faculty_availability VALUES('Andrew C Schiller','M',540,540,NULL);
INSERT INTO faculty_availability VALUES('Andrew C Schiller','R',540,540,NULL);
INSERT INTO faculty_availability VALUES('Andrew C Schiller','T',540,540,NULL);
INSERT INTO faculty_availability VALUES('Andrew C Schiller','W',540,540,NULL);
INSERT INTO faculty_availability VALUES('Andrew Gregory Toth','M',720,120,NULL);
INSERT INTO faculty_availability VALUES('Andrew Gregory Toth','W',720,120,NULL);
INSERT INTO faculty_availability VALUES('Bart Stander','F',540,180,NULL);
INSERT INTO faculty_availability VALUES('Bart Stander','M',540,180,NULL);
INSERT INTO faculty_availability VALUES('Bart Stander','M',720,90,11);
INSERT INTO faculty_availability VALUES('Bart Stander','M',810,180,NULL);
INSERT INTO faculty_availability VALUES('Bart Stander','R',630,90,NULL);
INSERT INTO faculty_availability VALUES('Bart Stander','R',810,90,NULL);
INSERT INTO faculty_availability VALUES('Bart Stander','R',900,90,11);
INSERT INTO faculty_availability VALUES('Bart Stander','T',630,90,NULL);
INSERT INTO faculty_availability VALUES('Bart Stander','T',810,90,NULL);
INSERT INTO faculty_availability VALUES('Bart Stander','T',900,90,11);
INSERT INTO faculty_availability VALUES('Bart Stander','W',540,180,NULL);
INSERT INTO faculty_availability VALUES('Bart Stander','W',720,90,11);
INSERT INTO faculty_availability VALUES('Bart Stander','W',810,180,NULL);
INSERT INTO faculty_availability VALUES('Bhuvaneswari Sambandham','F',540,480,NULL);
INSERT INTO faculty_availability VALUES('Bhuvaneswari Sambandham','M',540,480,NULL);
INSERT INTO faculty_availability VALUES('Bhuvaneswari Sambandham','R',540,480,NULL);
INSERT INTO faculty_availability VALUES('Bhuvaneswari Sambandham','T',540,480,NULL);
INSERT INTO faculty_availability VALUES('Bhuvaneswari Sambandham','W',540,480,NULL);
INSERT INTO faculty_availability VALUES('Bing Jiang','F',540,480,NULL);
INSERT INTO faculty_availability VALUES('Bing Jiang','M',540,480,NULL);
INSERT INTO faculty_availability VALUES('Bing Jiang','R',540,540,NULL);
INSERT INTO faculty_availability VALUES('Bing Jiang','T',540,480,NULL);
INSERT INTO faculty_availability VALUES('Bing Jiang','W',540,480,NULL);
INSERT INTO faculty_availability VALUES('Brant A Ross','F',540,480,NULL);
INSERT INTO faculty_availability VALUES('Brant A Ross','M',540,480,NULL);
INSERT INTO faculty_availability VALUES('Brant A Ross','R',540,480,NULL);
INSERT INTO faculty_availability VALUES('Brant A Ross','T',540,480,NULL);
INSERT INTO faculty_availability VALUES('Brant A Ross','W',540,480,NULL);
INSERT INTO faculty_availability VALUES('Bruford P Reynolds','F',540,480,NULL);
INSERT INTO faculty_availability VALUES('Bruford P Reynolds','M',540,480,NULL);
INSERT INTO faculty_availability VALUES('Bruford P Reynolds','R',540,480,NULL);
INSERT INTO faculty_availability VALUES('Bruford P Reynolds','T',540,480,NULL);
INSERT INTO faculty_availability VALUES('Bruford P Reynolds','W',540,480,NULL);
INSERT INTO faculty_availability VALUES('Bryan K Stevens','F',480,540,NULL);
INSERT INTO faculty_availability VALUES('Bryan K Stevens','M',480,540,NULL);
INSERT INTO faculty_availability VALUES('Bryan K Stevens','R',420,600,NULL);
INSERT INTO faculty_availability VALUES('Bryan K Stevens','T',420,600,NULL);
INSERT INTO faculty_availability VALUES('Bryan K Stevens','W',480,540,NULL);
INSERT INTO faculty_availability VALUES('Carol Stander','F',600,120,NULL);
INSERT INTO faculty_availability VALUES('Carol Stander','M',600,120,NULL);
INSERT INTO faculty_availability VALUES('Carol Stander','M',720,90,11);
INSERT INTO faculty_availability VALUES('Carol Stander','M',810,90,NULL);
INSERT INTO faculty_availability VALUES('Carol Stander','R',810,90,16);
INSERT INTO faculty_availability VALUES('Carol Stander','T',810,90,16);
INSERT INTO faculty_availability VALUES('Carol Stander','W',600,120,NULL);
INSERT INTO faculty_availability VALUES('Carol Stander','W',720,90,11);
INSERT INTO faculty_availability VALUES('Carol Stander','W',810,90,NULL);
INSERT INTO faculty_availability VALUES('Christina M Quinn','F',480,540,NULL);
INSERT INTO faculty_availability VALUES('Christina M Quinn','M',480,540,NULL);
INSERT INTO faculty_availability VALUES('Christina M Quinn','R',480,540,NULL);
INSERT INTO faculty_availability VALUES('Christina M Quinn','T',420,600,NULL);
INSERT INTO faculty_availability VALUES('Christina M Quinn','W',480,540,NULL);
INSERT INTO faculty_availability VALUES('Christina Pondell','F',540,480,NULL);
INSERT INTO faculty_availability VALUES('Christina Pondell','M',540,480,NULL);
INSERT INTO faculty_availability VALUES('Christina Pondell','R',540,480,NULL);
INSERT INTO faculty_availability VALUES('Christina Pondell','T',540,480,NULL);
INSERT INTO faculty_availability VALUES('Christina Pondell','W',540,480,NULL);
INSERT INTO faculty_availability VALUES('Christopher Kirk DeMacedo','F',720,300,NULL);
INSERT INTO faculty_availability VALUES('Christopher Kirk DeMacedo','M',720,660,NULL);
INSERT INTO faculty_availability VALUES('Christopher Kirk DeMacedo','R',720,300,NULL);
INSERT INTO faculty_availability VALUES('Christopher Kirk DeMacedo','T',720,300,NULL);
INSERT INTO faculty_availability VALUES('Christopher Kirk DeMacedo','W',720,300,NULL);
INSERT INTO faculty_availability VALUES('Clare C Banks','F',480,540,NULL);
INSERT INTO faculty_availability VALUES('Clare C Banks','M',480,540,NULL);
INSERT INTO faculty_availability VALUES('Clare C Banks','R',480,540,NULL);
INSERT INTO faculty_availability VALUES('Clare C Banks','T',480,540,NULL);
INSERT INTO faculty_availability VALUES('Clare C Banks','W',480,540,NULL);
INSERT INTO faculty_availability VALUES('Costel Ionita','F',480,540,NULL);
INSERT INTO faculty_availability VALUES('Costel Ionita','M',480,540,NULL);
INSERT INTO faculty_availability VALUES('Costel Ionita','R',480,540,NULL);
INSERT INTO faculty_availability VALUES('Costel Ionita','T',480,540,NULL);
INSERT INTO faculty_availability VALUES('Costel Ionita','W',480,540,NULL);
INSERT INTO faculty_availability VALUES('Craig D Seegmiller','F',540,480,NULL);
INSERT INTO faculty_availability VALUES('Craig D Seegmiller','M',540,480,NULL);
INSERT INTO faculty_availability VALUES('Craig D Seegmiller','R',420,600,NULL);
INSERT INTO faculty_availability VALUES('Craig D Seegmiller','T',420,600,NULL);
INSERT INTO faculty_availability VALUES('Craig D Seegmiller','W',540,480,NULL);
INSERT INTO faculty_availability VALUES('Curtis B Walker','F',480,540,NULL);
INSERT INTO faculty_availability VALUES('Curtis B Walker','M',480,540,NULL);
INSERT INTO faculty_availability VALUES('Curtis B Walker','R',480,540,NULL);
INSERT INTO faculty_availability VALUES('Curtis B Walker','T',480,540,NULL);
INSERT INTO faculty_availability VALUES('Curtis B Walker','W',480,540,NULL);
INSERT INTO faculty_availability VALUES('Curtis Larsen','F',540,120,NULL);
INSERT INTO faculty_availability VALUES('Curtis Larsen','F',660,60,11);
INSERT INTO faculty_availability VALUES('Curtis Larsen','M',540,120,NULL);
INSERT INTO faculty_availability VALUES('Curtis Larsen','M',660,150,11);
INSERT INTO faculty_availability VALUES('Curtis Larsen','M',810,180,NULL);
INSERT INTO faculty_availability VALUES('Curtis Larsen','R',540,90,NULL);
INSERT INTO faculty_availability VALUES('Curtis Larsen','R',630,180,11);
INSERT INTO faculty_availability VALUES('Curtis Larsen','R',810,180,NULL);
INSERT INTO faculty_availability VALUES('Curtis Larsen','T',540,90,NULL);
INSERT INTO faculty_availability VALUES('Curtis Larsen','T',630,180,11);
INSERT INTO faculty_availability VALUES('Curtis Larsen','T',810,180,NULL);
INSERT INTO faculty_availability VALUES('Curtis Larsen','W',540,120,NULL);
INSERT INTO faculty_availability VALUES('Curtis Larsen','W',660,150,11);
INSERT INTO faculty_availability VALUES('Curtis Larsen','W',810,180,NULL);
INSERT INTO faculty_availability VALUES('Cutler Cowdin','R',960,180,NULL);
INSERT INTO faculty_availability VALUES('Cutler Cowdin','T',960,180,NULL);
INSERT INTO faculty_availability VALUES('DJ Holt','M',720,180,NULL);
INSERT INTO faculty_availability VALUES('DJ Holt','M',900,90,11);
INSERT INTO faculty_availability VALUES('DJ Holt','R',540,360,NULL);
INSERT INTO faculty_availability VALUES('DJ Holt','R',900,90,11);
INSERT INTO faculty_availability VALUES('DJ Holt','T',540,360,NULL);
INSERT INTO faculty_availability VALUES('DJ Holt','T',900,90,11);
INSERT INTO faculty_availability VALUES('DJ Holt','W',720,180,NULL);
INSERT INTO faculty_availability VALUES('DJ Holt','W',900,90,11);
INSERT INTO faculty_availability VALUES('David Brent Christensen','F',480,540,NULL);
INSERT INTO faculty_availability VALUES('David Brent Christensen','M',480,540,NULL);
INSERT INTO faculty_availability VALUES('David Brent Christensen','R',480,540,NULL);
INSERT INTO faculty_availability VALUES('David Brent Christensen','T',480,540,NULL);
INSERT INTO faculty_availability VALUES('David Brent Christensen','W',480,540,NULL);
INSERT INTO faculty_availability VALUES('David J Burr','R',960,360,NULL);
INSERT INTO faculty_availability VALUES('David J Burr','T',960,360,NULL);
INSERT INTO faculty_availability VALUES('David M Syndergaard','F',720,300,NULL);
INSERT INTO faculty_availability VALUES('David M Syndergaard','M',720,480,NULL);
INSERT INTO faculty_availability VALUES('David M Syndergaard','R',720,300,NULL);
INSERT INTO faculty_availability VALUES('David M Syndergaard','T',720,300,NULL);
INSERT INTO faculty_availability VALUES('David M Syndergaard','W',720,480,NULL);
INSERT INTO faculty_availability VALUES('David R Black','T',1020,120,NULL);
INSERT INTO faculty_availability VALUES('David W Bean','F',540,480,NULL);
INSERT INTO faculty_availability VALUES('David W Bean','M',540,480,NULL);
INSERT INTO faculty_availability VALUES('David W Bean','R',540,480,NULL);
INSERT INTO faculty_availability VALUES('David W Bean','T',540,480,NULL);
INSERT INTO faculty_availability VALUES('David W Bean','W',540,540,NULL);
INSERT INTO faculty_availability VALUES('Dawn Lashell Kidd-Thomas','R',720,300,NULL);
INSERT INTO faculty_availability VALUES('Dawn Lashell Kidd-Thomas','T',720,300,NULL);
INSERT INTO faculty_availability VALUES('Del William Smith','R',810,330,NULL);
INSERT INTO faculty_availability VALUES('Del William Smith','T',810,330,NULL);
INSERT INTO faculty_availability VALUES('Derek Sneddon','R',1080,270,NULL);
INSERT INTO faculty_availability VALUES('Diana L Reese','F',540,480,NULL);
INSERT INTO faculty_availability VALUES('Diana L Reese','M',540,480,NULL);
INSERT INTO faculty_availability VALUES('Diana L Reese','R',540,480,NULL);
INSERT INTO faculty_availability VALUES('Diana L Reese','T',540,480,NULL);
INSERT INTO faculty_availability VALUES('Diana L Reese','W',540,480,NULL);
INSERT INTO faculty_availability VALUES('Divya Singh','F',540,480,NULL);
INSERT INTO faculty_availability VALUES('Divya Singh','M',540,540,NULL);
INSERT INTO faculty_availability VALUES('Divya Singh','R',540,480,NULL);
INSERT INTO faculty_availability VALUES('Divya Singh','T',540,480,NULL);
INSERT INTO faculty_availability VALUES('Divya Singh','W',540,540,NULL);
INSERT INTO faculty_availability VALUES('Donald H Warner','M',900,120,NULL);
INSERT INTO faculty_availability VALUES('Donald H Warner','W',900,120,NULL);
INSERT INTO faculty_availability VALUES('Douglas J Sainsbury','F',480,540,NULL);
INSERT INTO faculty_availability VALUES('Douglas J Sainsbury','M',480,540,NULL);
INSERT INTO faculty_availability VALUES('Douglas J Sainsbury','R',480,540,NULL);
INSERT INTO faculty_availability VALUES('Douglas J Sainsbury','T',480,540,NULL);
INSERT INTO faculty_availability VALUES('Douglas J Sainsbury','W',480,540,NULL);
INSERT INTO faculty_availability VALUES('Elizabeth Karen Ludlow','M',780,240,NULL);
INSERT INTO faculty_availability VALUES('Elizabeth Karen Ludlow','W',780,240,NULL);
INSERT INTO faculty_availability VALUES('Eric Pedersen','R',720,90,NULL);
INSERT INTO faculty_availability VALUES('Eric Pedersen','T',720,90,NULL);
INSERT INTO faculty_availability VALUES('Erin E O''Brien','F',720,300,NULL);
INSERT INTO faculty_availability VALUES('Erin E O''Brien','M',720,300,NULL);
INSERT INTO faculty_availability VALUES('Erin E O''Brien','R',720,300,NULL);
INSERT INTO faculty_availability VALUES('Erin E O''Brien','T',720,360,NULL);
INSERT INTO faculty_availability VALUES('Erin E O''Brien','W',720,360,NULL);
INSERT INTO faculty_availability VALUES('Gabriela Chilom','F',480,540,NULL);
INSERT INTO faculty_availability VALUES('Gabriela Chilom','M',480,540,NULL);
INSERT INTO faculty_availability VALUES('Gabriela Chilom','R',480,600,NULL);
INSERT INTO faculty_availability VALUES('Gabriela Chilom','T',480,540,NULL);
INSERT INTO faculty_availability VALUES('Gabriela Chilom','W',480,540,NULL);
INSERT INTO faculty_availability VALUES('Geoffrey Smith','F',540,480,NULL);
INSERT INTO faculty_availability VALUES('Geoffrey Smith','M',540,480,NULL);
INSERT INTO faculty_availability VALUES('Geoffrey Smith','R',540,480,NULL);
INSERT INTO faculty_availability VALUES('Geoffrey Smith','T',540,480,NULL);
INSERT INTO faculty_availability VALUES('Geoffrey Smith','W',540,480,NULL);
INSERT INTO faculty_availability VALUES('Glorimar L Aponte-Kline','F',540,480,NULL);
INSERT INTO faculty_availability VALUES('Glorimar L Aponte-Kline','M',540,480,NULL);
INSERT INTO faculty_availability VALUES('Glorimar L Aponte-Kline','R',540,480,NULL);
INSERT INTO faculty_availability VALUES('Glorimar L Aponte-Kline','T',540,480,NULL);
INSERT INTO faculty_availability VALUES('Glorimar L Aponte-Kline','W',540,480,NULL);
INSERT INTO faculty_availability VALUES('Greg L Melton','F',540,480,NULL);
INSERT INTO faculty_availability VALUES('Greg L Melton','M',540,480,NULL);
INSERT INTO faculty_availability VALUES('Greg L Melton','R',540,480,NULL);
INSERT INTO faculty_availability VALUES('Greg L Melton','T',540,480,NULL);
INSERT INTO faculty_availability VALUES('Greg L Melton','W',540,480,NULL);
INSERT INTO faculty_availability VALUES('Hugo Elio Angeles','R',1080,120,NULL);
INSERT INTO faculty_availability VALUES('Hugo Elio Angeles','T',1080,120,NULL);
INSERT INTO faculty_availability VALUES('Hung Yu Shih','R',720,300,NULL);
INSERT INTO faculty_availability VALUES('Hung Yu Shih','T',720,300,NULL);
INSERT INTO faculty_availability VALUES('Hung Yu Shih','W',720,300,NULL);
INSERT INTO faculty_availability VALUES('Jacson Parker','R',960,180,NULL);
INSERT INTO faculty_availability VALUES('Jacson Parker','T',960,180,NULL);
INSERT INTO faculty_availability VALUES('James David Meidell','M',990,90,NULL);
INSERT INTO faculty_availability VALUES('James David Meidell','R',990,210,NULL);
INSERT INTO faculty_availability VALUES('James David Meidell','T',990,210,NULL);
INSERT INTO faculty_availability VALUES('James David Meidell','W',990,90,NULL);
INSERT INTO faculty_availability VALUES('James P Fitzgerald','F',480,240,NULL);
INSERT INTO faculty_availability VALUES('James P Fitzgerald','M',480,240,NULL);
INSERT INTO faculty_availability VALUES('James P Fitzgerald','R',480,240,NULL);
INSERT INTO faculty_availability VALUES('James P Fitzgerald','T',480,240,NULL);
INSERT INTO faculty_availability VALUES('James P Fitzgerald','W',480,240,NULL);
INSERT INTO faculty_availability VALUES('Jameson C Hardy','F',540,480,NULL);
INSERT INTO faculty_availability VALUES('Jameson C Hardy','M',540,480,NULL);
INSERT INTO faculty_availability VALUES('Jameson C Hardy','R',540,480,NULL);
INSERT INTO faculty_availability VALUES('Jameson C Hardy','T',540,480,NULL);
INSERT INTO faculty_availability VALUES('Jameson C Hardy','W',540,480,NULL);
INSERT INTO faculty_availability VALUES('Jamie Bennion','W',1080,150,NULL);
INSERT INTO faculty_availability VALUES('Janice M Hayden','R',540,480,NULL);
INSERT INTO faculty_availability VALUES('Janice M Hayden','T',540,480,NULL);
INSERT INTO faculty_availability VALUES('Janice M Hayden','W',540,480,NULL);
INSERT INTO faculty_availability VALUES('Jared M Hancock','F',480,540,NULL);
INSERT INTO faculty_availability VALUES('Jared M Hancock','M',480,540,NULL);
INSERT INTO faculty_availability VALUES('Jared M Hancock','R',480,540,NULL);
INSERT INTO faculty_availability VALUES('Jared M Hancock','T',480,540,NULL);
INSERT INTO faculty_availability VALUES('Jared M Hancock','W',480,540,NULL);
INSERT INTO faculty_availability VALUES('Jay Sneddon','F',480,60,10);
INSERT INTO faculty_availability VALUES('Jay Sneddon','F',540,180,11);
INSERT INTO faculty_availability VALUES('Jay Sneddon','M',480,60,10);
INSERT INTO faculty_availability VALUES('Jay Sneddon','M',540,180,11);
INSERT INTO faculty_availability VALUES('Jay Sneddon','M',720,270,NULL);
INSERT INTO faculty_availability VALUES('Jay Sneddon','R',540,360,NULL);
INSERT INTO faculty_availability VALUES('Jay Sneddon','R',900,90,16);
INSERT INTO faculty_availability VALUES('Jay Sneddon','T',540,360,NULL);
INSERT INTO faculty_availability VALUES('Jay Sneddon','T',900,90,16);
INSERT INTO faculty_availability VALUES('Jay Sneddon','W',480,60,10);
INSERT INTO faculty_availability VALUES('Jay Sneddon','W',540,180,11);
INSERT INTO faculty_availability VALUES('Jay Sneddon','W',720,270,NULL);
INSERT INTO faculty_availability VALUES('Jeff Compas','F',480,60,NULL);
INSERT INTO faculty_availability VALUES('Jeff Compas','M',480,60,NULL);
INSERT INTO faculty_availability VALUES('Jeff Compas','M',990,90,NULL);
INSERT INTO faculty_availability VALUES('Jeff Compas','R',990,90,NULL);
INSERT INTO faculty_availability VALUES('Jeff Compas','T',990,240,NULL);
INSERT INTO faculty_availability VALUES('Jeff Compas','W',480,60,NULL);
INSERT INTO faculty_availability VALUES('Jeff Compas','W',990,90,NULL);
INSERT INTO faculty_availability VALUES('Jeffrey Anderson','F',540,480,NULL);
INSERT INTO faculty_availability VALUES('Jeffrey Anderson','M',540,540,NULL);
INSERT INTO faculty_availability VALUES('Jeffrey Anderson','R',540,480,NULL);
INSERT INTO faculty_availability VALUES('Jeffrey Anderson','T',540,480,NULL);
INSERT INTO faculty_availability VALUES('Jeffrey Anderson','W',540,540,NULL);
INSERT INTO faculty_availability VALUES('Jeffrey P Harrah','F',480,540,NULL);
INSERT INTO faculty_availability VALUES('Jeffrey P Harrah','M',480,540,NULL);
INSERT INTO faculty_availability VALUES('Jeffrey P Harrah','R',480,540,NULL);
INSERT INTO faculty_availability VALUES('Jeffrey P Harrah','T',480,660,NULL);
INSERT INTO faculty_availability VALUES('Jeffrey P Harrah','W',480,660,NULL);
INSERT INTO faculty_availability VALUES('Jeffrey V Yule','F',540,480,NULL);
INSERT INTO faculty_availability VALUES('Jeffrey V Yule','M',540,480,NULL);
INSERT INTO faculty_availability VALUES('Jeffrey V Yule','R',540,480,NULL);
INSERT INTO faculty_availability VALUES('Jeffrey V Yule','T',540,480,NULL);
INSERT INTO faculty_availability VALUES('Jeffrey V Yule','W',540,480,NULL);
INSERT INTO faculty_availability VALUES('Jennifer A Meyer','F',540,480,NULL);
INSERT INTO faculty_availability VALUES('Jennifer A Meyer','M',540,480,NULL);
INSERT INTO faculty_availability VALUES('Jennifer A Meyer','R',540,480,NULL);
INSERT INTO faculty_availability VALUES('Jennifer A Meyer','T',540,480,NULL);
INSERT INTO faculty_availability VALUES('Jennifer A Meyer','W',540,480,NULL);
INSERT INTO faculty_availability VALUES('Jennifer L Ciaccio','F',540,480,NULL);
INSERT INTO faculty_availability VALUES('Jennifer L Ciaccio','M',540,480,NULL);
INSERT INTO faculty_availability VALUES('Jennifer L Ciaccio','R',540,480,NULL);
INSERT INTO faculty_availability VALUES('Jennifer L Ciaccio','T',540,480,NULL);
INSERT INTO faculty_availability VALUES('Jennifer L Ciaccio','W',540,480,NULL);
INSERT INTO faculty_availability VALUES('Jerald D Harris','F',540,480,NULL);
INSERT INTO faculty_availability VALUES('Jerald D Harris','M',540,480,NULL);
INSERT INTO faculty_availability VALUES('Jerald D Harris','R',540,660,NULL);
INSERT INTO faculty_availability VALUES('Jerald D Harris','T',540,480,NULL);
INSERT INTO faculty_availability VALUES('Jerald D Harris','W',540,480,NULL);
INSERT INTO faculty_availability VALUES('Jeremy W Bakelar','F',540,480,NULL);
INSERT INTO faculty_availability VALUES('Jeremy W Bakelar','M',540,480,NULL);
INSERT INTO faculty_availability VALUES('Jeremy W Bakelar','R',540,480,NULL);
INSERT INTO faculty_availability VALUES('Jeremy W Bakelar','T',540,540,NULL);
INSERT INTO faculty_availability VALUES('Jeremy W Bakelar','W',540,480,NULL);
INSERT INTO faculty_availability VALUES('Jesse William Breinholt','R',900,120,NULL);
INSERT INTO faculty_availability VALUES('Jesse William Breinholt','T',900,120,NULL);
INSERT INTO faculty_availability VALUES('Jie Liu','F',540,480,NULL);
INSERT INTO faculty_availability VALUES('Jie Liu','M',540,480,NULL);
INSERT INTO faculty_availability VALUES('Jie Liu','R',540,480,NULL);
INSERT INTO faculty_availability VALUES('Jie Liu','T',540,480,NULL);
INSERT INTO faculty_availability VALUES('Jie Liu','W',540,480,NULL);
INSERT INTO faculty_availability VALUES('Joe Francom','F',480,240,NULL);
INSERT INTO faculty_availability VALUES('Joe Francom','M',480,240,NULL);
INSERT INTO faculty_availability VALUES('Joe Francom','M',810,90,NULL);
INSERT INTO faculty_availability VALUES('Joe Francom','W',480,240,NULL);
INSERT INTO faculty_availability VALUES('Joe Francom','W',810,90,NULL);
INSERT INTO faculty_availability VALUES('John E Wolfe','F',660,60,NULL);
INSERT INTO faculty_availability VALUES('John E Wolfe','M',660,60,NULL);
INSERT INTO faculty_availability VALUES('John E Wolfe','W',660,60,NULL);
INSERT INTO faculty_availability VALUES('Jose C Saraiva','F',960,60,NULL);
INSERT INTO faculty_availability VALUES('Jose C Saraiva','M',960,60,NULL);
INSERT INTO faculty_availability VALUES('Jose C Saraiva','R',960,240,NULL);
INSERT INTO faculty_availability VALUES('Jose C Saraiva','T',960,120,NULL);
INSERT INTO faculty_availability VALUES('Jose C Saraiva','W',960,420,NULL);
INSERT INTO faculty_availability VALUES('Joseph B Platt','R',660,180,NULL);
INSERT INTO faculty_availability VALUES('Kameron J Eves','F',540,480,NULL);
INSERT INTO faculty_availability VALUES('Kameron J Eves','M',540,480,NULL);
INSERT INTO faculty_availability VALUES('Kameron J Eves','R',540,540,NULL);
INSERT INTO faculty_availability VALUES('Kameron J Eves','T',540,480,NULL);
INSERT INTO faculty_availability VALUES('Kameron J Eves','W',540,480,NULL);
INSERT INTO faculty_availability VALUES('Karen L Bauer','F',480,540,NULL);
INSERT INTO faculty_availability VALUES('Karen L Bauer','M',480,540,NULL);
INSERT INTO faculty_availability VALUES('Karen L Bauer','R',480,540,NULL);
INSERT INTO faculty_availability VALUES('Karen L Bauer','T',480,540,NULL);
INSERT INTO faculty_availability VALUES('Karen L Bauer','W',480,540,NULL);
INSERT INTO faculty_availability VALUES('Kathryn E Ott','M',780,240,NULL);
INSERT INTO faculty_availability VALUES('Kathryn E Ott','W',780,240,NULL);
INSERT INTO faculty_availability VALUES('Kerby Robinson','F',810,210,NULL);
INSERT INTO faculty_availability VALUES('Kim C Jolley','M',780,360,NULL);
INSERT INTO faculty_availability VALUES('Kim C Jolley','W',780,360,NULL);
INSERT INTO faculty_availability VALUES('Lora Klein','M',900,90,10);
INSERT INTO faculty_availability VALUES('Lora Klein','R',540,360,NULL);
INSERT INTO faculty_availability VALUES('Lora Klein','T',540,360,NULL);
INSERT INTO faculty_availability VALUES('Lora Klein','W',900,90,10);
INSERT INTO faculty_availability VALUES('Marius Van der Merwe','F',540,480,NULL);
INSERT INTO faculty_availability VALUES('Marius Van der Merwe','M',540,480,NULL);
INSERT INTO faculty_availability VALUES('Marius Van der Merwe','R',540,480,NULL);
INSERT INTO faculty_availability VALUES('Marius Van der Merwe','T',540,480,NULL);
INSERT INTO faculty_availability VALUES('Marius Van der Merwe','W',540,600,NULL);
INSERT INTO faculty_availability VALUES('Mark L Dickson','F',930,150,NULL);
INSERT INTO faculty_availability VALUES('Mark L Dickson','M',930,150,NULL);
INSERT INTO faculty_availability VALUES('Mark L Dickson','R',930,150,NULL);
INSERT INTO faculty_availability VALUES('Mark L Dickson','T',930,150,NULL);
INSERT INTO faculty_availability VALUES('Mark L Dickson','W',930,150,NULL);
INSERT INTO faculty_availability VALUES('Marshall Topham','M',810,210,NULL);
INSERT INTO faculty_availability VALUES('Marshall Topham','W',810,210,NULL);
INSERT INTO faculty_availability VALUES('Martina Gaspari','F',480,540,NULL);
INSERT INTO faculty_availability VALUES('Martina Gaspari','M',480,540,NULL);
INSERT INTO faculty_availability VALUES('Martina Gaspari','R',480,540,NULL);
INSERT INTO faculty_availability VALUES('Martina Gaspari','T',480,540,NULL);
INSERT INTO faculty_availability VALUES('Martina Gaspari','W',480,540,NULL);
INSERT INTO faculty_availability VALUES('Marzieh Ghasemi','F',540,480,NULL);
INSERT INTO faculty_availability VALUES('Marzieh Ghasemi','M',540,480,NULL);
INSERT INTO faculty_availability VALUES('Marzieh Ghasemi','R',540,480,NULL);
INSERT INTO faculty_availability VALUES('Marzieh Ghasemi','T',540,480,NULL);
INSERT INTO faculty_availability VALUES('Marzieh Ghasemi','W',540,480,NULL);
INSERT INTO faculty_availability VALUES('Matt Kearl','M',720,90,NULL);
INSERT INTO faculty_availability VALUES('Matt Kearl','R',540,270,NULL);
INSERT INTO faculty_availability VALUES('Matt Kearl','T',540,270,NULL);
INSERT INTO faculty_availability VALUES('Matt Kearl','W',720,90,NULL);
INSERT INTO faculty_availability VALUES('Md Sazib Hasan','R',540,180,NULL);
INSERT INTO faculty_availability VALUES('Md Sazib Hasan','T',540,180,NULL);
INSERT INTO faculty_availability VALUES('Megan R Liljenquist','R',900,240,NULL);
INSERT INTO faculty_availability VALUES('Megan R Liljenquist','T',900,240,NULL);
INSERT INTO faculty_availability VALUES('Megan R Liljenquist','W',900,240,NULL);
INSERT INTO faculty_availability VALUES('Megen E Kepas','F',540,480,NULL);
INSERT INTO faculty_availability VALUES('Megen E Kepas','M',540,480,NULL);
INSERT INTO faculty_availability VALUES('Megen E Kepas','R',540,480,NULL);
INSERT INTO faculty_availability VALUES('Megen E Kepas','T',540,480,NULL);
INSERT INTO faculty_availability VALUES('Megen E Kepas','W',540,480,NULL);
INSERT INTO faculty_availability VALUES('Michael N Paxman','R',990,150,NULL);
INSERT INTO faculty_availability VALUES('Michael N Paxman','T',990,150,NULL);
INSERT INTO faculty_availability VALUES('Nathan St Andre','R',720,300,NULL);
INSERT INTO faculty_availability VALUES('Nathan St Andre','T',720,300,NULL);
INSERT INTO faculty_availability VALUES('Nikell Dodge','R',990,90,NULL);
INSERT INTO faculty_availability VALUES('Nikell Dodge','T',990,90,NULL);
INSERT INTO faculty_availability VALUES('Odean Bowler','F',900,120,NULL);
INSERT INTO faculty_availability VALUES('Odean Bowler','M',900,120,NULL);
INSERT INTO faculty_availability VALUES('Odean Bowler','R',900,120,NULL);
INSERT INTO faculty_availability VALUES('Odean Bowler','T',900,120,NULL);
INSERT INTO faculty_availability VALUES('Odean Bowler','W',900,120,NULL);
INSERT INTO faculty_availability VALUES('Paul H Shirley','T',960,360,NULL);
INSERT INTO faculty_availability VALUES('Paula Manuele Temple','F',540,480,NULL);
INSERT INTO faculty_availability VALUES('Paula Manuele Temple','M',540,480,NULL);
INSERT INTO faculty_availability VALUES('Paula Manuele Temple','R',540,480,NULL);
INSERT INTO faculty_availability VALUES('Paula Manuele Temple','T',540,480,NULL);
INSERT INTO faculty_availability VALUES('Paula Manuele Temple','W',540,480,NULL);
INSERT INTO faculty_availability VALUES('Phil Daley','F',540,180,NULL);
INSERT INTO faculty_availability VALUES('Phil Daley','M',540,360,NULL);
INSERT INTO faculty_availability VALUES('Phil Daley','M',900,90,11);
INSERT INTO faculty_availability VALUES('Phil Daley','R',540,360,NULL);
INSERT INTO faculty_availability VALUES('Phil Daley','R',900,90,11);
INSERT INTO faculty_availability VALUES('Phil Daley','T',540,360,NULL);
INSERT INTO faculty_availability VALUES('Phil Daley','T',900,90,11);
INSERT INTO faculty_availability VALUES('Phil Daley','W',540,360,NULL);
INSERT INTO faculty_availability VALUES('Phil Daley','W',900,90,11);
INSERT INTO faculty_availability VALUES('Randy Klabacka','F',540,480,NULL);
INSERT INTO faculty_availability VALUES('Randy Klabacka','M',540,480,NULL);
INSERT INTO faculty_availability VALUES('Randy Klabacka','R',540,480,NULL);
INSERT INTO faculty_availability VALUES('Randy Klabacka','T',540,480,NULL);
INSERT INTO faculty_availability VALUES('Randy Klabacka','W',540,480,NULL);
INSERT INTO faculty_availability VALUES('Ren Quinn','F',540,180,NULL);
INSERT INTO faculty_availability VALUES('Ren Quinn','F',780,60,NULL);
INSERT INTO faculty_availability VALUES('Ren Quinn','M',540,180,NULL);
INSERT INTO faculty_availability VALUES('Ren Quinn','R',720,90,16);
INSERT INTO faculty_availability VALUES('Ren Quinn','R',810,180,NULL);
INSERT INTO faculty_availability VALUES('Ren Quinn','R',1140,60,NULL);
INSERT INTO faculty_availability VALUES('Ren Quinn','T',720,90,16);
INSERT INTO faculty_availability VALUES('Ren Quinn','T',810,180,NULL);
INSERT INTO faculty_availability VALUES('Ren Quinn','W',540,180,NULL);
INSERT INTO faculty_availability VALUES('Rex Frisbey','F',660,60,NULL);
INSERT INTO faculty_availability VALUES('Rex Frisbey','M',660,60,NULL);
INSERT INTO faculty_availability VALUES('Rex Frisbey','W',660,60,NULL);
INSERT INTO faculty_availability VALUES('Rick L Peirce','T',1170,210,NULL);
INSERT INTO faculty_availability VALUES('Rico Del Sesto','F',540,180,NULL);
INSERT INTO faculty_availability VALUES('Rico Del Sesto','M',540,180,NULL);
INSERT INTO faculty_availability VALUES('Rico Del Sesto','R',540,180,NULL);
INSERT INTO faculty_availability VALUES('Rico Del Sesto','T',540,180,NULL);
INSERT INTO faculty_availability VALUES('Rico Del Sesto','W',540,180,NULL);
INSERT INTO faculty_availability VALUES('Rita Rae Osborn','M',480,60,NULL);
INSERT INTO faculty_availability VALUES('Robert T Reimer','M',990,90,NULL);
INSERT INTO faculty_availability VALUES('Robert T Reimer','W',990,90,NULL);
INSERT INTO faculty_availability VALUES('Ross C Decker','R',540,180,NULL);
INSERT INTO faculty_availability VALUES('Ross C Decker','T',540,180,NULL);
INSERT INTO faculty_availability VALUES('Russ Ross','M',720,180,NULL);
INSERT INTO faculty_availability VALUES('Russ Ross','R',720,180,NULL);
INSERT INTO faculty_availability VALUES('Russ Ross','T',720,180,NULL);
INSERT INTO faculty_availability VALUES('Russ Ross','W',720,180,NULL);
INSERT INTO faculty_availability VALUES('Russell C Reid','F',480,540,NULL);
INSERT INTO faculty_availability VALUES('Russell C Reid','M',480,540,NULL);
INSERT INTO faculty_availability VALUES('Russell C Reid','R',480,600,NULL);
INSERT INTO faculty_availability VALUES('Russell C Reid','T',480,540,NULL);
INSERT INTO faculty_availability VALUES('Russell C Reid','W',480,540,NULL);
INSERT INTO faculty_availability VALUES('Ryan C McConnell','R',990,90,NULL);
INSERT INTO faculty_availability VALUES('Ryan C McConnell','T',990,90,NULL);
INSERT INTO faculty_availability VALUES('Sai C Radavaram','F',480,540,NULL);
INSERT INTO faculty_availability VALUES('Sai C Radavaram','M',480,540,NULL);
INSERT INTO faculty_availability VALUES('Sai C Radavaram','R',480,600,NULL);
INSERT INTO faculty_availability VALUES('Sai C Radavaram','T',480,600,NULL);
INSERT INTO faculty_availability VALUES('Sai C Radavaram','W',480,540,NULL);
INSERT INTO faculty_availability VALUES('Samuel K Tobler','F',540,480,NULL);
INSERT INTO faculty_availability VALUES('Samuel K Tobler','M',540,480,NULL);
INSERT INTO faculty_availability VALUES('Samuel K Tobler','R',540,480,NULL);
INSERT INTO faculty_availability VALUES('Samuel K Tobler','T',540,480,NULL);
INSERT INTO faculty_availability VALUES('Samuel K Tobler','W',540,480,NULL);
INSERT INTO faculty_availability VALUES('Sarah Morgan Black','R',540,480,NULL);
INSERT INTO faculty_availability VALUES('Sarah Morgan Black','T',540,480,NULL);
INSERT INTO faculty_availability VALUES('Scott A Skeen','F',480,540,NULL);
INSERT INTO faculty_availability VALUES('Scott A Skeen','M',480,540,NULL);
INSERT INTO faculty_availability VALUES('Scott A Skeen','R',480,540,NULL);
INSERT INTO faculty_availability VALUES('Scott A Skeen','T',480,540,NULL);
INSERT INTO faculty_availability VALUES('Scott A Skeen','W',480,540,NULL);
INSERT INTO faculty_availability VALUES('Scott B Griffin','F',540,480,NULL);
INSERT INTO faculty_availability VALUES('Scott B Griffin','M',540,480,NULL);
INSERT INTO faculty_availability VALUES('Scott B Griffin','R',540,480,NULL);
INSERT INTO faculty_availability VALUES('Scott B Griffin','T',540,480,NULL);
INSERT INTO faculty_availability VALUES('Scott B Griffin','W',540,480,NULL);
INSERT INTO faculty_availability VALUES('Scott E Bulloch','R',960,180,NULL);
INSERT INTO faculty_availability VALUES('Scott Patrick Hicks','M',960,240,NULL);
INSERT INTO faculty_availability VALUES('Scott Patrick Hicks','W',960,240,NULL);
INSERT INTO faculty_availability VALUES('Steven K Sullivan','F',480,240,NULL);
INSERT INTO faculty_availability VALUES('Steven K Sullivan','M',480,240,NULL);
INSERT INTO faculty_availability VALUES('Steven K Sullivan','R',480,240,NULL);
INSERT INTO faculty_availability VALUES('Steven K Sullivan','T',480,240,NULL);
INSERT INTO faculty_availability VALUES('Steven K Sullivan','W',480,240,NULL);
INSERT INTO faculty_availability VALUES('Steven McKay Sullivan','F',540,480,NULL);
INSERT INTO faculty_availability VALUES('Steven McKay Sullivan','M',540,480,NULL);
INSERT INTO faculty_availability VALUES('Steven McKay Sullivan','R',540,480,NULL);
INSERT INTO faculty_availability VALUES('Steven McKay Sullivan','T',540,480,NULL);
INSERT INTO faculty_availability VALUES('Steven McKay Sullivan','W',540,480,NULL);
INSERT INTO faculty_availability VALUES('Teisha Richan','F',540,480,NULL);
INSERT INTO faculty_availability VALUES('Teisha Richan','M',540,480,NULL);
INSERT INTO faculty_availability VALUES('Teisha Richan','R',540,480,NULL);
INSERT INTO faculty_availability VALUES('Teisha Richan','T',540,480,NULL);
INSERT INTO faculty_availability VALUES('Teisha Richan','W',540,480,NULL);
INSERT INTO faculty_availability VALUES('Trevor K Johnson','F',540,480,NULL);
INSERT INTO faculty_availability VALUES('Trevor K Johnson','M',540,480,NULL);
INSERT INTO faculty_availability VALUES('Trevor K Johnson','R',540,480,NULL);
INSERT INTO faculty_availability VALUES('Trevor K Johnson','T',540,480,NULL);
INSERT INTO faculty_availability VALUES('Trevor K Johnson','W',540,480,NULL);
INSERT INTO faculty_availability VALUES('Tye K Rogers','F',480,540,NULL);
INSERT INTO faculty_availability VALUES('Tye K Rogers','M',480,540,NULL);
INSERT INTO faculty_availability VALUES('Tye K Rogers','R',480,540,NULL);
INSERT INTO faculty_availability VALUES('Tye K Rogers','T',480,540,NULL);
INSERT INTO faculty_availability VALUES('Tye K Rogers','W',480,540,NULL);
INSERT INTO faculty_availability VALUES('Vinodh Kumar Chellamuthu','M',900,180,NULL);
INSERT INTO faculty_availability VALUES('Vinodh Kumar Chellamuthu','W',900,180,NULL);
INSERT INTO faculty_availability VALUES('Violeta Adina Ionita','F',480,540,NULL);
INSERT INTO faculty_availability VALUES('Violeta Adina Ionita','M',480,540,NULL);
INSERT INTO faculty_availability VALUES('Violeta Adina Ionita','R',480,540,NULL);
INSERT INTO faculty_availability VALUES('Violeta Adina Ionita','T',480,540,NULL);
INSERT INTO faculty_availability VALUES('Violeta Adina Ionita','W',480,540,NULL);
INSERT INTO faculty_availability VALUES('Wendy E Schatzberg','F',540,480,NULL);
INSERT INTO faculty_availability VALUES('Wendy E Schatzberg','M',540,480,NULL);
INSERT INTO faculty_availability VALUES('Wendy E Schatzberg','R',540,480,NULL);
INSERT INTO faculty_availability VALUES('Wendy E Schatzberg','T',540,600,NULL);
INSERT INTO faculty_availability VALUES('Wendy E Schatzberg','W',540,480,NULL);
INSERT INTO faculty_availability VALUES('Zhenyu Jin','F',540,480,NULL);
INSERT INTO faculty_availability VALUES('Zhenyu Jin','M',540,480,NULL);
INSERT INTO faculty_availability VALUES('Zhenyu Jin','R',540,480,NULL);
INSERT INTO faculty_availability VALUES('Zhenyu Jin','T',540,480,NULL);
INSERT INTO faculty_availability VALUES('Zhenyu Jin','W',540,480,NULL);
INSERT INTO faculty_preferences VALUES('Bart Stander','MT',1,11,11,15);
INSERT INTO faculty_preferences VALUES('Carol Stander','MT',NULL,NULL,11,15);
INSERT INTO faculty_preferences VALUES('Curtis Larsen','MT',0,11,11,15);
INSERT INTO faculty_preferences VALUES('DJ Holt','MT',0,11,11,15);
INSERT INTO faculty_preferences VALUES('Jay Sneddon','MT',0,11,11,15);
INSERT INTO faculty_preferences VALUES('Joe Francom','MT',1,11,11,15);
INSERT INTO faculty_preferences VALUES('Lora Klein','MT',NULL,NULL,11,15);
INSERT INTO faculty_preferences VALUES('Matt Kearl','MT',1,11,11,15);
INSERT INTO faculty_preferences VALUES('Phil Daley','MT',0,11,11,15);
INSERT INTO faculty_preferences VALUES('Ren Quinn','MT',0,11,11,15);
INSERT INTO faculty_preferences VALUES('Russ Ross','MT',0,11,11,15);
INSERT INTO faculty_preference_intervals VALUES('Bart Stander',0,0,105,15);
INSERT INTO faculty_preference_intervals VALUES('Bart Stander',0,0,195,11);
INSERT INTO faculty_preference_intervals VALUES('Bart Stander',0,1,60,11);
INSERT INTO faculty_preference_intervals VALUES('Bart Stander',1,0,165,11);
INSERT INTO faculty_preference_intervals VALUES('Bart Stander',1,1,110,15);
INSERT INTO faculty_preference_intervals VALUES('Carol Stander',0,0,105,15);
INSERT INTO faculty_preference_intervals VALUES('Carol Stander',0,0,195,11);
INSERT INTO faculty_preference_intervals VALUES('Carol Stander',0,1,60,11);
INSERT INTO faculty_preference_intervals VALUES('Carol Stander',1,0,165,11);
INSERT INTO faculty_preference_intervals VALUES('Carol Stander',1,1,110,15);
INSERT INTO faculty_preference_intervals VALUES('Curtis Larsen',0,0,105,15);
INSERT INTO faculty_preference_intervals VALUES('Curtis Larsen',0,0,195,11);
INSERT INTO faculty_preference_intervals VALUES('Curtis Larsen',0,1,60,11);
INSERT INTO faculty_preference_intervals VALUES('Curtis Larsen',1,0,165,11);
INSERT INTO faculty_preference_intervals VALUES('Curtis Larsen',1,1,110,15);
INSERT INTO faculty_preference_intervals VALUES('DJ Holt',0,0,105,15);
INSERT INTO faculty_preference_intervals VALUES('DJ Holt',0,0,195,11);
INSERT INTO faculty_preference_intervals VALUES('DJ Holt',0,1,60,11);
INSERT INTO faculty_preference_intervals VALUES('DJ Holt',1,0,165,11);
INSERT INTO faculty_preference_intervals VALUES('DJ Holt',1,1,110,15);
INSERT INTO faculty_preference_intervals VALUES('Jay Sneddon',0,0,105,15);
INSERT INTO faculty_preference_intervals VALUES('Jay Sneddon',0,0,195,11);
INSERT INTO faculty_preference_intervals VALUES('Jay Sneddon',0,1,60,11);
INSERT INTO faculty_preference_intervals VALUES('Jay Sneddon',1,0,165,11);
INSERT INTO faculty_preference_intervals VALUES('Jay Sneddon',1,1,110,15);
INSERT INTO faculty_preference_intervals VALUES('Joe Francom',0,0,105,15);
INSERT INTO faculty_preference_intervals VALUES('Joe Francom',0,0,195,11);
INSERT INTO faculty_preference_intervals VALUES('Joe Francom',0,1,60,11);
INSERT INTO faculty_preference_intervals VALUES('Joe Francom',1,0,165,11);
INSERT INTO faculty_preference_intervals VALUES('Joe Francom',1,1,110,15);
INSERT INTO faculty_preference_intervals VALUES('Lora Klein',0,0,105,15);
INSERT INTO faculty_preference_intervals VALUES('Lora Klein',0,0,195,11);
INSERT INTO faculty_preference_intervals VALUES('Lora Klein',0,1,60,11);
INSERT INTO faculty_preference_intervals VALUES('Lora Klein',1,0,165,11);
INSERT INTO faculty_preference_intervals VALUES('Lora Klein',1,1,110,15);
INSERT INTO faculty_preference_intervals VALUES('Matt Kearl',0,0,105,15);
INSERT INTO faculty_preference_intervals VALUES('Matt Kearl',0,0,195,11);
INSERT INTO faculty_preference_intervals VALUES('Matt Kearl',0,1,60,11);
INSERT INTO faculty_preference_intervals VALUES('Matt Kearl',1,0,165,11);
INSERT INTO faculty_preference_intervals VALUES('Matt Kearl',1,1,110,15);
INSERT INTO faculty_preference_intervals VALUES('Phil Daley',0,0,105,15);
INSERT INTO faculty_preference_intervals VALUES('Phil Daley',0,0,195,11);
INSERT INTO faculty_preference_intervals VALUES('Phil Daley',0,1,60,11);
INSERT INTO faculty_preference_intervals VALUES('Phil Daley',1,0,165,11);
INSERT INTO faculty_preference_intervals VALUES('Phil Daley',1,1,110,15);
INSERT INTO faculty_preference_intervals VALUES('Ren Quinn',0,0,105,15);
INSERT INTO faculty_preference_intervals VALUES('Ren Quinn',0,0,195,11);
INSERT INTO faculty_preference_intervals VALUES('Ren Quinn',0,1,60,11);
INSERT INTO faculty_preference_intervals VALUES('Ren Quinn',1,0,165,11);
INSERT INTO faculty_preference_intervals VALUES('Ren Quinn',1,1,110,15);
INSERT INTO faculty_preference_intervals VALUES('Russ Ross',0,0,105,15);
INSERT INTO faculty_preference_intervals VALUES('Russ Ross',0,0,195,11);
INSERT INTO faculty_preference_intervals VALUES('Russ Ross',0,1,60,11);
INSERT INTO faculty_preference_intervals VALUES('Russ Ross',1,0,165,11);
INSERT INTO faculty_preference_intervals VALUES('Russ Ross',1,1,110,15);
INSERT INTO courses VALUES('BIOL 1001','Biology','FYE: Biological Sciences');
INSERT INTO courses VALUES('BIOL 1010','Biology','General Biology (LS)');
INSERT INTO courses VALUES('BIOL 1015','Biology','General Biology Lab (LAB)');
INSERT INTO courses VALUES('BIOL 1200','Biology','Human Biology (LS)');
INSERT INTO courses VALUES('BIOL 1300','Biology','Evolution & Ecology');
INSERT INTO courses VALUES('BIOL 1610','Biology','Principles of Biology I (LS)');
INSERT INTO courses VALUES('BIOL 1615','Biology','Principles of Biology I Lab (LAB)');
INSERT INTO courses VALUES('BIOL 1615A','Biology','Honors Prin. of Biology Lab');
INSERT INTO courses VALUES('BIOL 1620','Biology','Principles of Biology II');
INSERT INTO courses VALUES('BIOL 1625','Biology','Principles of Biology II Lab');
INSERT INTO courses VALUES('BIOL 2060','Biology','Principles of Microbiology');
INSERT INTO courses VALUES('BIOL 2065','Biology','Principles of Microbiology Lab');
INSERT INTO courses VALUES('BIOL 2300','Biology','Fundamentals of Bioinformatics');
INSERT INTO courses VALUES('BIOL 2320','Biology','Human Anatomy');
INSERT INTO courses VALUES('BIOL 2325','Biology','Human Anatomy Lab');
INSERT INTO courses VALUES('BIOL 2400','Biology','Plant Kingdom (LS, ALPP)');
INSERT INTO courses VALUES('BIOL 2405','Biology','Plant Kingdom Lab (LAB, ALPP)');
INSERT INTO courses VALUES('BIOL 2420','Biology','Human Physiology');
INSERT INTO courses VALUES('BIOL 2425','Biology','Human Physiology Lab');
INSERT INTO courses VALUES('BIOL 2890R','Biology','Introductory Life Science Internship');
INSERT INTO courses VALUES('BIOL 2991R','Biology','Careers in Biology');
INSERT INTO courses VALUES('BIOL 3000R','Biology','Advanced Utah Health Scholars Students');
INSERT INTO courses VALUES('BIOL 3010','Biology','Evolution');
INSERT INTO courses VALUES('BIOL 3030','Biology','Principles of Genetics');
INSERT INTO courses VALUES('BIOL 3040','Biology','General Ecology');
INSERT INTO courses VALUES('BIOL 3045','Biology','General Ecology Lab');
INSERT INTO courses VALUES('BIOL 3050','Biology','Head/Neck Anatomy/Oral Anatomy, Histology, Embryology');
INSERT INTO courses VALUES('BIOL 3100','Biology','Bioethics');
INSERT INTO courses VALUES('BIOL 3110','Biology','Scientific Writing');
INSERT INTO courses VALUES('BIOL 3120','Biology','Science Communication');
INSERT INTO courses VALUES('BIOL 3140','Biology','Comparative Vertebrate Anatomy');
INSERT INTO courses VALUES('BIOL 3145','Biology','Comparative Vertebrate Anatomy Lab');
INSERT INTO courses VALUES('BIOL 3150','Biology','Biostatistics and the Scientific Method');
INSERT INTO courses VALUES('BIOL 3155','Biology','Scientific Method and Experimental Design');
INSERT INTO courses VALUES('BIOL 3200','Biology','Invertebrate Zoology');
INSERT INTO courses VALUES('BIOL 3205','Biology','Invertebrate Zoology Lab');
INSERT INTO courses VALUES('BIOL 3230R','Biology','Cadaver Practicum');
INSERT INTO courses VALUES('BIOL 3250','Biology','Cancer Biology');
INSERT INTO courses VALUES('BIOL 3300','Biology','Introduction to Bioinformatics');
INSERT INTO courses VALUES('BIOL 3340','Biology','Plant Anatomy');
INSERT INTO courses VALUES('BIOL 3345','Biology','Plant Anatomy Lab');
INSERT INTO courses VALUES('BIOL 3360','Biology','Developmental Biology');
INSERT INTO courses VALUES('BIOL 3420','Biology','Advanced Human Physiology');
INSERT INTO courses VALUES('BIOL 3450','Biology','General Microbiology');
INSERT INTO courses VALUES('BIOL 3455','Biology','General Microbiology Lab');
INSERT INTO courses VALUES('BIOL 3460','Biology','Biology of Infectious Disease');
INSERT INTO courses VALUES('BIOL 3470','Biology','Introduction to Immunology');
INSERT INTO courses VALUES('BIOL 3550','Biology','Eukaryotic Cell Biology');
INSERT INTO courses VALUES('BIOL 3555','Biology','Eukaryotic Cell Biology Lab');
INSERT INTO courses VALUES('BIOL 3700','Biology','Advanced Medical Terminology');
INSERT INTO courses VALUES('BIOL 3750','Biology','Microbial Ecology');
INSERT INTO courses VALUES('BIOL 3755','Biology','Microbial Ecology Laboratory');
INSERT INTO courses VALUES('BIOL 3800','Biology','Biology of Sex');
INSERT INTO courses VALUES('BIOL 4010','Biology','Molecular Evolution');
INSERT INTO courses VALUES('BIOL 4040','Biology','Medical Ecology');
INSERT INTO courses VALUES('BIOL 4200','Biology','Plant Taxonomy (ALPP)');
INSERT INTO courses VALUES('BIOL 4205','Biology','Plant Taxonomy Lab (ALPP)');
INSERT INTO courses VALUES('BIOL 4230','Biology','General Parasitology');
INSERT INTO courses VALUES('BIOL 4260','Biology','Herpetology');
INSERT INTO courses VALUES('BIOL 4265','Biology','Herpetology Lab');
INSERT INTO courses VALUES('BIOL 4270','Biology','Ichthyology');
INSERT INTO courses VALUES('BIOL 4275','Biology','Ichthyology Lab');
INSERT INTO courses VALUES('BIOL 4280','Biology','Marine Biology');
INSERT INTO courses VALUES('BIOL 4300','Biology','Molecular Biology');
INSERT INTO courses VALUES('BIOL 4305','Biology','Molecular Biology Laboratory');
INSERT INTO courses VALUES('BIOL 4310','Biology','Advanced Bioinformatics');
INSERT INTO courses VALUES('BIOL 4320','Biology','Scripting for Biologists');
INSERT INTO courses VALUES('BIOL 4350','Biology','Animal Behavior');
INSERT INTO courses VALUES('BIOL 4355','Biology','Animal Behavior Lab');
INSERT INTO courses VALUES('BIOL 4380','Biology','Ornithology');
INSERT INTO courses VALUES('BIOL 4385','Biology','Ornithology Lab');
INSERT INTO courses VALUES('BIOL 4400','Biology','Pathophysiology');
INSERT INTO courses VALUES('BIOL 4411','Biology','Mammalogy');
INSERT INTO courses VALUES('BIOL 4415','Biology','Mammalogy Lab');
INSERT INTO courses VALUES('BIOL 4440','Biology','General Entomology');
INSERT INTO courses VALUES('BIOL 4445','Biology','General Entomology Lab');
INSERT INTO courses VALUES('BIOL 4500','Biology','Comparative Vertebrate Physiology');
INSERT INTO courses VALUES('BIOL 4505','Biology','Comparative Vertebrate Physiology Lab');
INSERT INTO courses VALUES('BIOL 4520','Biology','Psychobiology');
INSERT INTO courses VALUES('BIOL 4525','Biology','Psychobiology Lab');
INSERT INTO courses VALUES('BIOL 4600','Biology','Plant Physiology');
INSERT INTO courses VALUES('BIOL 4605','Biology','Plant Physiology Lab');
INSERT INTO courses VALUES('BIOL 4810R','Biology','Independent Research');
INSERT INTO courses VALUES('BIOL 4890R','Biology','Life Science Internship');
INSERT INTO courses VALUES('BIOL 4910','Biology','Senior Seminar');
INSERT INTO courses VALUES('BIOL 4930R','Biology','Senior Thesis');
INSERT INTO courses VALUES('BIOL 4990R','Biology','Seminar in Biology');
INSERT INTO courses VALUES('BTEC 1010','Biology','Fundamentals of Biotechnology');
INSERT INTO courses VALUES('BTEC 2010','Biology','DNA Methods and Analysis');
INSERT INTO courses VALUES('BTEC 2020','Biology','Protein Purification and Analysis');
INSERT INTO courses VALUES('BTEC 2030','Biology','Cell Culture Techniques');
INSERT INTO courses VALUES('BTEC 2040','Biology','Advanced Nucleic Acids Laboratory');
INSERT INTO courses VALUES('BTEC 2050','Biology','Zebrafish Maintenance & Methodology');
INSERT INTO courses VALUES('BTEC 3010','Biology','Sequencing Methods and Techniques');
INSERT INTO courses VALUES('BTEC 3020','Biology','Protein Cloning, Expression, and Purification');
INSERT INTO courses VALUES('BTEC 3040','Biology','Zebrafish Maintenance and Microscopy');
INSERT INTO courses VALUES('BTEC 3050','Biology','CRISPR/Cas9 Techniques');
INSERT INTO courses VALUES('BTEC 4020','Biology','Advanced Protein Characterization');
INSERT INTO courses VALUES('BTEC 4040','Biology','Techniques in Functional Genomics');
INSERT INTO courses VALUES('BTEC 4050','Biology','In Situ Hybridization');
INSERT INTO courses VALUES('BTEC 4060','Biology','Variant Validation in Zebrafish');
INSERT INTO courses VALUES('CHEM 1001','Chemistry','FYE: Chemistry');
INSERT INTO courses VALUES('CHEM 1010','Chemistry','Introduction to Chemistry (PS)');
INSERT INTO courses VALUES('CHEM 1015','Chemistry','Introduction to Chemistry Lab (LAB)');
INSERT INTO courses VALUES('CHEM 1020','Chemistry','Culinary Chemistry (PS)');
INSERT INTO courses VALUES('CHEM 1110','Chemistry','Elementary General/Organic Chemistry (PS)');
INSERT INTO courses VALUES('CHEM 1115','Chemistry','Elem General/Organic Chemistry Lab (LAB)');
INSERT INTO courses VALUES('CHEM 1120','Chemistry','Elem Organic / Bio Chemistry');
INSERT INTO courses VALUES('CHEM 1125','Chemistry','Elem Organic/Bio Chemistry Lab');
INSERT INTO courses VALUES('CHEM 1150','Chemistry','Integrated Chemistry for Health Sciences (PS)');
INSERT INTO courses VALUES('CHEM 1155','Chemistry','Integrated Chemistry for Health Sciences Laboratory (LAB)');
INSERT INTO courses VALUES('CHEM 1200','Chemistry','Preparation for Gen Chemistry (PS)');
INSERT INTO courses VALUES('CHEM 1210','Chemistry','Principles of Chemistry I (PS)');
INSERT INTO courses VALUES('CHEM 1215','Chemistry','Principles of Chemistry I Lab (LAB)');
INSERT INTO courses VALUES('CHEM 1220','Chemistry','Principles of Chemistry II');
INSERT INTO courses VALUES('CHEM 1225','Chemistry','Principles of Chemistry II Lab');
INSERT INTO courses VALUES('CHEM 2310','Chemistry','Organic Chemistry I');
INSERT INTO courses VALUES('CHEM 2315','Chemistry','Organic Chemistry I Lab');
INSERT INTO courses VALUES('CHEM 2320','Chemistry','Organic Chemistry II');
INSERT INTO courses VALUES('CHEM 2325','Chemistry','Organic Chemistry II Lab');
INSERT INTO courses VALUES('CHEM 2600','Chemistry','Laboratory Safety and Practices');
INSERT INTO courses VALUES('CHEM 2700R','Chemistry','Methods in Chemistry Research');
INSERT INTO courses VALUES('CHEM 2990R','Chemistry','Chemistry Seminar and Professional Development');
INSERT INTO courses VALUES('CHEM 3000','Chemistry','Quantitative Chemical Analysis');
INSERT INTO courses VALUES('CHEM 3005','Chemistry','Quantitative Chemical Analysis Laboratory');
INSERT INTO courses VALUES('CHEM 3060','Chemistry','Physical Chemistry 1');
INSERT INTO courses VALUES('CHEM 3065','Chemistry','Physical Chemistry I Lab');
INSERT INTO courses VALUES('CHEM 3070','Chemistry','Physical Chemistry II');
INSERT INTO courses VALUES('CHEM 3075','Chemistry','Physical Chemistry II Lab');
INSERT INTO courses VALUES('CHEM 3100','Chemistry','Inorganic Chemistry');
INSERT INTO courses VALUES('CHEM 3300','Chemistry','Instrumental Analysis');
INSERT INTO courses VALUES('CHEM 3510','Chemistry','Biochemistry I');
INSERT INTO courses VALUES('CHEM 3515','Chemistry','Biochemistry I Lab');
INSERT INTO courses VALUES('CHEM 3520','Chemistry','Biochemistry II');
INSERT INTO courses VALUES('CHEM 3525','Chemistry','Biochemistry II Lab');
INSERT INTO courses VALUES('CHEM 4100','Chemistry','Advanced Inorganic Chemistry');
INSERT INTO courses VALUES('CHEM 4200','Chemistry','Environmental Chemistry');
INSERT INTO courses VALUES('CHEM 4310','Chemistry','Adv Organic Chemistry I');
INSERT INTO courses VALUES('CHEM 4510','Chemistry','Chemistry of Materials');
INSERT INTO courses VALUES('CHEM 4610','Chemistry','Nutritional Biochemistry');
INSERT INTO courses VALUES('CHEM 4800R','Chemistry','Independent Research');
INSERT INTO courses VALUES('CHEM 4910','Chemistry','Chemistry Senior Seminar');
INSERT INTO courses VALUES('CS 1030','Computing','Problem Solving with Computers');
INSERT INTO courses VALUES('CS 1400','Computing','Fundamentals of Programming');
INSERT INTO courses VALUES('CS 1410','Computing','Object Oriented Programming');
INSERT INTO courses VALUES('CS 2420','Computing','Introduction to Algorithms and Data Structures');
INSERT INTO courses VALUES('CS 2450','Computing','Software Engineering');
INSERT INTO courses VALUES('CS 2500','Computing','Data Wrangling');
INSERT INTO courses VALUES('CS 2810','Computing','Computer Organization and Architecture');
INSERT INTO courses VALUES('CS 3005','Computing','Programming in C++');
INSERT INTO courses VALUES('CS 3150','Computing','Computer Networks');
INSERT INTO courses VALUES('CS 3310','Computing','Discrete Mathematics');
INSERT INTO courses VALUES('CS 3400','Computing','Operating Systems');
INSERT INTO courses VALUES('CS 3410','Computing','Distributed Systems');
INSERT INTO courses VALUES('CS 3500','Computing','Application Development');
INSERT INTO courses VALUES('CS 3510','Computing','Algorithms');
INSERT INTO courses VALUES('CS 3520','Computing','Programming Languages');
INSERT INTO courses VALUES('CS 3530','Computing','Computational Theory');
INSERT INTO courses VALUES('CS 3600','Computing','Graphics Programming');
INSERT INTO courses VALUES('CS 4300','Computing','Artificial Intelligence');
INSERT INTO courses VALUES('CS 4307','Computing','Database Systems');
INSERT INTO courses VALUES('CS 4310','Computing','Database Administration');
INSERT INTO courses VALUES('CS 4320','Computing','Machine Learning');
INSERT INTO courses VALUES('CS 4400','Computing','Data Mining');
INSERT INTO courses VALUES('CS 4410','Computing','Data Visualization');
INSERT INTO courses VALUES('CS 4550','Computing','Compilers');
INSERT INTO courses VALUES('CS 4600','Computing','Senior Project');
INSERT INTO courses VALUES('CS 4800R','Computing','Undergraduate Research');
INSERT INTO courses VALUES('CS 4920R','Computing','Internship');
INSERT INTO courses VALUES('CS 4990','Computing','Special Topics in Computer Science');
INSERT INTO courses VALUES('CS 4991R','Computing','Competitive Programming');
INSERT INTO courses VALUES('CS 4992R','Computing','Computer Science Seminar');
INSERT INTO courses VALUES('DES 1100','Design','Intro to Digital Design');
INSERT INTO courses VALUES('DES 1101','Design','Adobe InDesign Certification');
INSERT INTO courses VALUES('DES 1102','Design','Adobe Illustrator Certification');
INSERT INTO courses VALUES('DES 1103','Design','Adobe Photoshop Certification');
INSERT INTO courses VALUES('DES 1111','Design','Intro to Digital Design Skills Exam');
INSERT INTO courses VALUES('DES 1200','Design','Image Making');
INSERT INTO courses VALUES('DES 1300','Design','Design I');
INSERT INTO courses VALUES('DES 1610','Design','Screen Printing');
INSERT INTO courses VALUES('DES 2100','Design','Design Thinking');
INSERT INTO courses VALUES('DES 2200','Design','Photography for Design');
INSERT INTO courses VALUES('DES 2300','Design','Design II');
INSERT INTO courses VALUES('DES 2710','Design','Typography I');
INSERT INTO courses VALUES('DES 2780','Design','Making and Materials');
INSERT INTO courses VALUES('DES 3000','Design','Design III');
INSERT INTO courses VALUES('DES 3300','Design','Motion Graphics I');
INSERT INTO courses VALUES('DES 3400','Design','Information Design');
INSERT INTO courses VALUES('DES 3600','Design','3-D Visualization');
INSERT INTO courses VALUES('DES 3610','Design','Portfolio Development I');
INSERT INTO courses VALUES('DES 3710','Design','Typography II');
INSERT INTO courses VALUES('DES 3780','Design','Production Design');
INSERT INTO courses VALUES('DES 3800','Design','Branding');
INSERT INTO courses VALUES('DES 4300','Design','Motion Graphics II');
INSERT INTO courses VALUES('DES 4600','Design','Senior Project');
INSERT INTO courses VALUES('DES 4610','Design','Portfolio Development II');
INSERT INTO courses VALUES('DES 4650','Design','Publication Design');
INSERT INTO courses VALUES('DES 4750','Design','Package Design');
INSERT INTO courses VALUES('DES 4900R','Design','Independent Research');
INSERT INTO courses VALUES('DES 4910R','Design','Special Topics in Applied Technology');
INSERT INTO courses VALUES('DES 4920','Design','Internship');
INSERT INTO courses VALUES('DES 4990','Design','Special Topics in Design');
INSERT INTO courses VALUES('ECE 1200','Engineering','MATLAB and Arduino');
INSERT INTO courses VALUES('ECE 2100','Engineering','Semiconductor Devices');
INSERT INTO courses VALUES('ECE 2280','Engineering','Microelectronics');
INSERT INTO courses VALUES('ECE 2285','Engineering','Microelectronics Lab');
INSERT INTO courses VALUES('ECE 2700','Engineering','Digital Circuits');
INSERT INTO courses VALUES('ECE 2705','Engineering','Digital Circuits Lab');
INSERT INTO courses VALUES('ECE 3300','Engineering','Electromagnetics & Transmission Lines');
INSERT INTO courses VALUES('ECE 3305','Engineering','Electromagnetics & Transmission Lines Lab');
INSERT INTO courses VALUES('ECE 3500','Engineering','Signals and Systems');
INSERT INTO courses VALUES('ECE 3600','Engineering','Electric Machinery');
INSERT INTO courses VALUES('ECE 3605','Engineering','Electric Machinery Lab');
INSERT INTO courses VALUES('ECE 3730','Engineering','Embedded Systems I');
INSERT INTO courses VALUES('ECE 3735','Engineering','Embedded Systems I Lab');
INSERT INTO courses VALUES('ECE 4000','Engineering','EE Product Design I');
INSERT INTO courses VALUES('ECE 4005','Engineering','CE Product Design I');
INSERT INTO courses VALUES('ECE 4010','Engineering','EE Product Design II');
INSERT INTO courses VALUES('ECE 4015','Engineering','CE Product Design II');
INSERT INTO courses VALUES('ECE 4500','Engineering','Digital Signal Processing');
INSERT INTO courses VALUES('ECE 4510','Engineering','Image Processing');
INSERT INTO courses VALUES('ECE 4730','Engineering','Embedded Systems II');
INSERT INTO courses VALUES('ECE 4735','Engineering','Embedded Systems II Lab');
INSERT INTO courses VALUES('ECE 4800R','Engineering','Independent Research');
INSERT INTO courses VALUES('ECE 4990','Engineering','Special Topics Lecture');
INSERT INTO courses VALUES('ECE 4995','Engineering','Special Topics Lab');
INSERT INTO courses VALUES('ENER 3310','Earth','Energy and the Environment');
INSERT INTO courses VALUES('ENER 4310','Earth','Energy Technology and Sustainability');
INSERT INTO courses VALUES('ENGR 2050','Engineering','Fundamentals of Engineering Mathematics');
INSERT INTO courses VALUES('ENVS 1010','Earth','Intro to Environmental Science (PS)');
INSERT INTO courses VALUES('ENVS 1099','Earth','Environmental Science Recitation for Majors');
INSERT INTO courses VALUES('ENVS 1210','Earth','Introduction to Environmental Science');
INSERT INTO courses VALUES('ENVS 1215','Earth','Introduction to Environmental Science Laboratory');
INSERT INTO courses VALUES('ENVS 2000R','Earth','Field Experience: Environmental Science (LAB)');
INSERT INTO courses VALUES('ENVS 2099R','Earth','Special Topics in Environmental Science');
INSERT INTO courses VALUES('ENVS 2210','Earth','Environmental Pollution and Remediation Techniques');
INSERT INTO courses VALUES('ENVS 2700R','Earth','Field Methods in Environmental Science');
INSERT INTO courses VALUES('ENVS 2990R','Earth','Career Seminar in Environmental Science');
INSERT INTO courses VALUES('ENVS 3110','Earth','Scientific Writing');
INSERT INTO courses VALUES('ENVS 3210','Earth','Soil Science');
INSERT INTO courses VALUES('ENVS 3280','Earth','Environmental Policy, Regulations, Health, and Safety');
INSERT INTO courses VALUES('ENVS 3410','Earth','Air Quality and Control Technologies');
INSERT INTO courses VALUES('ENVS 3510','Earth','Waste Management');
INSERT INTO courses VALUES('ENVS 3910','Earth','Costa Rica Natural History');
INSERT INTO courses VALUES('ENVS 3920','Earth','Peruvian Amazon Natural History');
INSERT INTO courses VALUES('ENVS 3930','Earth','South Africa Natural History');
INSERT INTO courses VALUES('ENVS 4080','Earth','Environmental Monitoring and Characterization');
INSERT INTO courses VALUES('ENVS 4099R','Earth','Special Topics in Environmental Science');
INSERT INTO courses VALUES('ENVS 4800R','Earth','Independent Research');
INSERT INTO courses VALUES('ENVS 4910','Earth','Senior Seminar');
INSERT INTO courses VALUES('GEO 1010','Earth','Introduction to Geology (PS)');
INSERT INTO courses VALUES('GEO 1015','Earth','Introduction to Geology Lab (LAB)');
INSERT INTO courses VALUES('GEO 1020','Earth','Life of the Past (PS)');
INSERT INTO courses VALUES('GEO 1040','Earth','Introduction to Dinosaurs (PS)');
INSERT INTO courses VALUES('GEO 1045','Earth','Introduction to Dinosaurs Laboratory (LAB)');
INSERT INTO courses VALUES('GEO 1050','Earth','Geology of the National Parks (PS)');
INSERT INTO courses VALUES('GEO 1055','Earth','Geology National Parks Lab (LAB)');
INSERT INTO courses VALUES('GEO 1080','Earth','Introduction to Oceanography (PS)');
INSERT INTO courses VALUES('GEO 1085','Earth','Intro to Oceanography Lab (LAB)');
INSERT INTO courses VALUES('GEO 1110','Earth','Physical Geology (PS)');
INSERT INTO courses VALUES('GEO 1115','Earth','Physical Geology Lab (LAB)');
INSERT INTO courses VALUES('GEO 1220','Earth','Historical Geology');
INSERT INTO courses VALUES('GEO 1225','Earth','Historical Geology Lab');
INSERT INTO courses VALUES('GEO 2000R','Earth','Applied Geologic Investigation of Grand Canyon, Zion, and Bryce National Parks (LAB)');
INSERT INTO courses VALUES('GEO 2050','Earth','Earth Materials');
INSERT INTO courses VALUES('GEO 2700R','Earth','Field Methods in Geoscience Research');
INSERT INTO courses VALUES('GEO 2990R','Earth','Career Seminar in Geology');
INSERT INTO courses VALUES('GEO 3000','Earth','Advanced Geologic Investigation of Colorado Plateau Basin and Range provinces through national parks');
INSERT INTO courses VALUES('GEO 3060','Earth','Environmental Geology');
INSERT INTO courses VALUES('GEO 3110','Earth','Scientific Writing');
INSERT INTO courses VALUES('GEO 3180','Earth','Paleontology');
INSERT INTO courses VALUES('GEO 3200','Earth','Mineralogy');
INSERT INTO courses VALUES('GEO 3400','Earth','Water Resources');
INSERT INTO courses VALUES('GEO 3500','Earth','Geomorphology');
INSERT INTO courses VALUES('GEO 3550','Earth','Sedimentology & Stratigraphy');
INSERT INTO courses VALUES('GEO 3600','Earth','Igneous and Metamorphic Petrology');
INSERT INTO courses VALUES('GEO 3700','Earth','Structural Geology and Tectonics');
INSERT INTO courses VALUES('GEO 3710','Earth','Hydrology');
INSERT INTO courses VALUES('GEO 3910','Earth','Applied Geologic Investigation of Iceland');
INSERT INTO courses VALUES('GEO 3920','Earth','Applied Geological Investigation of the Andes');
INSERT INTO courses VALUES('GEO 4000R','Earth','Selected Geology Field Excursions');
INSERT INTO courses VALUES('GEO 4600','Earth','Field Geology');
INSERT INTO courses VALUES('GEO 4800R','Earth','Independent Research');
INSERT INTO courses VALUES('GEO 4910','Earth','Senior Seminar');
INSERT INTO courses VALUES('GEOG 1000','Earth','Physical Geography (PS)');
INSERT INTO courses VALUES('GEOG 1005','Earth','Physical Geography Lab (LAB)');
INSERT INTO courses VALUES('GEOG 1300','Earth','World Regional Geography');
INSERT INTO courses VALUES('GEOG 2000R','Earth','Natural History of Zion National Park (LAB)');
INSERT INTO courses VALUES('GEOG 2410','Earth','Paleoclimatology');
INSERT INTO courses VALUES('GEOG 2990','Earth','Seminar in Geography');
INSERT INTO courses VALUES('GEOG 3600','Earth','Introduction to Geographic Information Systems');
INSERT INTO courses VALUES('GEOG 3605','Earth','Introduction to Geographic Information Systems Laboratory');
INSERT INTO courses VALUES('GEOG 3930','Earth','Remote Sensing of Landscape: China');
INSERT INTO courses VALUES('GEOG 4140','Earth','Advanced GIS Analysis');
INSERT INTO courses VALUES('GEOG 4180','Earth','Geoprocessing with Python');
INSERT INTO courses VALUES('GEOG 4200','Earth','Geography of Utah');
INSERT INTO courses VALUES('IT 1100','Computing','Introduction to Unix/Linux');
INSERT INTO courses VALUES('IT 1200','Computing','A+ Computer Hardware/Windows OS');
INSERT INTO courses VALUES('IT 1500','Computing','Cloud Fundamentals');
INSERT INTO courses VALUES('IT 2300','Computing','Database Design & Management');
INSERT INTO courses VALUES('IT 2400','Computing','Intro to Networking');
INSERT INTO courses VALUES('IT 2500','Computing','Cloud Computing');
INSERT INTO courses VALUES('IT 2700','Computing','Information Security');
INSERT INTO courses VALUES('IT 3001','Computing','Info Sys and Analytics Intermediate Career Strategies');
INSERT INTO courses VALUES('IT 3100','Computing','Systems Design and Administration');
INSERT INTO courses VALUES('IT 3110','Computing','System Automation');
INSERT INTO courses VALUES('IT 3150','Computing','Windows Servers');
INSERT INTO courses VALUES('IT 3300','Computing','DevOps Virtualization');
INSERT INTO courses VALUES('IT 3400','Computing','Intermediate Computer Networking');
INSERT INTO courses VALUES('IT 4060','Computing','Big Data Analytics');
INSERT INTO courses VALUES('IT 4070','Computing','Data Visualization and Storytelling');
INSERT INTO courses VALUES('IT 4100','Computing','Files Systems and Storage Technologies');
INSERT INTO courses VALUES('IT 4200','Computing','DevOps Lifecycle Management');
INSERT INTO courses VALUES('IT 4310','Computing','Database Administration');
INSERT INTO courses VALUES('IT 4400','Computing','Network Design & Management');
INSERT INTO courses VALUES('IT 4510','Computing','Ethical Hacking & Network Defense');
INSERT INTO courses VALUES('IT 4600','Computing','Senior Capstone');
INSERT INTO courses VALUES('IT 4910R','Computing','Special Topics in Applied Technology');
INSERT INTO courses VALUES('IT 4920R','Computing','Internship');
INSERT INTO courses VALUES('IT 4990','Computing','Special Topics in Information Technology');
INSERT INTO courses VALUES('IT 4991','Computing','Seminar in Information Technology');
INSERT INTO courses VALUES('IXD 1200','Design','Foundations in Interaction Design');
INSERT INTO courses VALUES('IXD 1300','Design','Web for Designers');
INSERT INTO courses VALUES('IXD 2000','Design','Intro to Tangible Interaction');
INSERT INTO courses VALUES('IXD 3500','Design','Interface Design');
INSERT INTO courses VALUES('IXD 4100','Design','Interaction Design');
INSERT INTO courses VALUES('IXD 4200','Design','Tangible Interaction');
INSERT INTO courses VALUES('MATH 0900','Math','Transitional Math I');
INSERT INTO courses VALUES('MATH 0980','Math','Transitional Math IIB');
INSERT INTO courses VALUES('MATH 1010','Math','Intermediate Algebra');
INSERT INTO courses VALUES('MATH 1020R','Math','Bridge Into College Mathematics');
INSERT INTO courses VALUES('MATH 1030','Math','Quantitative Reasoning (MA)');
INSERT INTO courses VALUES('MATH 1040','Math','Introduction to Statistics (MA)');
INSERT INTO courses VALUES('MATH 1050','Math','College Algebra / Pre-Calculus (MA)');
INSERT INTO courses VALUES('MATH 1060','Math','Trigonometry (MA)');
INSERT INTO courses VALUES('MATH 1080','Math','Pre-Calculus with Trigonometry (MA)');
INSERT INTO courses VALUES('MATH 1100','Math','Business Calculus (MA)');
INSERT INTO courses VALUES('MATH 1210','Math','Calculus I (MA)');
INSERT INTO courses VALUES('MATH 1220','Math','Calculus II (MA)');
INSERT INTO courses VALUES('MATH 2010','Math','Math for Elementary Teachers I');
INSERT INTO courses VALUES('MATH 2020','Math','Math for Elemen Teachers II');
INSERT INTO courses VALUES('MATH 2050','Math','Applied Statistics with Programming');
INSERT INTO courses VALUES('MATH 2200','Math','Discrete Mathematics');
INSERT INTO courses VALUES('MATH 2210','Math','Multivariable Calculus (MA)');
INSERT INTO courses VALUES('MATH 2250','Math','Differential Equations and Linear Algebra');
INSERT INTO courses VALUES('MATH 2270','Math','Linear Algebra');
INSERT INTO courses VALUES('MATH 2280','Math','Ordinary Differential Equations');
INSERT INTO courses VALUES('MATH 2285','Math','Adventures in Modeling');
INSERT INTO courses VALUES('MATH 2905','Math','Survey of Cryptography');
INSERT INTO courses VALUES('MATH 3000','Math','History of Mathematics');
INSERT INTO courses VALUES('MATH 3010','Math','Algebra for Secondary Mathematics Teaching');
INSERT INTO courses VALUES('MATH 3020','Math','Geometry and Statistics for Secondary Mathematics Teaching');
INSERT INTO courses VALUES('MATH 3050','Math','Stochastic Modeling and Applications');
INSERT INTO courses VALUES('MATH 3060','Math','Statistics for Scientists');
INSERT INTO courses VALUES('MATH 3100','Math','Euclidean / Non-Euclidean Geom');
INSERT INTO courses VALUES('MATH 3120','Math','Transition to Advanced Mathematics');
INSERT INTO courses VALUES('MATH 3150','Math','Introduction to Partial Differential Equations');
INSERT INTO courses VALUES('MATH 3200','Math','Introduction to Analysis I');
INSERT INTO courses VALUES('MATH 3210','Math','Introduction to Analysis II');
INSERT INTO courses VALUES('MATH 3400','Math','Probability & Statistics');
INSERT INTO courses VALUES('MATH 3410','Math','Actuarial Exam P/1 Preparation');
INSERT INTO courses VALUES('MATH 3450','Math','Statistical Inference');
INSERT INTO courses VALUES('MATH 3500','Math','Numerical Analysis');
INSERT INTO courses VALUES('MATH 3605','Math','Introduction to Modeling and Simulation');
INSERT INTO courses VALUES('MATH 3700','Math','Mathematical Modeling I');
INSERT INTO courses VALUES('MATH 3900','Math','Number Theory');
INSERT INTO courses VALUES('MATH 3905','Math','Cryptography and Codes');
INSERT INTO courses VALUES('MATH 4000','Math','Foundations of Algebra');
INSERT INTO courses VALUES('MATH 4005','Math','Quantum Computing and Cryptography');
INSERT INTO courses VALUES('MATH 4010','Math','Abstract Algebra');
INSERT INTO courses VALUES('MATH 4100','Math','Introduction to Topology');
INSERT INTO courses VALUES('MATH 4200','Math','Introduction to Complex Analysis');
INSERT INTO courses VALUES('MATH 4250','Math','Programming for Scientific Computation');
INSERT INTO courses VALUES('MATH 4330','Math','Linear Algebra II');
INSERT INTO courses VALUES('MATH 4400','Math','Financial Mathematics');
INSERT INTO courses VALUES('MATH 4410','Math','Actuarial Exam FM/ 2 Preparation');
INSERT INTO courses VALUES('MATH 4450','Math','Math for Secondary Special Education Teachers');
INSERT INTO courses VALUES('MATH 4500','Math','Methods Teach Secondary Math');
INSERT INTO courses VALUES('MATH 4550','Math','Scientific Computation');
INSERT INTO courses VALUES('MATH 4800','Math','Industrial Careers in Mathematics');
INSERT INTO courses VALUES('MATH 4890R','Math','Independent Research');
INSERT INTO courses VALUES('MATH 4900','Math','Senior Capstone Seminar (ALUR)');
INSERT INTO courses VALUES('MECH 1000','Engineering','Introduction to Design & Rapid Prototyping');
INSERT INTO courses VALUES('MECH 1005','Engineering','Introduction to Design & Rapid Prototyping Lab');
INSERT INTO courses VALUES('MECH 1100','Engineering','Manufacturing Processes');
INSERT INTO courses VALUES('MECH 1150','Engineering','Prototyping Techniques');
INSERT INTO courses VALUES('MECH 1200','Engineering','Coding');
INSERT INTO courses VALUES('MECH 1205','Engineering','Coding Lab');
INSERT INTO courses VALUES('MECH 2010','Engineering','Statics');
INSERT INTO courses VALUES('MECH 2030','Engineering','Dynamics');
INSERT INTO courses VALUES('MECH 2160','Engineering','Materials Science');
INSERT INTO courses VALUES('MECH 2210','Engineering','Circuits');
INSERT INTO courses VALUES('MECH 2215','Engineering','Circuits Lab');
INSERT INTO courses VALUES('MECH 2250','Engineering','Sensors & Actuators');
INSERT INTO courses VALUES('MECH 2255','Engineering','Sensors & Actuators Lab');
INSERT INTO courses VALUES('MECH 3200','Engineering','Systems & Controls');
INSERT INTO courses VALUES('MECH 3205','Engineering','Systems & Controls Lab');
INSERT INTO courses VALUES('MECH 3250','Engineering','Machinery');
INSERT INTO courses VALUES('MECH 3255','Engineering','Machinery Lab');
INSERT INTO courses VALUES('MECH 3300','Engineering','Strength of Materials');
INSERT INTO courses VALUES('MECH 3305','Engineering','Strength of Materials Lab');
INSERT INTO courses VALUES('MECH 3600','Engineering','Thermodynamics');
INSERT INTO courses VALUES('MECH 3602','Engineering','Thermodynamics II');
INSERT INTO courses VALUES('MECH 3605','Engineering','Thermodynamics Lab');
INSERT INTO courses VALUES('MECH 3650','Engineering','Heat Transfer');
INSERT INTO courses VALUES('MECH 3655','Engineering','Heat Transfer Lab');
INSERT INTO courses VALUES('MECH 3700','Engineering','Fluid Mechanics');
INSERT INTO courses VALUES('MECH 3705','Engineering','Fluid Mechanics Lab');
INSERT INTO courses VALUES('MECH 4000','Engineering','Product Design I');
INSERT INTO courses VALUES('MECH 4010','Engineering','Product Design II');
INSERT INTO courses VALUES('MECH 4170','Engineering','Additive Manufacturing');
INSERT INTO courses VALUES('MECH 4500','Engineering','Advanced Engineering Math');
INSERT INTO courses VALUES('MECH 4520','Engineering','Optimization');
INSERT INTO courses VALUES('MECH 4790','Engineering','Computational Fluid Dynamics');
INSERT INTO courses VALUES('MECH 4800R','Engineering','Independent Research');
INSERT INTO courses VALUES('MECH 4860R','Engineering','Design Practicum');
INSERT INTO courses VALUES('MECH 4990','Engineering','Special Topics Lecture');
INSERT INTO courses VALUES('MECH 4991','Engineering','Special Topics Lecture - Mirror');
INSERT INTO courses VALUES('MECH 4995','Engineering','Special Topics Lab');
INSERT INTO courses VALUES('MTRN 2200','Engineering','Industrial Wiring for Automated Systems');
INSERT INTO courses VALUES('MTRN 2205','Engineering','Industrial Wiring for Automated Systems Lab');
INSERT INTO courses VALUES('MTRN 2300','Engineering','Introduction to Programmable Logic Controllers');
INSERT INTO courses VALUES('MTRN 2305','Engineering','Introduction to Programmable Logic Controllers Lab');
INSERT INTO courses VALUES('MTRN 2350','Engineering','Advanced PLC Programming and Applications');
INSERT INTO courses VALUES('MTRN 2355','Engineering','Advanced PLC Programming and Applications Lab');
INSERT INTO courses VALUES('MTRN 2400','Engineering','Mechanical Components');
INSERT INTO courses VALUES('MTRN 3360','Engineering','Industrial Robots');
INSERT INTO courses VALUES('MTRN 3365','Engineering','Industrial Robots Lab');
INSERT INTO courses VALUES('MTRN 3400','Engineering','Fluid Power Systems');
INSERT INTO courses VALUES('MTRN 3405','Engineering','Fluid Power Systems Lab');
INSERT INTO courses VALUES('MTRN 3500','Engineering','Motion Control in Mechatronic Systems');
INSERT INTO courses VALUES('MTRN 3505','Engineering','Motion Control in Mechatronic Systems Lab');
INSERT INTO courses VALUES('MTRN 3550','Engineering','Automation Sensors');
INSERT INTO courses VALUES('MTRN 3555','Engineering','Automation Sensors Lab');
INSERT INTO courses VALUES('MTRN 3560','Engineering','Industrial Motor Controls');
INSERT INTO courses VALUES('MTRN 3565','Engineering','Industrial Motor Controls Lab');
INSERT INTO courses VALUES('MTRN 3600','Engineering','Industrial Networks');
INSERT INTO courses VALUES('MTRN 3605','Engineering','Industrial Networks Lab');
INSERT INTO courses VALUES('MTRN 4000','Engineering','Product Design I');
INSERT INTO courses VALUES('MTRN 4010','Engineering','Product Design II');
INSERT INTO courses VALUES('MTRN 4500','Engineering','Advanced Automation Controls');
INSERT INTO courses VALUES('MTRN 4505','Engineering','Advanced Automation Controls Lab');
INSERT INTO courses VALUES('MTRN 4600','Engineering','Advanced Mechatronic System Design');
INSERT INTO courses VALUES('MTRN 4605','Engineering','Advanced Mechatronic System Design Lab');
INSERT INTO courses VALUES('MTRN 4700','Engineering','Semiconductors and Mechatronics');
INSERT INTO courses VALUES('PHYS 1010','Engineering','Elementary Physics (PS)');
INSERT INTO courses VALUES('PHYS 1015','Engineering','Elementary Physics Lab (LAB)');
INSERT INTO courses VALUES('PHYS 1040','Engineering','Elementary Astronomy (PS)');
INSERT INTO courses VALUES('PHYS 1045','Engineering','Elementary Astronomy Lab (LAB)');
INSERT INTO courses VALUES('PHYS 2010','Engineering','College Physics I (PS)');
INSERT INTO courses VALUES('PHYS 2015','Engineering','College Physics I Lab (LAB)');
INSERT INTO courses VALUES('PHYS 2020','Engineering','College Physics II');
INSERT INTO courses VALUES('PHYS 2025','Engineering','College Physics II Lab');
INSERT INTO courses VALUES('PHYS 2210','Engineering','Physics/Scientists Engineers I (PS)');
INSERT INTO courses VALUES('PHYS 2215','Engineering','Physics/Scientists Engineers I Lab (LAB)');
INSERT INTO courses VALUES('PHYS 2220','Engineering','Physics/Scientists Engineers II');
INSERT INTO courses VALUES('PHYS 2225','Engineering','Physics/Scientists Engineers II Lab');
INSERT INTO courses VALUES('PHYS 2710','Engineering','Modern Physics I');
INSERT INTO courses VALUES('PHYS 2720','Engineering','Modern Physics II');
INSERT INTO courses VALUES('PHYS 2990','Engineering','Seminar in Physics');
INSERT INTO courses VALUES('PHYS 3400','Engineering','Classical Mechanics');
INSERT INTO courses VALUES('PHYS 3600','Engineering','Thermodynamics');
INSERT INTO courses VALUES('PHYS 3605','Engineering','Thermodynamics Lab');
INSERT INTO courses VALUES('PHYS 3710','Engineering','Intermediate Modern Physics');
INSERT INTO courses VALUES('PHYS 3720','Engineering','Modern Physics II');
INSERT INTO courses VALUES('PHYS 4800R','Engineering','Independent Research');
INSERT INTO courses VALUES('SCI 2600','Biology','Lab Safety for Teachers');
INSERT INTO courses VALUES('SCI 4270','Biology','Innovative Solutions- Prototyping');
INSERT INTO courses VALUES('SCI 4700','Biology','Secondary Science Teaching Methods');
INSERT INTO courses VALUES('SCI 4710','Biology','Innovative Solutions - Research and Design');
INSERT INTO courses VALUES('SCI 4720','Biology','Innovative Solutions - Product Development');
INSERT INTO courses VALUES('SCI 4800R','Biology','Independent Research');
INSERT INTO courses VALUES('SE 1400','Computing','Web Design Fundamentals (ALCS)');
INSERT INTO courses VALUES('SE 3010','Computing','Mobile Application Development for Android');
INSERT INTO courses VALUES('SE 3020','Computing','Mobile Application Development for iOS');
INSERT INTO courses VALUES('SE 3100','Computing','Software Practices');
INSERT INTO courses VALUES('SE 3150','Computing','Software Quality');
INSERT INTO courses VALUES('SE 3200','Computing','Web Application Development I');
INSERT INTO courses VALUES('SE 3400','Computing','Human-Computer Interaction');
INSERT INTO courses VALUES('SE 3450','Computing','User Experience Design');
INSERT INTO courses VALUES('SE 3500','Computing','Tech Entrepreneurship');
INSERT INTO courses VALUES('SE 3550','Computing','Online Marketing and SEO (ALCS)');
INSERT INTO courses VALUES('SE 4200','Computing','Web Application Development II');
INSERT INTO courses VALUES('SE 4600','Computing','Senior Project');
INSERT INTO courses VALUES('SE 4900R','Computing','Independent Research');
INSERT INTO courses VALUES('SE 4910R','Computing','Special Topics in Applied Technology');
INSERT INTO courses VALUES('SE 4920','Computing','Internship (ALPP)');
INSERT INTO courses VALUES('SE 4990','Computing','Special Topics in Software Engineering');
INSERT INTO prereqs VALUES('BIOL 1620','BIOL 1610');
INSERT INTO prereqs VALUES('BIOL 1625','BIOL 1615');
INSERT INTO prereqs VALUES('BIOL 1625','BIOL 1615A');
INSERT INTO prereqs VALUES('BIOL 2060','BIOL 1010');
INSERT INTO prereqs VALUES('BIOL 2060','BIOL 1200');
INSERT INTO prereqs VALUES('BIOL 2060','BIOL 1610');
INSERT INTO prereqs VALUES('BIOL 3010','BIOL 1620');
INSERT INTO prereqs VALUES('BIOL 3030','BIOL 1610');
INSERT INTO prereqs VALUES('BIOL 3040','BIOL 1620');
INSERT INTO prereqs VALUES('BIOL 3045','BIOL 1620');
INSERT INTO prereqs VALUES('BIOL 3050','BIOL 2320');
INSERT INTO prereqs VALUES('BIOL 3050','BIOL 2325');
INSERT INTO prereqs VALUES('BIOL 3100','BIOL 3010');
INSERT INTO prereqs VALUES('BIOL 3100','BIOL 3030');
INSERT INTO prereqs VALUES('BIOL 3100','BIOL 3040');
INSERT INTO prereqs VALUES('BIOL 3110','BIOL 3010');
INSERT INTO prereqs VALUES('BIOL 3110','BIOL 3030');
INSERT INTO prereqs VALUES('BIOL 3110','BIOL 3040');
INSERT INTO prereqs VALUES('BIOL 3120','BIOL 3010');
INSERT INTO prereqs VALUES('BIOL 3120','BIOL 3030');
INSERT INTO prereqs VALUES('BIOL 3120','BIOL 3040');
INSERT INTO prereqs VALUES('BIOL 3140','BIOL 3010');
INSERT INTO prereqs VALUES('BIOL 3150','BIOL 3010');
INSERT INTO prereqs VALUES('BIOL 3150','BIOL 3030');
INSERT INTO prereqs VALUES('BIOL 3150','MATH 1050');
INSERT INTO prereqs VALUES('BIOL 3155','BIOL 3010');
INSERT INTO prereqs VALUES('BIOL 3155','BIOL 3030');
INSERT INTO prereqs VALUES('BIOL 3155','MATH 3060');
INSERT INTO prereqs VALUES('BIOL 3200','BIOL 3010');
INSERT INTO prereqs VALUES('BIOL 3200','BIOL 3030');
INSERT INTO prereqs VALUES('BIOL 3205','BIOL 3010');
INSERT INTO prereqs VALUES('BIOL 3205','BIOL 3030');
INSERT INTO prereqs VALUES('BIOL 3230R','BIOL 2320');
INSERT INTO prereqs VALUES('BIOL 3230R','BIOL 2325');
INSERT INTO prereqs VALUES('BIOL 3250','BIOL 3030');
INSERT INTO prereqs VALUES('BIOL 3300','CS 1400');
INSERT INTO prereqs VALUES('BIOL 3300','IT 1100');
INSERT INTO prereqs VALUES('BIOL 3340','BIOL 1620');
INSERT INTO prereqs VALUES('BIOL 3340','BIOL 2400');
INSERT INTO prereqs VALUES('BIOL 3345','BIOL 1625');
INSERT INTO prereqs VALUES('BIOL 3345','BIOL 2405');
INSERT INTO prereqs VALUES('BIOL 3360','BIOL 3010');
INSERT INTO prereqs VALUES('BIOL 3360','BIOL 3030');
INSERT INTO prereqs VALUES('BIOL 3420','BIOL 1620');
INSERT INTO prereqs VALUES('BIOL 3450','BIOL 3030');
INSERT INTO prereqs VALUES('BIOL 3450','CHEM 1220');
INSERT INTO prereqs VALUES('BIOL 3460','BIOL 3010');
INSERT INTO prereqs VALUES('BIOL 3460','BIOL 3030');
INSERT INTO prereqs VALUES('BIOL 3470','BIOL 3010');
INSERT INTO prereqs VALUES('BIOL 3470','CHEM 3510');
INSERT INTO prereqs VALUES('BIOL 3550','BIOL 3030');
INSERT INTO prereqs VALUES('BIOL 3550','CHEM 2310');
INSERT INTO prereqs VALUES('BIOL 3555','CHEM 2315');
INSERT INTO prereqs VALUES('BIOL 3750','BIOL 1610');
INSERT INTO prereqs VALUES('BIOL 3750','CHEM 1110');
INSERT INTO prereqs VALUES('BIOL 3750','CHEM 1210');
INSERT INTO prereqs VALUES('BIOL 4010','BIOL 3030');
INSERT INTO prereqs VALUES('BIOL 4040','BIOL 1620');
INSERT INTO prereqs VALUES('BIOL 4200','BIOL 1620');
INSERT INTO prereqs VALUES('BIOL 4230','BIOL 3010');
INSERT INTO prereqs VALUES('BIOL 4230','BIOL 3030');
INSERT INTO prereqs VALUES('BIOL 4260','BIOL 3040');
INSERT INTO prereqs VALUES('BIOL 4260','BIOL 3045');
INSERT INTO prereqs VALUES('BIOL 4265','BIOL 3040');
INSERT INTO prereqs VALUES('BIOL 4265','BIOL 3045');
INSERT INTO prereqs VALUES('BIOL 4270','BIOL 3040');
INSERT INTO prereqs VALUES('BIOL 4270','BIOL 3045');
INSERT INTO prereqs VALUES('BIOL 4275','BIOL 3040');
INSERT INTO prereqs VALUES('BIOL 4275','BIOL 3045');
INSERT INTO prereqs VALUES('BIOL 4280','BIOL 3040');
INSERT INTO prereqs VALUES('BIOL 4300','BIOL 3030');
INSERT INTO prereqs VALUES('BIOL 4300','CHEM 1220');
INSERT INTO prereqs VALUES('BIOL 4310','BIOL 3300');
INSERT INTO prereqs VALUES('BIOL 4320','BIOL 3300');
INSERT INTO prereqs VALUES('BIOL 4350','BIOL 3010');
INSERT INTO prereqs VALUES('BIOL 4350','BIOL 3030');
INSERT INTO prereqs VALUES('BIOL 4355','BIOL 3010');
INSERT INTO prereqs VALUES('BIOL 4355','BIOL 3030');
INSERT INTO prereqs VALUES('BIOL 4380','BIOL 3010');
INSERT INTO prereqs VALUES('BIOL 4380','BIOL 3040');
INSERT INTO prereqs VALUES('BIOL 4400','BIOL 2320');
INSERT INTO prereqs VALUES('BIOL 4400','BIOL 2325');
INSERT INTO prereqs VALUES('BIOL 4400','BIOL 2420');
INSERT INTO prereqs VALUES('BIOL 4400','BIOL 2425');
INSERT INTO prereqs VALUES('BIOL 4415','BIOL 3045');
INSERT INTO prereqs VALUES('BIOL 4440','BIOL 1620');
INSERT INTO prereqs VALUES('BIOL 4500','BIOL 3010');
INSERT INTO prereqs VALUES('BIOL 4500','BIOL 3030');
INSERT INTO prereqs VALUES('BIOL 4500','CHEM 1220');
INSERT INTO prereqs VALUES('BIOL 4505','CHEM 1225');
INSERT INTO prereqs VALUES('BIOL 4520','BIOL 2420');
INSERT INTO prereqs VALUES('BIOL 4520','BIOL 3150');
INSERT INTO prereqs VALUES('BIOL 4525','BIOL 2420');
INSERT INTO prereqs VALUES('BIOL 4525','BIOL 3150');
INSERT INTO prereqs VALUES('BIOL 4600','BIOL 3010');
INSERT INTO prereqs VALUES('BIOL 4600','BIOL 3030');
INSERT INTO prereqs VALUES('BIOL 4600','CHEM 1220');
INSERT INTO prereqs VALUES('BIOL 4605','CHEM 1225');
INSERT INTO prereqs VALUES('BIOL 4930R','BIOL 3110');
INSERT INTO prereqs VALUES('BTEC 2010','BIOL 1610');
INSERT INTO prereqs VALUES('BTEC 2010','BIOL 1620');
INSERT INTO prereqs VALUES('BTEC 2010','BTEC 1010');
INSERT INTO prereqs VALUES('BTEC 2020','BIOL 1610');
INSERT INTO prereqs VALUES('BTEC 2020','BIOL 1620');
INSERT INTO prereqs VALUES('BTEC 2020','BTEC 1010');
INSERT INTO prereqs VALUES('BTEC 2030','BIOL 1610');
INSERT INTO prereqs VALUES('BTEC 2030','BIOL 1620');
INSERT INTO prereqs VALUES('BTEC 2030','BTEC 1010');
INSERT INTO prereqs VALUES('BTEC 2040','BTEC 2010');
INSERT INTO prereqs VALUES('BTEC 2050','BIOL 1610');
INSERT INTO prereqs VALUES('BTEC 2050','BIOL 1620');
INSERT INTO prereqs VALUES('BTEC 3010','BIOL 3030');
INSERT INTO prereqs VALUES('BTEC 3020','BTEC 2020');
INSERT INTO prereqs VALUES('BTEC 3050','BTEC 2050');
INSERT INTO prereqs VALUES('BTEC 4020','BTEC 3020');
INSERT INTO prereqs VALUES('BTEC 4040','BTEC 3050');
INSERT INTO prereqs VALUES('BTEC 4050','BTEC 3050');
INSERT INTO prereqs VALUES('BTEC 4060','BTEC 4050');
INSERT INTO prereqs VALUES('CHEM 1110','MATH 1010');
INSERT INTO prereqs VALUES('CHEM 1120','CHEM 1110');
INSERT INTO prereqs VALUES('CHEM 1125','CHEM 1115');
INSERT INTO prereqs VALUES('CHEM 1150','MATH 1010');
INSERT INTO prereqs VALUES('CHEM 1200','MATH 1010');
INSERT INTO prereqs VALUES('CHEM 1210','MATH 1050');
INSERT INTO prereqs VALUES('CHEM 1220','CHEM 1210');
INSERT INTO prereqs VALUES('CHEM 1225','CHEM 1215');
INSERT INTO prereqs VALUES('CHEM 2310','CHEM 1220');
INSERT INTO prereqs VALUES('CHEM 2315','CHEM 1225');
INSERT INTO prereqs VALUES('CHEM 2320','CHEM 2310');
INSERT INTO prereqs VALUES('CHEM 2325','CHEM 2315');
INSERT INTO prereqs VALUES('CHEM 2600','CHEM 1220');
INSERT INTO prereqs VALUES('CHEM 2600','CHEM 1225');
INSERT INTO prereqs VALUES('CHEM 3000','CHEM 1220');
INSERT INTO prereqs VALUES('CHEM 3005','CHEM 1225');
INSERT INTO prereqs VALUES('CHEM 3060','CHEM 2320');
INSERT INTO prereqs VALUES('CHEM 3060','MATH 1220');
INSERT INTO prereqs VALUES('CHEM 3060','PHYS 2010');
INSERT INTO prereqs VALUES('CHEM 3060','PHYS 2210');
INSERT INTO prereqs VALUES('CHEM 3065','CHEM 2325');
INSERT INTO prereqs VALUES('CHEM 3065','PHYS 2015');
INSERT INTO prereqs VALUES('CHEM 3065','PHYS 2215');
INSERT INTO prereqs VALUES('CHEM 3070','CHEM 2320');
INSERT INTO prereqs VALUES('CHEM 3070','MATH 1220');
INSERT INTO prereqs VALUES('CHEM 3070','PHYS 2010');
INSERT INTO prereqs VALUES('CHEM 3070','PHYS 2210');
INSERT INTO prereqs VALUES('CHEM 3075','CHEM 2325');
INSERT INTO prereqs VALUES('CHEM 3075','PHYS 2015');
INSERT INTO prereqs VALUES('CHEM 3075','PHYS 2215');
INSERT INTO prereqs VALUES('CHEM 3100','CHEM 2320');
INSERT INTO prereqs VALUES('CHEM 3300','CHEM 3000');
INSERT INTO prereqs VALUES('CHEM 3300','CHEM 3005');
INSERT INTO prereqs VALUES('CHEM 3510','BIOL 1610');
INSERT INTO prereqs VALUES('CHEM 3510','CHEM 2320');
INSERT INTO prereqs VALUES('CHEM 3515','BIOL 1615');
INSERT INTO prereqs VALUES('CHEM 3515','CHEM 2325');
INSERT INTO prereqs VALUES('CHEM 3520','CHEM 3510');
INSERT INTO prereqs VALUES('CHEM 3525','CHEM 3515');
INSERT INTO prereqs VALUES('CHEM 4100','CHEM 3100');
INSERT INTO prereqs VALUES('CHEM 4200','CHEM 2320');
INSERT INTO prereqs VALUES('CHEM 4310','CHEM 2320');
INSERT INTO prereqs VALUES('CHEM 4310','CHEM 2325');
INSERT INTO prereqs VALUES('CHEM 4510','CHEM 2320');
INSERT INTO prereqs VALUES('CHEM 4510','CHEM 2325');
INSERT INTO prereqs VALUES('CHEM 4510','CHEM 3000');
INSERT INTO prereqs VALUES('CHEM 4510','CHEM 3005');
INSERT INTO prereqs VALUES('CHEM 4610','CHEM 3520');
INSERT INTO prereqs VALUES('CHEM 4800R','CHEM 2320');
INSERT INTO prereqs VALUES('CHEM 4800R','CHEM 2325');
INSERT INTO prereqs VALUES('CHEM 4910','CHEM 2320');
INSERT INTO prereqs VALUES('CHEM 4910','CHEM 2325');
INSERT INTO prereqs VALUES('CS 1400','CS 1030');
INSERT INTO prereqs VALUES('CS 1400','MATH 1010');
INSERT INTO prereqs VALUES('CS 1410','CS 1400');
INSERT INTO prereqs VALUES('CS 2420','CS 1410');
INSERT INTO prereqs VALUES('CS 2450','CS 1410');
INSERT INTO prereqs VALUES('CS 2500','CS 1410');
INSERT INTO prereqs VALUES('CS 2810','CS 1410');
INSERT INTO prereqs VALUES('CS 3005','CS 1410');
INSERT INTO prereqs VALUES('CS 3150','CS 2420');
INSERT INTO prereqs VALUES('CS 3150','CS 2810');
INSERT INTO prereqs VALUES('CS 3310','CS 1410');
INSERT INTO prereqs VALUES('CS 3310','MATH 1100');
INSERT INTO prereqs VALUES('CS 3310','MATH 1210');
INSERT INTO prereqs VALUES('CS 3400','CS 2420');
INSERT INTO prereqs VALUES('CS 3400','CS 2810');
INSERT INTO prereqs VALUES('CS 3400','CS 3005');
INSERT INTO prereqs VALUES('CS 3410','CS 2420');
INSERT INTO prereqs VALUES('CS 3410','CS 2810');
INSERT INTO prereqs VALUES('CS 3500','CS 3005');
INSERT INTO prereqs VALUES('CS 3510','CS 2420');
INSERT INTO prereqs VALUES('CS 3510','CS 2810');
INSERT INTO prereqs VALUES('CS 3510','CS 3310');
INSERT INTO prereqs VALUES('CS 3520','CS 2420');
INSERT INTO prereqs VALUES('CS 3520','CS 2810');
INSERT INTO prereqs VALUES('CS 3530','CS 2420');
INSERT INTO prereqs VALUES('CS 3530','CS 2810');
INSERT INTO prereqs VALUES('CS 3530','CS 3310');
INSERT INTO prereqs VALUES('CS 3600','CS 2420');
INSERT INTO prereqs VALUES('CS 3600','CS 3005');
INSERT INTO prereqs VALUES('CS 4300','CS 2420');
INSERT INTO prereqs VALUES('CS 4300','CS 2810');
INSERT INTO prereqs VALUES('CS 4300','CS 3005');
INSERT INTO prereqs VALUES('CS 4307','CS 2420');
INSERT INTO prereqs VALUES('CS 4307','CS 2810');
INSERT INTO prereqs VALUES('CS 4310','CS 4307');
INSERT INTO prereqs VALUES('CS 4310','IT 2300');
INSERT INTO prereqs VALUES('CS 4320','CS 2420');
INSERT INTO prereqs VALUES('CS 4320','CS 2810');
INSERT INTO prereqs VALUES('CS 4320','CS 3005');
INSERT INTO prereqs VALUES('CS 4400','CS 2420');
INSERT INTO prereqs VALUES('CS 4400','CS 2810');
INSERT INTO prereqs VALUES('CS 4410','CS 2420');
INSERT INTO prereqs VALUES('CS 4410','CS 2810');
INSERT INTO prereqs VALUES('CS 4550','CS 2420');
INSERT INTO prereqs VALUES('CS 4550','CS 2810');
INSERT INTO prereqs VALUES('CS 4550','CS 3005');
INSERT INTO prereqs VALUES('CS 4600','CS 2420');
INSERT INTO prereqs VALUES('CS 4600','CS 2810');
INSERT INTO prereqs VALUES('CS 4600','CS 3005');
INSERT INTO prereqs VALUES('CS 4800R','CS 2420');
INSERT INTO prereqs VALUES('CS 4800R','CS 2810');
INSERT INTO prereqs VALUES('CS 4920R','CS 2420');
INSERT INTO prereqs VALUES('CS 4920R','CS 2810');
INSERT INTO prereqs VALUES('CS 4920R','CS 3005');
INSERT INTO prereqs VALUES('CS 4991R','CS 1400');
INSERT INTO prereqs VALUES('CS 4992R','CS 2420');
INSERT INTO prereqs VALUES('CS 4992R','CS 2810');
INSERT INTO prereqs VALUES('DES 2300','DES 1100');
INSERT INTO prereqs VALUES('DES 2300','DES 1200');
INSERT INTO prereqs VALUES('DES 2300','DES 1300');
INSERT INTO prereqs VALUES('DES 2710','DES 1300');
INSERT INTO prereqs VALUES('DES 2710','IXD 1300');
INSERT INTO prereqs VALUES('DES 2710','SE 1400');
INSERT INTO prereqs VALUES('DES 2780','DES 1100');
INSERT INTO prereqs VALUES('DES 2780','DES 1300');
INSERT INTO prereqs VALUES('DES 3000','DES 2100');
INSERT INTO prereqs VALUES('DES 3000','DES 2200');
INSERT INTO prereqs VALUES('DES 3000','DES 2300');
INSERT INTO prereqs VALUES('DES 3000','DES 2710');
INSERT INTO prereqs VALUES('DES 3000','DES 2780');
INSERT INTO prereqs VALUES('DES 3300','DES 1300');
INSERT INTO prereqs VALUES('DES 3400','DES 2300');
INSERT INTO prereqs VALUES('DES 3400','DES 2710');
INSERT INTO prereqs VALUES('DES 3600','DES 1100');
INSERT INTO prereqs VALUES('DES 3600','DES 1300');
INSERT INTO prereqs VALUES('DES 3610','DES 2300');
INSERT INTO prereqs VALUES('DES 3610','DES 2710');
INSERT INTO prereqs VALUES('DES 3710','DES 2300');
INSERT INTO prereqs VALUES('DES 3710','DES 2710');
INSERT INTO prereqs VALUES('DES 3780','DES 2300');
INSERT INTO prereqs VALUES('DES 3780','DES 2780');
INSERT INTO prereqs VALUES('DES 3800','DES 2200');
INSERT INTO prereqs VALUES('DES 3800','DES 2300');
INSERT INTO prereqs VALUES('DES 3800','DES 2710');
INSERT INTO prereqs VALUES('DES 4300','DES 3300');
INSERT INTO prereqs VALUES('DES 4650','DES 2200');
INSERT INTO prereqs VALUES('DES 4650','DES 2300');
INSERT INTO prereqs VALUES('DES 4650','DES 2710');
INSERT INTO prereqs VALUES('DES 4750','DES 2300');
INSERT INTO prereqs VALUES('DES 4750','DES 2710');
INSERT INTO prereqs VALUES('DES 4750','DES 2780');
INSERT INTO prereqs VALUES('DES 4920','DES 2300');
INSERT INTO prereqs VALUES('ECE 1200','CS 1400');
INSERT INTO prereqs VALUES('ECE 2100','MECH 2210');
INSERT INTO prereqs VALUES('ECE 2280','MECH 2210');
INSERT INTO prereqs VALUES('ECE 2280','PHYS 2220');
INSERT INTO prereqs VALUES('ECE 2700','MATH 1050');
INSERT INTO prereqs VALUES('ECE 3300','MATH 2250');
INSERT INTO prereqs VALUES('ECE 3300','MECH 2210');
INSERT INTO prereqs VALUES('ECE 3500','MATH 2250');
INSERT INTO prereqs VALUES('ECE 3500','MATH 2270');
INSERT INTO prereqs VALUES('ECE 3500','MATH 2280');
INSERT INTO prereqs VALUES('ECE 3500','MECH 2210');
INSERT INTO prereqs VALUES('ECE 3600','MECH 2210');
INSERT INTO prereqs VALUES('ECE 3600','MECH 3200');
INSERT INTO prereqs VALUES('ECE 3730','ECE 1200');
INSERT INTO prereqs VALUES('ECE 3730','ECE 2700');
INSERT INTO prereqs VALUES('ECE 3730','MECH 1200');
INSERT INTO prereqs VALUES('ECE 4000','ECE 2100');
INSERT INTO prereqs VALUES('ECE 4000','ECE 3300');
INSERT INTO prereqs VALUES('ECE 4000','ECE 3500');
INSERT INTO prereqs VALUES('ECE 4000','ECE 3600');
INSERT INTO prereqs VALUES('ECE 4005','ECE 2280');
INSERT INTO prereqs VALUES('ECE 4005','ECE 3500');
INSERT INTO prereqs VALUES('ECE 4005','ECE 4730');
INSERT INTO prereqs VALUES('ECE 4010','ECE 4000');
INSERT INTO prereqs VALUES('ECE 4015','ECE 4005');
INSERT INTO prereqs VALUES('ECE 4500','ECE 3500');
INSERT INTO prereqs VALUES('ECE 4500','MATH 3400');
INSERT INTO prereqs VALUES('ECE 4510','MECH 2250');
INSERT INTO prereqs VALUES('ECE 4730','ECE 3730');
INSERT INTO prereqs VALUES('ECE 4730','MECH 3200');
INSERT INTO prereqs VALUES('ENER 3310','CHEM 1210');
INSERT INTO prereqs VALUES('ENER 3310','MATH 1050');
INSERT INTO prereqs VALUES('ENER 4310','GEO 2050');
INSERT INTO prereqs VALUES('ENGR 2050','MATH 1050');
INSERT INTO prereqs VALUES('ENGR 2050','MATH 1060');
INSERT INTO prereqs VALUES('ENGR 2050','MATH 1080');
INSERT INTO prereqs VALUES('ENVS 1099','ENVS 1010');
INSERT INTO prereqs VALUES('ENVS 2210','CHEM 1210');
INSERT INTO prereqs VALUES('ENVS 2210','CHEM 1215');
INSERT INTO prereqs VALUES('ENVS 2210','ENVS 1210');
INSERT INTO prereqs VALUES('ENVS 2210','ENVS 1215');
INSERT INTO prereqs VALUES('ENVS 2210','MATH 1050');
INSERT INTO prereqs VALUES('ENVS 2700R','ENVS 1210');
INSERT INTO prereqs VALUES('ENVS 2700R','ENVS 1215');
INSERT INTO prereqs VALUES('ENVS 3110','BIOL 3040');
INSERT INTO prereqs VALUES('ENVS 3110','ENVS 3410');
INSERT INTO prereqs VALUES('ENVS 3110','ENVS 3510');
INSERT INTO prereqs VALUES('ENVS 3110','GEO 3400');
INSERT INTO prereqs VALUES('ENVS 3210','CHEM 1210');
INSERT INTO prereqs VALUES('ENVS 3280','ENVS 2210');
INSERT INTO prereqs VALUES('ENVS 3410','CHEM 1210');
INSERT INTO prereqs VALUES('ENVS 3410','ENVS 2210');
INSERT INTO prereqs VALUES('ENVS 3510','ENVS 2210');
INSERT INTO prereqs VALUES('ENVS 3510','GEO 2050');
INSERT INTO prereqs VALUES('ENVS 4080','ENVS 2700R');
INSERT INTO prereqs VALUES('ENVS 4080','ENVS 3410');
INSERT INTO prereqs VALUES('GEO 1220','GEO 1110');
INSERT INTO prereqs VALUES('GEO 1225','GEO 1115');
INSERT INTO prereqs VALUES('GEO 2050','GEO 1110');
INSERT INTO prereqs VALUES('GEO 2050','GEO 1115');
INSERT INTO prereqs VALUES('GEO 2700R','GEO 1110');
INSERT INTO prereqs VALUES('GEO 2700R','GEO 1115');
INSERT INTO prereqs VALUES('GEO 3000','GEO 1110');
INSERT INTO prereqs VALUES('GEO 3000','GEO 1115');
INSERT INTO prereqs VALUES('GEO 3060','GEO 1110');
INSERT INTO prereqs VALUES('GEO 3060','GEO 1115');
INSERT INTO prereqs VALUES('GEO 3110','GEO 3000');
INSERT INTO prereqs VALUES('GEO 3110','GEO 3180');
INSERT INTO prereqs VALUES('GEO 3110','GEO 3200');
INSERT INTO prereqs VALUES('GEO 3110','GEO 3500');
INSERT INTO prereqs VALUES('GEO 3110','GEO 3550');
INSERT INTO prereqs VALUES('GEO 3110','GEO 3600');
INSERT INTO prereqs VALUES('GEO 3110','GEO 3700');
INSERT INTO prereqs VALUES('GEO 3180','GEO 1220');
INSERT INTO prereqs VALUES('GEO 3180','GEO 1225');
INSERT INTO prereqs VALUES('GEO 3200','CHEM 1210');
INSERT INTO prereqs VALUES('GEO 3200','CHEM 1215');
INSERT INTO prereqs VALUES('GEO 3200','GEO 1110');
INSERT INTO prereqs VALUES('GEO 3200','GEO 1115');
INSERT INTO prereqs VALUES('GEO 3200','MATH 1050');
INSERT INTO prereqs VALUES('GEO 3400','CHEM 1210');
INSERT INTO prereqs VALUES('GEO 3400','CHEM 1215');
INSERT INTO prereqs VALUES('GEO 3400','GEO 1110');
INSERT INTO prereqs VALUES('GEO 3400','GEO 1115');
INSERT INTO prereqs VALUES('GEO 3500','GEO 1010');
INSERT INTO prereqs VALUES('GEO 3500','GEO 1110');
INSERT INTO prereqs VALUES('GEO 3500','GEOG 1000');
INSERT INTO prereqs VALUES('GEO 3500','MATH 1060');
INSERT INTO prereqs VALUES('GEO 3550','GEO 1220');
INSERT INTO prereqs VALUES('GEO 3550','GEO 1225');
INSERT INTO prereqs VALUES('GEO 3600','CHEM 1210');
INSERT INTO prereqs VALUES('GEO 3600','CHEM 1215');
INSERT INTO prereqs VALUES('GEO 3600','GEO 1110');
INSERT INTO prereqs VALUES('GEO 3600','GEO 1115');
INSERT INTO prereqs VALUES('GEO 3600','GEO 3200');
INSERT INTO prereqs VALUES('GEO 3600','MATH 1050');
INSERT INTO prereqs VALUES('GEO 3700','GEO 1110');
INSERT INTO prereqs VALUES('GEO 3700','GEO 1115');
INSERT INTO prereqs VALUES('GEO 3700','MATH 1060');
INSERT INTO prereqs VALUES('GEO 3700','MATH 1080');
INSERT INTO prereqs VALUES('GEO 3920','GEO 1110');
INSERT INTO prereqs VALUES('GEO 4000R','GEO 1110');
INSERT INTO prereqs VALUES('GEO 4600','GEO 2700R');
INSERT INTO prereqs VALUES('GEO 4600','GEO 3550');
INSERT INTO prereqs VALUES('GEO 4600','GEO 3700');
INSERT INTO prereqs VALUES('GEO 4800R','GEO 2700R');
INSERT INTO prereqs VALUES('GEOG 2410','BIOL 1610');
INSERT INTO prereqs VALUES('GEOG 2410','ENVS 1210');
INSERT INTO prereqs VALUES('GEOG 4140','GEOG 3600');
INSERT INTO prereqs VALUES('GEOG 4140','GEOG 3605');
INSERT INTO prereqs VALUES('GEOG 4180','GEOG 3600');
INSERT INTO prereqs VALUES('GEOG 4180','GEOG 3605');
INSERT INTO prereqs VALUES('IT 2300','CS 1400');
INSERT INTO prereqs VALUES('IT 2300','CS 1410');
INSERT INTO prereqs VALUES('IT 2300','IT 1100');
INSERT INTO prereqs VALUES('IT 2400','IT 1100');
INSERT INTO prereqs VALUES('IT 2400','IT 1500');
INSERT INTO prereqs VALUES('IT 2500','IT 2400');
INSERT INTO prereqs VALUES('IT 2700','CS 1400');
INSERT INTO prereqs VALUES('IT 2700','IT 2400');
INSERT INTO prereqs VALUES('IT 3100','CS 1400');
INSERT INTO prereqs VALUES('IT 3100','CS 3150');
INSERT INTO prereqs VALUES('IT 3100','IT 1100');
INSERT INTO prereqs VALUES('IT 3100','IT 2400');
INSERT INTO prereqs VALUES('IT 3110','CS 1410');
INSERT INTO prereqs VALUES('IT 3110','IT 3100');
INSERT INTO prereqs VALUES('IT 3150','IT 2400');
INSERT INTO prereqs VALUES('IT 3300','CS 3150');
INSERT INTO prereqs VALUES('IT 3300','IT 1100');
INSERT INTO prereqs VALUES('IT 3300','IT 2400');
INSERT INTO prereqs VALUES('IT 3400','IT 2400');
INSERT INTO prereqs VALUES('IT 4060','MATH 1040');
INSERT INTO prereqs VALUES('IT 4100','IT 3100');
INSERT INTO prereqs VALUES('IT 4200','CS 1400');
INSERT INTO prereqs VALUES('IT 4200','CS 2810');
INSERT INTO prereqs VALUES('IT 4200','IT 2400');
INSERT INTO prereqs VALUES('IT 4310','IT 2300');
INSERT INTO prereqs VALUES('IT 4400','IT 3400');
INSERT INTO prereqs VALUES('IT 4510','CS 1410');
INSERT INTO prereqs VALUES('IT 4510','IT 3100');
INSERT INTO prereqs VALUES('IT 4600','CS 1410');
INSERT INTO prereqs VALUES('IT 4600','IT 2400');
INSERT INTO prereqs VALUES('IXD 3500','DES 2710');
INSERT INTO prereqs VALUES('IXD 3500','IXD 1200');
INSERT INTO prereqs VALUES('IXD 3500','IXD 1300');
INSERT INTO prereqs VALUES('IXD 3500','SE 1400');
INSERT INTO prereqs VALUES('IXD 4100','DES 2100');
INSERT INTO prereqs VALUES('IXD 4100','IXD 1200');
INSERT INTO prereqs VALUES('IXD 4100','IXD 1300');
INSERT INTO prereqs VALUES('IXD 4100','IXD 3500');
INSERT INTO prereqs VALUES('IXD 4100','SE 1400');
INSERT INTO prereqs VALUES('IXD 4200','DES 2100');
INSERT INTO prereqs VALUES('IXD 4200','DES 2780');
INSERT INTO prereqs VALUES('IXD 4200','IXD 1200');
INSERT INTO prereqs VALUES('IXD 4200','IXD 1300');
INSERT INTO prereqs VALUES('IXD 4200','IXD 2000');
INSERT INTO prereqs VALUES('MATH 1010','MATH 0900');
INSERT INTO prereqs VALUES('MATH 1010','MATH 0980');
INSERT INTO prereqs VALUES('MATH 1030','MATH 0980');
INSERT INTO prereqs VALUES('MATH 1030','MATH 1010');
INSERT INTO prereqs VALUES('MATH 1040','MATH 0980');
INSERT INTO prereqs VALUES('MATH 1050','MATH 1010');
INSERT INTO prereqs VALUES('MATH 1060','MATH 1050');
INSERT INTO prereqs VALUES('MATH 1080','MATH 1010');
INSERT INTO prereqs VALUES('MATH 1100','MATH 1050');
INSERT INTO prereqs VALUES('MATH 1210','MATH 1050');
INSERT INTO prereqs VALUES('MATH 1210','MATH 1060');
INSERT INTO prereqs VALUES('MATH 1210','MATH 1080');
INSERT INTO prereqs VALUES('MATH 1220','MATH 1210');
INSERT INTO prereqs VALUES('MATH 2010','MATH 1030');
INSERT INTO prereqs VALUES('MATH 2010','MATH 1050');
INSERT INTO prereqs VALUES('MATH 2020','MATH 2010');
INSERT INTO prereqs VALUES('MATH 2050','MATH 1040');
INSERT INTO prereqs VALUES('MATH 2200','MATH 1210');
INSERT INTO prereqs VALUES('MATH 2210','MATH 1220');
INSERT INTO prereqs VALUES('MATH 2250','MATH 1220');
INSERT INTO prereqs VALUES('MATH 2270','MATH 1210');
INSERT INTO prereqs VALUES('MATH 2280','MATH 1220');
INSERT INTO prereqs VALUES('MATH 2285','MATH 1210');
INSERT INTO prereqs VALUES('MATH 2905','CS 1400');
INSERT INTO prereqs VALUES('MATH 2905','MATH 1210');
INSERT INTO prereqs VALUES('MATH 3000','MATH 1220');
INSERT INTO prereqs VALUES('MATH 3010','MATH 1210');
INSERT INTO prereqs VALUES('MATH 3020','MATH 1210');
INSERT INTO prereqs VALUES('MATH 3050','MATH 2050');
INSERT INTO prereqs VALUES('MATH 3050','MATH 3060');
INSERT INTO prereqs VALUES('MATH 3060','MATH 1210');
INSERT INTO prereqs VALUES('MATH 3100','MATH 2200');
INSERT INTO prereqs VALUES('MATH 3120','CS 3310');
INSERT INTO prereqs VALUES('MATH 3120','MATH 1220');
INSERT INTO prereqs VALUES('MATH 3120','MATH 2200');
INSERT INTO prereqs VALUES('MATH 3150','MATH 2210');
INSERT INTO prereqs VALUES('MATH 3150','MATH 2270');
INSERT INTO prereqs VALUES('MATH 3150','MATH 2280');
INSERT INTO prereqs VALUES('MATH 3200','MATH 2210');
INSERT INTO prereqs VALUES('MATH 3200','MATH 3120');
INSERT INTO prereqs VALUES('MATH 3210','MATH 3200');
INSERT INTO prereqs VALUES('MATH 3400','MATH 1220');
INSERT INTO prereqs VALUES('MATH 3410','MATH 3400');
INSERT INTO prereqs VALUES('MATH 3450','MATH 3400');
INSERT INTO prereqs VALUES('MATH 3500','MATH 2250');
INSERT INTO prereqs VALUES('MATH 3500','MATH 2270');
INSERT INTO prereqs VALUES('MATH 3500','MATH 2280');
INSERT INTO prereqs VALUES('MATH 3605','MATH 1210');
INSERT INTO prereqs VALUES('MATH 3700','MATH 2280');
INSERT INTO prereqs VALUES('MATH 3900','MATH 3120');
INSERT INTO prereqs VALUES('MATH 3905','CS 1400');
INSERT INTO prereqs VALUES('MATH 3905','CS 3310');
INSERT INTO prereqs VALUES('MATH 3905','MATH 2200');
INSERT INTO prereqs VALUES('MATH 4000','MATH 2270');
INSERT INTO prereqs VALUES('MATH 4000','MATH 3120');
INSERT INTO prereqs VALUES('MATH 4005','CS 1400');
INSERT INTO prereqs VALUES('MATH 4005','MATH 2250');
INSERT INTO prereqs VALUES('MATH 4005','MATH 2270');
INSERT INTO prereqs VALUES('MATH 4010','MATH 4000');
INSERT INTO prereqs VALUES('MATH 4100','MATH 2210');
INSERT INTO prereqs VALUES('MATH 4100','MATH 3120');
INSERT INTO prereqs VALUES('MATH 4200','MATH 3200');
INSERT INTO prereqs VALUES('MATH 4250','CS 1400');
INSERT INTO prereqs VALUES('MATH 4250','MATH 2270');
INSERT INTO prereqs VALUES('MATH 4330','MATH 2270');
INSERT INTO prereqs VALUES('MATH 4330','MATH 3120');
INSERT INTO prereqs VALUES('MATH 4400','MATH 1100');
INSERT INTO prereqs VALUES('MATH 4400','MATH 1210');
INSERT INTO prereqs VALUES('MATH 4410','MATH 4400');
INSERT INTO prereqs VALUES('MATH 4500','MATH 1210');
INSERT INTO prereqs VALUES('MATH 4550','MATH 3500');
INSERT INTO prereqs VALUES('MECH 1150','MECH 1000');
INSERT INTO prereqs VALUES('MECH 1200','MECH 1000');
INSERT INTO prereqs VALUES('MECH 2010','ENGR 2050');
INSERT INTO prereqs VALUES('MECH 2010','MATH 1220');
INSERT INTO prereqs VALUES('MECH 2010','PHYS 2010');
INSERT INTO prereqs VALUES('MECH 2010','PHYS 2210');
INSERT INTO prereqs VALUES('MECH 2030','MECH 2010');
INSERT INTO prereqs VALUES('MECH 2030','PHYS 2210');
INSERT INTO prereqs VALUES('MECH 2160','CHEM 1210');
INSERT INTO prereqs VALUES('MECH 2160','MATH 1220');
INSERT INTO prereqs VALUES('MECH 2210','CS 1400');
INSERT INTO prereqs VALUES('MECH 2210','ECE 1200');
INSERT INTO prereqs VALUES('MECH 2210','MECH 1200');
INSERT INTO prereqs VALUES('MECH 2250','MECH 2210');
INSERT INTO prereqs VALUES('MECH 3200','MATH 2250');
INSERT INTO prereqs VALUES('MECH 3200','MATH 2270');
INSERT INTO prereqs VALUES('MECH 3200','MATH 2280');
INSERT INTO prereqs VALUES('MECH 3200','MECH 2250');
INSERT INTO prereqs VALUES('MECH 3200','PHYS 2210');
INSERT INTO prereqs VALUES('MECH 3250','MECH 2160');
INSERT INTO prereqs VALUES('MECH 3250','MECH 3200');
INSERT INTO prereqs VALUES('MECH 3250','MECH 3300');
INSERT INTO prereqs VALUES('MECH 3300','MECH 2010');
INSERT INTO prereqs VALUES('MECH 3600','MATH 2210');
INSERT INTO prereqs VALUES('MECH 3600','PHYS 2210');
INSERT INTO prereqs VALUES('MECH 3650','MATH 3500');
INSERT INTO prereqs VALUES('MECH 3650','MECH 3700');
INSERT INTO prereqs VALUES('MECH 3700','MATH 2210');
INSERT INTO prereqs VALUES('MECH 3700','MECH 2030');
INSERT INTO prereqs VALUES('MECH 3700','MECH 3600');
INSERT INTO prereqs VALUES('MECH 4000','MECH 1100');
INSERT INTO prereqs VALUES('MECH 4000','MECH 1150');
INSERT INTO prereqs VALUES('MECH 4000','MECH 3250');
INSERT INTO prereqs VALUES('MECH 4000','MECH 3650');
INSERT INTO prereqs VALUES('MECH 4010','MECH 4000');
INSERT INTO prereqs VALUES('MECH 4170','MECH 1000');
INSERT INTO prereqs VALUES('MECH 4500','MECH 2250');
INSERT INTO prereqs VALUES('MECH 4520','MECH 2250');
INSERT INTO prereqs VALUES('MECH 4790','MECH 3700');
INSERT INTO prereqs VALUES('MECH 4790','MECH 4500');
INSERT INTO prereqs VALUES('MECH 4860R','MECH 1000');
INSERT INTO prereqs VALUES('MECH 4860R','MECH 1150');
INSERT INTO prereqs VALUES('MTRN 2200','MECH 1000');
INSERT INTO prereqs VALUES('MTRN 2300','MECH 1200');
INSERT INTO prereqs VALUES('MTRN 2350','MTRN 2300');
INSERT INTO prereqs VALUES('MTRN 2400','MECH 1000');
INSERT INTO prereqs VALUES('MTRN 3360','MTRN 2350');
INSERT INTO prereqs VALUES('MTRN 3400','MTRN 2400');
INSERT INTO prereqs VALUES('MTRN 3500','MTRN 2350');
INSERT INTO prereqs VALUES('MTRN 3550','MTRN 2300');
INSERT INTO prereqs VALUES('MTRN 3560','MTRN 2200');
INSERT INTO prereqs VALUES('MTRN 3600','MTRN 3500');
INSERT INTO prereqs VALUES('MTRN 4000','MECH 1100');
INSERT INTO prereqs VALUES('MTRN 4000','MECH 1150');
INSERT INTO prereqs VALUES('MTRN 4000','MTRN 3500');
INSERT INTO prereqs VALUES('MTRN 4010','MTRN 4000');
INSERT INTO prereqs VALUES('MTRN 4600','MTRN 2350');
INSERT INTO prereqs VALUES('MTRN 4600','MTRN 3400');
INSERT INTO prereqs VALUES('MTRN 4700','ENGR 2050');
INSERT INTO prereqs VALUES('MTRN 4700','MECH 2210');
INSERT INTO prereqs VALUES('PHYS 1010','MATH 1010');
INSERT INTO prereqs VALUES('PHYS 2010','MATH 1060');
INSERT INTO prereqs VALUES('PHYS 2010','MATH 1080');
INSERT INTO prereqs VALUES('PHYS 2020','PHYS 2010');
INSERT INTO prereqs VALUES('PHYS 2025','PHYS 2015');
INSERT INTO prereqs VALUES('PHYS 2210','MATH 1210');
INSERT INTO prereqs VALUES('PHYS 2210','MATH 1220');
INSERT INTO prereqs VALUES('PHYS 2220','MATH 1220');
INSERT INTO prereqs VALUES('PHYS 2220','PHYS 2210');
INSERT INTO prereqs VALUES('PHYS 2225','PHYS 2215');
INSERT INTO prereqs VALUES('PHYS 2710','MATH 1220');
INSERT INTO prereqs VALUES('PHYS 2710','PHYS 2220');
INSERT INTO prereqs VALUES('PHYS 2720','PHYS 2710');
INSERT INTO prereqs VALUES('PHYS 3400','PHYS 2220');
INSERT INTO prereqs VALUES('PHYS 3600','CHEM 1210');
INSERT INTO prereqs VALUES('PHYS 3600','MATH 2210');
INSERT INTO prereqs VALUES('PHYS 3600','PHYS 2210');
INSERT INTO prereqs VALUES('PHYS 3710','MATH 1220');
INSERT INTO prereqs VALUES('PHYS 3710','PHYS 2220');
INSERT INTO prereqs VALUES('PHYS 3720','PHYS 3710');
INSERT INTO prereqs VALUES('SE 3010','CS 2420');
INSERT INTO prereqs VALUES('SE 3010','CS 3005');
INSERT INTO prereqs VALUES('SE 3020','CS 2420');
INSERT INTO prereqs VALUES('SE 3020','CS 3005');
INSERT INTO prereqs VALUES('SE 3100','CS 2450');
INSERT INTO prereqs VALUES('SE 3150','CS 2450');
INSERT INTO prereqs VALUES('SE 3200','CS 1410');
INSERT INTO prereqs VALUES('SE 3200','CS 2810');
INSERT INTO prereqs VALUES('SE 3200','SE 1400');
INSERT INTO prereqs VALUES('SE 3400','SE 1400');
INSERT INTO prereqs VALUES('SE 3450','SE 1400');
INSERT INTO prereqs VALUES('SE 4200','SE 3200');
INSERT INTO prereqs VALUES('SE 4600','CS 2420');
INSERT INTO prereqs VALUES('SE 4600','CS 2450');
INSERT INTO prereqs VALUES('SE 4600','CS 2810');
INSERT INTO prereqs VALUES('SE 4600','CS 3005');
INSERT INTO prereqs VALUES('SE 4600','SE 1400');
INSERT INTO prereqs VALUES('SE 4600','SE 3200');
INSERT INTO coreqs VALUES('BIOL 1610','BIOL 1615');
INSERT INTO coreqs VALUES('BIOL 1615','BIOL 1610');
INSERT INTO coreqs VALUES('BIOL 1620','BIOL 1625');
INSERT INTO coreqs VALUES('BIOL 1625','BIOL 1620');
INSERT INTO coreqs VALUES('BIOL 2060','BIOL 2065');
INSERT INTO coreqs VALUES('BIOL 2065','BIOL 2060');
INSERT INTO coreqs VALUES('BIOL 2320','BIOL 2325');
INSERT INTO coreqs VALUES('BIOL 2325','BIOL 2320');
INSERT INTO coreqs VALUES('BIOL 2400','BIOL 2405');
INSERT INTO coreqs VALUES('BIOL 2405','BIOL 2400');
INSERT INTO coreqs VALUES('BIOL 2420','BIOL 2425');
INSERT INTO coreqs VALUES('BIOL 2425','BIOL 2420');
INSERT INTO coreqs VALUES('BIOL 3045','BIOL 3040');
INSERT INTO coreqs VALUES('BIOL 3140','BIOL 3145');
INSERT INTO coreqs VALUES('BIOL 3145','BIOL 3140');
INSERT INTO coreqs VALUES('BIOL 3205','BIOL 3200');
INSERT INTO coreqs VALUES('BIOL 3340','BIOL 3345');
INSERT INTO coreqs VALUES('BIOL 3345','BIOL 3340');
INSERT INTO coreqs VALUES('BIOL 3450','BIOL 3455');
INSERT INTO coreqs VALUES('BIOL 3455','BIOL 3450');
INSERT INTO coreqs VALUES('BIOL 3550','BIOL 3555');
INSERT INTO coreqs VALUES('BIOL 3555','BIOL 3550');
INSERT INTO coreqs VALUES('BIOL 3750','BIOL 3755');
INSERT INTO coreqs VALUES('BIOL 3755','BIOL 3750');
INSERT INTO coreqs VALUES('BIOL 4200','BIOL 4205');
INSERT INTO coreqs VALUES('BIOL 4205','BIOL 4200');
INSERT INTO coreqs VALUES('BIOL 4260','BIOL 4265');
INSERT INTO coreqs VALUES('BIOL 4265','BIOL 4260');
INSERT INTO coreqs VALUES('BIOL 4270','BIOL 4275');
INSERT INTO coreqs VALUES('BIOL 4275','BIOL 4270');
INSERT INTO coreqs VALUES('BIOL 4300','BIOL 4305');
INSERT INTO coreqs VALUES('BIOL 4305','BIOL 4300');
INSERT INTO coreqs VALUES('BIOL 4350','BIOL 4355');
INSERT INTO coreqs VALUES('BIOL 4355','BIOL 4350');
INSERT INTO coreqs VALUES('BIOL 4380','BIOL 4385');
INSERT INTO coreqs VALUES('BIOL 4385','BIOL 4380');
INSERT INTO coreqs VALUES('BIOL 4411','BIOL 4415');
INSERT INTO coreqs VALUES('BIOL 4415','BIOL 4411');
INSERT INTO coreqs VALUES('BIOL 4500','BIOL 4505');
INSERT INTO coreqs VALUES('BIOL 4505','BIOL 4500');
INSERT INTO coreqs VALUES('BIOL 4525','BIOL 4520');
INSERT INTO coreqs VALUES('BIOL 4600','BIOL 4605');
INSERT INTO coreqs VALUES('BIOL 4605','BIOL 4600');
INSERT INTO coreqs VALUES('BTEC 2010','BIOL 1620');
INSERT INTO coreqs VALUES('BTEC 2020','BIOL 1620');
INSERT INTO coreqs VALUES('BTEC 2030','BIOL 1620');
INSERT INTO coreqs VALUES('CHEM 1015','CHEM 1010');
INSERT INTO coreqs VALUES('CHEM 1110','CHEM 1115');
INSERT INTO coreqs VALUES('CHEM 1115','CHEM 1110');
INSERT INTO coreqs VALUES('CHEM 1120','CHEM 1125');
INSERT INTO coreqs VALUES('CHEM 1125','CHEM 1120');
INSERT INTO coreqs VALUES('CHEM 1150','CHEM 1155');
INSERT INTO coreqs VALUES('CHEM 1155','CHEM 1150');
INSERT INTO coreqs VALUES('CHEM 1210','CHEM 1215');
INSERT INTO coreqs VALUES('CHEM 1215','CHEM 1210');
INSERT INTO coreqs VALUES('CHEM 1220','CHEM 1225');
INSERT INTO coreqs VALUES('CHEM 1225','CHEM 1220');
INSERT INTO coreqs VALUES('CHEM 2310','CHEM 2315');
INSERT INTO coreqs VALUES('CHEM 2315','CHEM 2310');
INSERT INTO coreqs VALUES('CHEM 2320','CHEM 2325');
INSERT INTO coreqs VALUES('CHEM 2325','CHEM 2320');
INSERT INTO coreqs VALUES('CHEM 3000','CHEM 3005');
INSERT INTO coreqs VALUES('CHEM 3005','CHEM 3000');
INSERT INTO coreqs VALUES('CHEM 3065','CHEM 3060');
INSERT INTO coreqs VALUES('CHEM 3075','CHEM 3070');
INSERT INTO coreqs VALUES('CHEM 3510','CHEM 3515');
INSERT INTO coreqs VALUES('CHEM 3515','CHEM 3510');
INSERT INTO coreqs VALUES('CHEM 3520','CHEM 3525');
INSERT INTO coreqs VALUES('CHEM 3525','CHEM 3520');
INSERT INTO coreqs VALUES('CS 3530','CS 3310');
INSERT INTO coreqs VALUES('ECE 2100','MATH 2250');
INSERT INTO coreqs VALUES('ECE 2280','ECE 2285');
INSERT INTO coreqs VALUES('ECE 2285','ECE 2280');
INSERT INTO coreqs VALUES('ECE 2700','ECE 2705');
INSERT INTO coreqs VALUES('ECE 2705','ECE 2700');
INSERT INTO coreqs VALUES('ECE 3300','ECE 3305');
INSERT INTO coreqs VALUES('ECE 3305','ECE 3300');
INSERT INTO coreqs VALUES('ECE 3600','ECE 3605');
INSERT INTO coreqs VALUES('ECE 3605','ECE 3600');
INSERT INTO coreqs VALUES('ECE 3730','ECE 3735');
INSERT INTO coreqs VALUES('ECE 3735','ECE 3730');
INSERT INTO coreqs VALUES('ECE 4730','ECE 4735');
INSERT INTO coreqs VALUES('ECE 4735','ECE 4730');
INSERT INTO coreqs VALUES('ENVS 1099','ENVS 1215');
INSERT INTO coreqs VALUES('ENVS 1210','ENVS 1215');
INSERT INTO coreqs VALUES('ENVS 1215','ENVS 1210');
INSERT INTO coreqs VALUES('GEO 1015','GEO 1010');
INSERT INTO coreqs VALUES('GEO 1045','GEO 1040');
INSERT INTO coreqs VALUES('GEO 1050','GEO 1055');
INSERT INTO coreqs VALUES('GEO 1055','GEO 1050');
INSERT INTO coreqs VALUES('GEO 1110','GEO 1115');
INSERT INTO coreqs VALUES('GEO 1115','GEO 1110');
INSERT INTO coreqs VALUES('GEO 1220','GEO 1225');
INSERT INTO coreqs VALUES('GEO 1225','GEO 1220');
INSERT INTO coreqs VALUES('GEO 3500','GEOG 3600');
INSERT INTO coreqs VALUES('GEO 3500','GEOG 3605');
INSERT INTO coreqs VALUES('GEOG 1000','GEOG 1005');
INSERT INTO coreqs VALUES('GEOG 1005','GEOG 1000');
INSERT INTO coreqs VALUES('GEOG 3600','GEOG 3605');
INSERT INTO coreqs VALUES('GEOG 3605','GEOG 3600');
INSERT INTO coreqs VALUES('IT 2400','IT 1100');
INSERT INTO coreqs VALUES('IT 2400','IT 1500');
INSERT INTO coreqs VALUES('MATH 4250','MATH 2280');
INSERT INTO coreqs VALUES('MECH 1000','MECH 1005');
INSERT INTO coreqs VALUES('MECH 1005','MECH 1000');
INSERT INTO coreqs VALUES('MECH 1200','MECH 1205');
INSERT INTO coreqs VALUES('MECH 1205','MECH 1200');
INSERT INTO coreqs VALUES('MECH 2210','MECH 2215');
INSERT INTO coreqs VALUES('MECH 2215','MECH 2210');
INSERT INTO coreqs VALUES('MECH 2250','ENGR 2050');
INSERT INTO coreqs VALUES('MECH 2250','MATH 2250');
INSERT INTO coreqs VALUES('MECH 2250','MATH 2280');
INSERT INTO coreqs VALUES('MECH 2250','MECH 2255');
INSERT INTO coreqs VALUES('MECH 2255','MECH 2250');
INSERT INTO coreqs VALUES('MECH 3200','MECH 3205');
INSERT INTO coreqs VALUES('MECH 3205','MECH 3200');
INSERT INTO coreqs VALUES('MECH 3250','MECH 3255');
INSERT INTO coreqs VALUES('MECH 3255','MECH 3250');
INSERT INTO coreqs VALUES('MECH 3300','MATH 2210');
INSERT INTO coreqs VALUES('MECH 3300','MECH 3305');
INSERT INTO coreqs VALUES('MECH 3305','MECH 3300');
INSERT INTO coreqs VALUES('MECH 3605','MECH 3600');
INSERT INTO coreqs VALUES('MECH 3650','MECH 3655');
INSERT INTO coreqs VALUES('MECH 3655','MECH 3650');
INSERT INTO coreqs VALUES('MECH 3700','MATH 3500');
INSERT INTO coreqs VALUES('MECH 3700','MECH 3705');
INSERT INTO coreqs VALUES('MECH 3705','MECH 3700');
INSERT INTO coreqs VALUES('MECH 4170','MECH 3300');
INSERT INTO coreqs VALUES('MTRN 2200','MTRN 2205');
INSERT INTO coreqs VALUES('MTRN 2205','MTRN 2200');
INSERT INTO coreqs VALUES('MTRN 2300','MTRN 2305');
INSERT INTO coreqs VALUES('MTRN 2305','MTRN 2300');
INSERT INTO coreqs VALUES('MTRN 2350','MTRN 2355');
INSERT INTO coreqs VALUES('MTRN 2355','MTRN 2350');
INSERT INTO coreqs VALUES('MTRN 3360','MTRN 3365');
INSERT INTO coreqs VALUES('MTRN 3365','MTRN 3360');
INSERT INTO coreqs VALUES('MTRN 3400','MTRN 3405');
INSERT INTO coreqs VALUES('MTRN 3405','MTRN 3400');
INSERT INTO coreqs VALUES('MTRN 3500','MTRN 3505');
INSERT INTO coreqs VALUES('MTRN 3505','MTRN 3500');
INSERT INTO coreqs VALUES('MTRN 3550','MTRN 3555');
INSERT INTO coreqs VALUES('MTRN 3555','MTRN 3550');
INSERT INTO coreqs VALUES('MTRN 3560','MTRN 3565');
INSERT INTO coreqs VALUES('MTRN 3565','MTRN 3560');
INSERT INTO coreqs VALUES('MTRN 3600','MTRN 3605');
INSERT INTO coreqs VALUES('MTRN 3605','MTRN 3600');
INSERT INTO coreqs VALUES('MTRN 4500','MTRN 4505');
INSERT INTO coreqs VALUES('MTRN 4505','MTRN 4500');
INSERT INTO coreqs VALUES('MTRN 4605','MTRN 4600');
INSERT INTO coreqs VALUES('PHYS 1015','PHYS 1010');
INSERT INTO coreqs VALUES('PHYS 1040','PHYS 1045');
INSERT INTO coreqs VALUES('PHYS 1045','PHYS 1040');
INSERT INTO coreqs VALUES('PHYS 2010','PHYS 2015');
INSERT INTO coreqs VALUES('PHYS 2015','PHYS 2010');
INSERT INTO coreqs VALUES('PHYS 2020','PHYS 2025');
INSERT INTO coreqs VALUES('PHYS 2025','PHYS 2020');
INSERT INTO coreqs VALUES('PHYS 2210','PHYS 2215');
INSERT INTO coreqs VALUES('PHYS 2215','PHYS 2210');
INSERT INTO coreqs VALUES('PHYS 2220','PHYS 2225');
INSERT INTO coreqs VALUES('PHYS 2225','PHYS 2220');
INSERT INTO coreqs VALUES('PHYS 3605','PHYS 3600');
INSERT INTO sections VALUES('BIOL 1010-01');
INSERT INTO sections VALUES('BIOL 1010-02');
INSERT INTO sections VALUES('BIOL 1010-03');
INSERT INTO sections VALUES('BIOL 1010-04');
INSERT INTO sections VALUES('BIOL 1010-05');
INSERT INTO sections VALUES('BIOL 1010-05-SI');
INSERT INTO sections VALUES('BIOL 1010-06');
INSERT INTO sections VALUES('BIOL 1010-07');
INSERT INTO sections VALUES('BIOL 1010-08');
INSERT INTO sections VALUES('BIOL 1010-09');
INSERT INTO sections VALUES('BIOL 1010-10');
INSERT INTO sections VALUES('BIOL 1010-11');
INSERT INTO sections VALUES('BIOL 1010-11-SI');
INSERT INTO sections VALUES('BIOL 1015-04');
INSERT INTO sections VALUES('BIOL 1015-05');
INSERT INTO sections VALUES('BIOL 1015-07');
INSERT INTO sections VALUES('BIOL 1015-51');
INSERT INTO sections VALUES('BIOL 1200-01');
INSERT INTO sections VALUES('BIOL 1200-02');
INSERT INTO sections VALUES('BIOL 1610-01');
INSERT INTO sections VALUES('BIOL 1610-02');
INSERT INTO sections VALUES('BIOL 1615-01');
INSERT INTO sections VALUES('BIOL 1615-02');
INSERT INTO sections VALUES('BIOL 1615-04');
INSERT INTO sections VALUES('BIOL 1615-05');
INSERT INTO sections VALUES('BIOL 1615-06');
INSERT INTO sections VALUES('BIOL 1615-07');
INSERT INTO sections VALUES('BIOL 1615-08');
INSERT INTO sections VALUES('BIOL 1615-09');
INSERT INTO sections VALUES('BIOL 1615-10');
INSERT INTO sections VALUES('BIOL 1615-11');
INSERT INTO sections VALUES('BIOL 1615-12');
INSERT INTO sections VALUES('BIOL 1615-50');
INSERT INTO sections VALUES('BIOL 1615-51');
INSERT INTO sections VALUES('BIOL 1615-52');
INSERT INTO sections VALUES('BIOL 1620-01');
INSERT INTO sections VALUES('BIOL 1620-02');
INSERT INTO sections VALUES('BIOL 1620-03');
INSERT INTO sections VALUES('BIOL 1625-01');
INSERT INTO sections VALUES('BIOL 1625-02');
INSERT INTO sections VALUES('BIOL 1625-03');
INSERT INTO sections VALUES('BIOL 1625-04');
INSERT INTO sections VALUES('BIOL 1625-05');
INSERT INTO sections VALUES('BIOL 1625-06');
INSERT INTO sections VALUES('BIOL 1625-50');
INSERT INTO sections VALUES('BIOL 2060-01');
INSERT INTO sections VALUES('BIOL 2065-01');
INSERT INTO sections VALUES('BIOL 2065-02');
INSERT INTO sections VALUES('BIOL 2300-01');
INSERT INTO sections VALUES('BIOL 2320-01');
INSERT INTO sections VALUES('BIOL 2320-02');
INSERT INTO sections VALUES('BIOL 2320-04');
INSERT INTO sections VALUES('BIOL 2320-04-SI');
INSERT INTO sections VALUES('BIOL 2320-05');
INSERT INTO sections VALUES('BIOL 2320-07');
INSERT INTO sections VALUES('BIOL 2320-08');
INSERT INTO sections VALUES('BIOL 2320-08-SI');
INSERT INTO sections VALUES('BIOL 2325-01');
INSERT INTO sections VALUES('BIOL 2325-02');
INSERT INTO sections VALUES('BIOL 2325-03');
INSERT INTO sections VALUES('BIOL 2325-04');
INSERT INTO sections VALUES('BIOL 2325-05');
INSERT INTO sections VALUES('BIOL 2325-06');
INSERT INTO sections VALUES('BIOL 2325-07');
INSERT INTO sections VALUES('BIOL 2325-08');
INSERT INTO sections VALUES('BIOL 2325-09');
INSERT INTO sections VALUES('BIOL 2325-10');
INSERT INTO sections VALUES('BIOL 2325-11');
INSERT INTO sections VALUES('BIOL 2325-12');
INSERT INTO sections VALUES('BIOL 2325-13');
INSERT INTO sections VALUES('BIOL 2325-14');
INSERT INTO sections VALUES('BIOL 2325-15');
INSERT INTO sections VALUES('BIOL 2325-16');
INSERT INTO sections VALUES('BIOL 2325-17');
INSERT INTO sections VALUES('BIOL 2325-18');
INSERT INTO sections VALUES('BIOL 2325-19');
INSERT INTO sections VALUES('BIOL 2325-20');
INSERT INTO sections VALUES('BIOL 2325-21');
INSERT INTO sections VALUES('BIOL 2325-22');
INSERT INTO sections VALUES('BIOL 2325-50');
INSERT INTO sections VALUES('BIOL 2325-51');
INSERT INTO sections VALUES('BIOL 2325-52');
INSERT INTO sections VALUES('BIOL 2325-53');
INSERT INTO sections VALUES('BIOL 2420-01');
INSERT INTO sections VALUES('BIOL 2420-02');
INSERT INTO sections VALUES('BIOL 2420-03');
INSERT INTO sections VALUES('BIOL 2420-04');
INSERT INTO sections VALUES('BIOL 2420-05');
INSERT INTO sections VALUES('BIOL 2425-01');
INSERT INTO sections VALUES('BIOL 2425-02');
INSERT INTO sections VALUES('BIOL 2425-03');
INSERT INTO sections VALUES('BIOL 2425-04');
INSERT INTO sections VALUES('BIOL 2425-05');
INSERT INTO sections VALUES('BIOL 2425-06');
INSERT INTO sections VALUES('BIOL 2425-07');
INSERT INTO sections VALUES('BIOL 2425-08');
INSERT INTO sections VALUES('BIOL 2425-09');
INSERT INTO sections VALUES('BIOL 2425-10');
INSERT INTO sections VALUES('BIOL 2425-11');
INSERT INTO sections VALUES('BIOL 2425-12');
INSERT INTO sections VALUES('BIOL 2425-13');
INSERT INTO sections VALUES('BIOL 2425-14');
INSERT INTO sections VALUES('BIOL 2425-15');
INSERT INTO sections VALUES('BIOL 2425-50');
INSERT INTO sections VALUES('BIOL 2425-51');
INSERT INTO sections VALUES('BIOL 2991R-01A');
INSERT INTO sections VALUES('BIOL 3000R-09A');
INSERT INTO sections VALUES('BIOL 3010-01');
INSERT INTO sections VALUES('BIOL 3010-01-SI');
INSERT INTO sections VALUES('BIOL 3010-02');
INSERT INTO sections VALUES('BIOL 3010-02-SI');
INSERT INTO sections VALUES('BIOL 3030-01');
INSERT INTO sections VALUES('BIOL 3030-01-SI');
INSERT INTO sections VALUES('BIOL 3030-02');
INSERT INTO sections VALUES('BIOL 3030-02-SI');
INSERT INTO sections VALUES('BIOL 3040-01');
INSERT INTO sections VALUES('BIOL 3045-01');
INSERT INTO sections VALUES('BIOL 3100-01');
INSERT INTO sections VALUES('BIOL 3110-01');
INSERT INTO sections VALUES('BIOL 3150-01');
INSERT INTO sections VALUES('BIOL 3155-01');
INSERT INTO sections VALUES('BIOL 3155-02');
INSERT INTO sections VALUES('BIOL 3230R-01');
INSERT INTO sections VALUES('BIOL 3230R-02');
INSERT INTO sections VALUES('BIOL 3250-01');
INSERT INTO sections VALUES('BIOL 3300-01');
INSERT INTO sections VALUES('BIOL 3420-01');
INSERT INTO sections VALUES('BIOL 3450-01');
INSERT INTO sections VALUES('BIOL 3455-01');
INSERT INTO sections VALUES('BIOL 3455-02');
INSERT INTO sections VALUES('BIOL 3460-01');
INSERT INTO sections VALUES('BIOL 4040-01');
INSERT INTO sections VALUES('BIOL 4200-01');
INSERT INTO sections VALUES('BIOL 4205-01');
INSERT INTO sections VALUES('BIOL 4280-01');
INSERT INTO sections VALUES('BIOL 4300-01');
INSERT INTO sections VALUES('BIOL 4305-01');
INSERT INTO sections VALUES('BIOL 4310-01');
INSERT INTO sections VALUES('BIOL 4350-01');
INSERT INTO sections VALUES('BIOL 4355-01');
INSERT INTO sections VALUES('BIOL 4440-01');
INSERT INTO sections VALUES('BIOL 4600-01');
INSERT INTO sections VALUES('BIOL 4605-01');
INSERT INTO sections VALUES('BIOL 4810R-01B');
INSERT INTO sections VALUES('BIOL 4890R-50');
INSERT INTO sections VALUES('BIOL 4890R-51');
INSERT INTO sections VALUES('BIOL 4910-01');
INSERT INTO sections VALUES('BIOL 4910-02');
INSERT INTO sections VALUES('BIOL 4910-03');
INSERT INTO sections VALUES('BIOL 4990R-02');
INSERT INTO sections VALUES('BIOL 4990R-50');
INSERT INTO sections VALUES('BTEC 1010-01');
INSERT INTO sections VALUES('BTEC 2020-01');
INSERT INTO sections VALUES('BTEC 2030-01');
INSERT INTO sections VALUES('BTEC 2050-01');
INSERT INTO sections VALUES('BTEC 2050-01-lab');
INSERT INTO sections VALUES('BTEC 2050-02');
INSERT INTO sections VALUES('BTEC 2050-02-lab');
INSERT INTO sections VALUES('BTEC 3010-01');
INSERT INTO sections VALUES('BTEC 4050-01A');
INSERT INTO sections VALUES('CHEM 1010-01');
INSERT INTO sections VALUES('CHEM 1010-02');
INSERT INTO sections VALUES('CHEM 1015-01');
INSERT INTO sections VALUES('CHEM 1015-02');
INSERT INTO sections VALUES('CHEM 1015-03');
INSERT INTO sections VALUES('CHEM 1120-01');
INSERT INTO sections VALUES('CHEM 1125-01');
INSERT INTO sections VALUES('CHEM 1125-02');
INSERT INTO sections VALUES('CHEM 1150-01');
INSERT INTO sections VALUES('CHEM 1150-02');
INSERT INTO sections VALUES('CHEM 1150-03');
INSERT INTO sections VALUES('CHEM 1155-01');
INSERT INTO sections VALUES('CHEM 1155-02');
INSERT INTO sections VALUES('CHEM 1155-03');
INSERT INTO sections VALUES('CHEM 1155-05');
INSERT INTO sections VALUES('CHEM 1155-06');
INSERT INTO sections VALUES('CHEM 1155-50');
INSERT INTO sections VALUES('CHEM 1210-01');
INSERT INTO sections VALUES('CHEM 1210-02');
INSERT INTO sections VALUES('CHEM 1210-03');
INSERT INTO sections VALUES('CHEM 1215-01');
INSERT INTO sections VALUES('CHEM 1215-02');
INSERT INTO sections VALUES('CHEM 1215-03');
INSERT INTO sections VALUES('CHEM 1215-04');
INSERT INTO sections VALUES('CHEM 1215-05');
INSERT INTO sections VALUES('CHEM 1215-06');
INSERT INTO sections VALUES('CHEM 1215-50');
INSERT INTO sections VALUES('CHEM 1220-01');
INSERT INTO sections VALUES('CHEM 1220-02');
INSERT INTO sections VALUES('CHEM 1220-03');
INSERT INTO sections VALUES('CHEM 1225-01');
INSERT INTO sections VALUES('CHEM 1225-02');
INSERT INTO sections VALUES('CHEM 1225-03');
INSERT INTO sections VALUES('CHEM 1225-04');
INSERT INTO sections VALUES('CHEM 1225-05');
INSERT INTO sections VALUES('CHEM 1225-50');
INSERT INTO sections VALUES('CHEM 2310-01');
INSERT INTO sections VALUES('CHEM 2310-02');
INSERT INTO sections VALUES('CHEM 2315-01');
INSERT INTO sections VALUES('CHEM 2315-02');
INSERT INTO sections VALUES('CHEM 2320-01');
INSERT INTO sections VALUES('CHEM 2320-02');
INSERT INTO sections VALUES('CHEM 2325-01');
INSERT INTO sections VALUES('CHEM 2325-02');
INSERT INTO sections VALUES('CHEM 2325-03');
INSERT INTO sections VALUES('CHEM 2325-04');
INSERT INTO sections VALUES('CHEM 2325-05');
INSERT INTO sections VALUES('CHEM 2325-06');
INSERT INTO sections VALUES('CHEM 2325-50');
INSERT INTO sections VALUES('CHEM 3070-01');
INSERT INTO sections VALUES('CHEM 3075-01');
INSERT INTO sections VALUES('CHEM 3300-01');
INSERT INTO sections VALUES('CHEM 3300-01-SI');
INSERT INTO sections VALUES('CHEM 3510-01');
INSERT INTO sections VALUES('CHEM 3515-01');
INSERT INTO sections VALUES('CHEM 3515-02');
INSERT INTO sections VALUES('CHEM 3520-01');
INSERT INTO sections VALUES('CHEM 3525-01');
INSERT INTO sections VALUES('CHEM 3525-02');
INSERT INTO sections VALUES('CHEM 3525-03');
INSERT INTO sections VALUES('CHEM 4800R-01');
INSERT INTO sections VALUES('CHEM 4800R-02');
INSERT INTO sections VALUES('CHEM 4800R-03');
INSERT INTO sections VALUES('CHEM 4800R-04');
INSERT INTO sections VALUES('CHEM 4800R-06');
INSERT INTO sections VALUES('CHEM 4910-01');
INSERT INTO sections VALUES('CS 1030-01');
INSERT INTO sections VALUES('CS 1400-01');
INSERT INTO sections VALUES('CS 1400-02');
INSERT INTO sections VALUES('CS 1400-03');
INSERT INTO sections VALUES('CS 1400-50');
INSERT INTO sections VALUES('CS 1410-01');
INSERT INTO sections VALUES('CS 1410-02');
INSERT INTO sections VALUES('CS 1410-40');
INSERT INTO sections VALUES('CS 2420-01');
INSERT INTO sections VALUES('CS 2450-01');
INSERT INTO sections VALUES('CS 2450-02');
INSERT INTO sections VALUES('CS 2810-01');
INSERT INTO sections VALUES('CS 2810-02');
INSERT INTO sections VALUES('CS 3005-01');
INSERT INTO sections VALUES('CS 3150-01');
INSERT INTO sections VALUES('CS 3310-01');
INSERT INTO sections VALUES('CS 3410-01');
INSERT INTO sections VALUES('CS 3510-01');
INSERT INTO sections VALUES('CS 3600-01');
INSERT INTO sections VALUES('CS 4307-01');
INSERT INTO sections VALUES('CS 4320-01');
INSERT INTO sections VALUES('CS 4550-01');
INSERT INTO sections VALUES('CS 4600-01');
INSERT INTO sections VALUES('CS 4600-02');
INSERT INTO sections VALUES('CS 4800R-01');
INSERT INTO sections VALUES('CS 4800R-02');
INSERT INTO sections VALUES('CS 4920R-01');
INSERT INTO sections VALUES('CS 4991R-50');
INSERT INTO sections VALUES('CS 4992R-01');
INSERT INTO sections VALUES('ECE 2100-01');
INSERT INTO sections VALUES('ECE 2280-01');
INSERT INTO sections VALUES('ECE 2285-01');
INSERT INTO sections VALUES('ECE 3500-01');
INSERT INTO sections VALUES('ECE 3600-01');
INSERT INTO sections VALUES('ECE 3605-01');
INSERT INTO sections VALUES('ECE 4010-01');
INSERT INTO sections VALUES('ECE 4510-01');
INSERT INTO sections VALUES('ECE 4730-01');
INSERT INTO sections VALUES('ECE 4735-01');
INSERT INTO sections VALUES('ECE 4990-01');
INSERT INTO sections VALUES('ECE 4990-01-lab');
INSERT INTO sections VALUES('ECE 4990-02');
INSERT INTO sections VALUES('ECE 4990-03');
INSERT INTO sections VALUES('ECE 4990-03-lab');
INSERT INTO sections VALUES('ENVS 1010-01');
INSERT INTO sections VALUES('ENVS 1010-03');
INSERT INTO sections VALUES('ENVS 1010-04');
INSERT INTO sections VALUES('ENVS 1010-05');
INSERT INTO sections VALUES('ENVS 1010-06');
INSERT INTO sections VALUES('ENVS 1010-07');
INSERT INTO sections VALUES('ENVS 1099-01');
INSERT INTO sections VALUES('ENVS 1210-01');
INSERT INTO sections VALUES('ENVS 1215-01');
INSERT INTO sections VALUES('ENVS 1215-02');
INSERT INTO sections VALUES('ENVS 2099R-50');
INSERT INTO sections VALUES('ENVS 2210-01');
INSERT INTO sections VALUES('ENVS 2700R-01');
INSERT INTO sections VALUES('ENVS 3110-01');
INSERT INTO sections VALUES('ENVS 3210-01');
INSERT INTO sections VALUES('ENVS 3280-50');
INSERT INTO sections VALUES('ENVS 3410-01');
INSERT INTO sections VALUES('ENVS 3920-50');
INSERT INTO sections VALUES('ENVS 4910-01');
INSERT INTO sections VALUES('GEO 1010-01');
INSERT INTO sections VALUES('GEO 1010-50');
INSERT INTO sections VALUES('GEO 1015-01');
INSERT INTO sections VALUES('GEO 1015-03');
INSERT INTO sections VALUES('GEO 1015-04');
INSERT INTO sections VALUES('GEO 1015-50');
INSERT INTO sections VALUES('GEO 1015-51');
INSERT INTO sections VALUES('GEO 1050-01');
INSERT INTO sections VALUES('GEO 1110-01');
INSERT INTO sections VALUES('GEO 1115-01');
INSERT INTO sections VALUES('GEO 1220-01');
INSERT INTO sections VALUES('GEO 1225-01');
INSERT INTO sections VALUES('GEO 2700R-01');
INSERT INTO sections VALUES('GEO 3110-01');
INSERT INTO sections VALUES('GEO 3500-01');
INSERT INTO sections VALUES('GEO 3500-01-lab');
INSERT INTO sections VALUES('GEO 3600-01');
INSERT INTO sections VALUES('GEO 3600-01-lab');
INSERT INTO sections VALUES('GEO 3710-01');
INSERT INTO sections VALUES('GEO 4000R-01');
INSERT INTO sections VALUES('GEO 4910-01');
INSERT INTO sections VALUES('GEOG 1000-01');
INSERT INTO sections VALUES('GEOG 1000-01-SI');
INSERT INTO sections VALUES('GEOG 1000-02');
INSERT INTO sections VALUES('GEOG 1000-03');
INSERT INTO sections VALUES('GEOG 1005-01');
INSERT INTO sections VALUES('GEOG 1005-02');
INSERT INTO sections VALUES('GEOG 1005-03');
INSERT INTO sections VALUES('GEOG 1005-04');
INSERT INTO sections VALUES('GEOG 1005-05');
INSERT INTO sections VALUES('GEOG 3600-01');
INSERT INTO sections VALUES('GEOG 3605-01');
INSERT INTO sections VALUES('GEOG 4180-01');
INSERT INTO sections VALUES('IT 1100-01');
INSERT INTO sections VALUES('IT 1100-02');
INSERT INTO sections VALUES('IT 1100-40');
INSERT INTO sections VALUES('IT 1200-01');
INSERT INTO sections VALUES('IT 1500-40A');
INSERT INTO sections VALUES('IT 1500-41A');
INSERT INTO sections VALUES('IT 1500-42A');
INSERT INTO sections VALUES('IT 2300-01');
INSERT INTO sections VALUES('IT 2300-02');
INSERT INTO sections VALUES('IT 2400-01');
INSERT INTO sections VALUES('IT 2700-01');
INSERT INTO sections VALUES('IT 3100-01');
INSERT INTO sections VALUES('IT 3110-01');
INSERT INTO sections VALUES('IT 3150-01');
INSERT INTO sections VALUES('IT 3400-01');
INSERT INTO sections VALUES('IT 4510-01');
INSERT INTO sections VALUES('IT 4600-01');
INSERT INTO sections VALUES('IT 4990-01');
INSERT INTO sections VALUES('MATH 0900-01');
INSERT INTO sections VALUES('MATH 0900-02');
INSERT INTO sections VALUES('MATH 0900-03');
INSERT INTO sections VALUES('MATH 0900-04');
INSERT INTO sections VALUES('MATH 0900-06');
INSERT INTO sections VALUES('MATH 0900-07');
INSERT INTO sections VALUES('MATH 0900-51');
INSERT INTO sections VALUES('MATH 0980-03');
INSERT INTO sections VALUES('MATH 0980-05');
INSERT INTO sections VALUES('MATH 0980-06');
INSERT INTO sections VALUES('MATH 0980-07');
INSERT INTO sections VALUES('MATH 0980-08');
INSERT INTO sections VALUES('MATH 0980-10');
INSERT INTO sections VALUES('MATH 1010-03');
INSERT INTO sections VALUES('MATH 1010-04');
INSERT INTO sections VALUES('MATH 1010-05');
INSERT INTO sections VALUES('MATH 1010-06');
INSERT INTO sections VALUES('MATH 1010-07');
INSERT INTO sections VALUES('MATH 1010-50');
INSERT INTO sections VALUES('MATH 1030-01');
INSERT INTO sections VALUES('MATH 1030-02');
INSERT INTO sections VALUES('MATH 1030-03');
INSERT INTO sections VALUES('MATH 1030-04');
INSERT INTO sections VALUES('MATH 1030-05');
INSERT INTO sections VALUES('MATH 1030-06');
INSERT INTO sections VALUES('MATH 1040-01');
INSERT INTO sections VALUES('MATH 1040-02');
INSERT INTO sections VALUES('MATH 1040-03');
INSERT INTO sections VALUES('MATH 1040-04');
INSERT INTO sections VALUES('MATH 1040-05');
INSERT INTO sections VALUES('MATH 1040-06');
INSERT INTO sections VALUES('MATH 1040-07');
INSERT INTO sections VALUES('MATH 1040-08');
INSERT INTO sections VALUES('MATH 1040-09');
INSERT INTO sections VALUES('MATH 1040-10');
INSERT INTO sections VALUES('MATH 1040-11');
INSERT INTO sections VALUES('MATH 1040-12');
INSERT INTO sections VALUES('MATH 1040-14');
INSERT INTO sections VALUES('MATH 1050-01');
INSERT INTO sections VALUES('MATH 1050-02');
INSERT INTO sections VALUES('MATH 1050-03');
INSERT INTO sections VALUES('MATH 1050-03-alt');
INSERT INTO sections VALUES('MATH 1050-04');
INSERT INTO sections VALUES('MATH 1050-05');
INSERT INTO sections VALUES('MATH 1050-06');
INSERT INTO sections VALUES('MATH 1060-01');
INSERT INTO sections VALUES('MATH 1060-02');
INSERT INTO sections VALUES('MATH 1080-01');
INSERT INTO sections VALUES('MATH 1100-02');
INSERT INTO sections VALUES('MATH 1210-01');
INSERT INTO sections VALUES('MATH 1210-02');
INSERT INTO sections VALUES('MATH 1210-03');
INSERT INTO sections VALUES('MATH 1220-01');
INSERT INTO sections VALUES('MATH 1220-02');
INSERT INTO sections VALUES('MATH 2010-01');
INSERT INTO sections VALUES('MATH 2020-01');
INSERT INTO sections VALUES('MATH 2020-02');
INSERT INTO sections VALUES('MATH 2200-01');
INSERT INTO sections VALUES('MATH 2210-01');
INSERT INTO sections VALUES('MATH 2250-01');
INSERT INTO sections VALUES('MATH 2270-01');
INSERT INTO sections VALUES('MATH 2280-01');
INSERT INTO sections VALUES('MATH 3050-01');
INSERT INTO sections VALUES('MATH 3200-01');
INSERT INTO sections VALUES('MATH 3450-01');
INSERT INTO sections VALUES('MATH 3900-01');
INSERT INTO sections VALUES('MATH 4250-01');
INSERT INTO sections VALUES('MATH 4400-01');
INSERT INTO sections VALUES('MATH 4410-01');
INSERT INTO sections VALUES('MATH 4800-01');
INSERT INTO sections VALUES('MECH 1100-01');
INSERT INTO sections VALUES('MECH 1150-01');
INSERT INTO sections VALUES('MECH 1150-02');
INSERT INTO sections VALUES('MECH 1200-01');
INSERT INTO sections VALUES('MECH 1200-02');
INSERT INTO sections VALUES('MECH 1205-01');
INSERT INTO sections VALUES('MECH 1205-02');
INSERT INTO sections VALUES('MECH 1205-03');
INSERT INTO sections VALUES('MECH 1205-04');
INSERT INTO sections VALUES('MECH 1205-05');
INSERT INTO sections VALUES('MECH 2030-01');
INSERT INTO sections VALUES('MECH 2160-01');
INSERT INTO sections VALUES('MECH 2250-01');
INSERT INTO sections VALUES('MECH 2250-02');
INSERT INTO sections VALUES('MECH 2255-01');
INSERT INTO sections VALUES('MECH 2255-02');
INSERT INTO sections VALUES('MECH 2255-03');
INSERT INTO sections VALUES('MECH 2255-04');
INSERT INTO sections VALUES('MECH 3250-01');
INSERT INTO sections VALUES('MECH 3255-01');
INSERT INTO sections VALUES('MECH 3255-02');
INSERT INTO sections VALUES('MECH 3600-01');
INSERT INTO sections VALUES('MECH 3602-01');
INSERT INTO sections VALUES('MECH 3605-01');
INSERT INTO sections VALUES('MECH 3605-02');
INSERT INTO sections VALUES('MECH 3650-01');
INSERT INTO sections VALUES('MECH 3655-01');
INSERT INTO sections VALUES('MECH 3655-02');
INSERT INTO sections VALUES('MECH 4010-01');
INSERT INTO sections VALUES('MECH 4500-01');
INSERT INTO sections VALUES('MECH 4860R-01');
INSERT INTO sections VALUES('MECH 4990-01');
INSERT INTO sections VALUES('MTRN 2350-01');
INSERT INTO sections VALUES('MTRN 2355-01');
INSERT INTO sections VALUES('PHYS 1010-01');
INSERT INTO sections VALUES('PHYS 1015-01');
INSERT INTO sections VALUES('PHYS 1015-02');
INSERT INTO sections VALUES('PHYS 1040-50');
INSERT INTO sections VALUES('PHYS 1045-50');
INSERT INTO sections VALUES('PHYS 1045-51');
INSERT INTO sections VALUES('PHYS 1045-52');
INSERT INTO sections VALUES('PHYS 2010-01');
INSERT INTO sections VALUES('PHYS 2010-02');
INSERT INTO sections VALUES('PHYS 2015-01');
INSERT INTO sections VALUES('PHYS 2015-02');
INSERT INTO sections VALUES('PHYS 2015-03');
INSERT INTO sections VALUES('PHYS 2020-01');
INSERT INTO sections VALUES('PHYS 2020-02');
INSERT INTO sections VALUES('PHYS 2025-01');
INSERT INTO sections VALUES('PHYS 2025-03');
INSERT INTO sections VALUES('PHYS 2025-04');
INSERT INTO sections VALUES('PHYS 2210-01');
INSERT INTO sections VALUES('PHYS 2210-02');
INSERT INTO sections VALUES('PHYS 2215-01');
INSERT INTO sections VALUES('PHYS 2215-02');
INSERT INTO sections VALUES('PHYS 2215-50');
INSERT INTO sections VALUES('PHYS 2220-01');
INSERT INTO sections VALUES('PHYS 2225-01');
INSERT INTO sections VALUES('PHYS 2225-02');
INSERT INTO sections VALUES('PHYS 3600-01');
INSERT INTO sections VALUES('PHYS 3605-01');
INSERT INTO sections VALUES('PHYS 3605-02');
INSERT INTO sections VALUES('SCI 4700-01');
INSERT INTO sections VALUES('SCI 4720-01');
INSERT INTO sections VALUES('SE 1400-01');
INSERT INTO sections VALUES('SE 1400-02');
INSERT INTO sections VALUES('SE 1400-40');
INSERT INTO sections VALUES('SE 1400-42');
INSERT INTO sections VALUES('SE 3010-01');
INSERT INTO sections VALUES('SE 3100-01');
INSERT INTO sections VALUES('SE 3200-01');
INSERT INTO sections VALUES('SE 3450-01');
INSERT INTO sections VALUES('SE 3500-01');
INSERT INTO sections VALUES('SE 3550-01');
INSERT INTO sections VALUES('SE 4200-01');
INSERT INTO sections VALUES('SE 4600-01');
INSERT INTO sections VALUES('SE 4900R-01');
INSERT INTO sections VALUES('SE 4900R-02');
INSERT INTO sections VALUES('SE 4920-01');
INSERT INTO section_room_tags VALUES('BIOL 1010-01','Brown 201',NULL);
INSERT INTO section_room_tags VALUES('BIOL 1010-01','Science small lecture',NULL);
INSERT INTO section_room_tags VALUES('BIOL 1010-02','Brown 201',NULL);
INSERT INTO section_room_tags VALUES('BIOL 1010-02','Science small lecture',NULL);
INSERT INTO section_room_tags VALUES('BIOL 1010-03','Science medium lecture',NULL);
INSERT INTO section_room_tags VALUES('BIOL 1010-04','COE 121',NULL);
INSERT INTO section_room_tags VALUES('BIOL 1010-04','Science small lecture',NULL);
INSERT INTO section_room_tags VALUES('BIOL 1010-05','Science large lecture',NULL);
INSERT INTO section_room_tags VALUES('BIOL 1010-05-SI','Science small lecture',NULL);
INSERT INTO section_room_tags VALUES('BIOL 1010-05-SI','Snow 113',NULL);
INSERT INTO section_room_tags VALUES('BIOL 1010-06','Brown 201',NULL);
INSERT INTO section_room_tags VALUES('BIOL 1010-06','Science small lecture',NULL);
INSERT INTO section_room_tags VALUES('BIOL 1010-07','Science medium lecture',NULL);
INSERT INTO section_room_tags VALUES('BIOL 1010-08','Math lecture',NULL);
INSERT INTO section_room_tags VALUES('BIOL 1010-09','Science small lecture',NULL);
INSERT INTO section_room_tags VALUES('BIOL 1010-10','Science medium lecture',NULL);
INSERT INTO section_room_tags VALUES('BIOL 1010-11-SI','Science small lecture',NULL);
INSERT INTO section_room_tags VALUES('BIOL 1010-11-SI','Snow 113',NULL);
INSERT INTO section_room_tags VALUES('BIOL 1015-04','SET 312',NULL);
INSERT INTO section_room_tags VALUES('BIOL 1015-05','SET 312',NULL);
INSERT INTO section_room_tags VALUES('BIOL 1015-07','SET 312',NULL);
INSERT INTO section_room_tags VALUES('BIOL 1015-51','SET 312',NULL);
INSERT INTO section_room_tags VALUES('BIOL 1200-01','Brown 201',NULL);
INSERT INTO section_room_tags VALUES('BIOL 1200-01','Science small lecture',NULL);
INSERT INTO section_room_tags VALUES('BIOL 1200-02','Science medium lecture',NULL);
INSERT INTO section_room_tags VALUES('BIOL 1610-01','Science large lecture',NULL);
INSERT INTO section_room_tags VALUES('BIOL 1610-02','Science medium lecture',NULL);
INSERT INTO section_room_tags VALUES('BIOL 1615-01','SET 309',NULL);
INSERT INTO section_room_tags VALUES('BIOL 1615-02','SET 309',NULL);
INSERT INTO section_room_tags VALUES('BIOL 1615-04','SET 309',NULL);
INSERT INTO section_room_tags VALUES('BIOL 1615-05','SET 309',NULL);
INSERT INTO section_room_tags VALUES('BIOL 1615-06','SET 309',NULL);
INSERT INTO section_room_tags VALUES('BIOL 1615-07','SET 309',NULL);
INSERT INTO section_room_tags VALUES('BIOL 1615-08','SET 309',NULL);
INSERT INTO section_room_tags VALUES('BIOL 1615-09','SET 309',NULL);
INSERT INTO section_room_tags VALUES('BIOL 1615-10','SET 309',NULL);
INSERT INTO section_room_tags VALUES('BIOL 1615-11','SET 309',NULL);
INSERT INTO section_room_tags VALUES('BIOL 1615-12','SET 309',NULL);
INSERT INTO section_room_tags VALUES('BIOL 1615-50','SET 309',NULL);
INSERT INTO section_room_tags VALUES('BIOL 1615-51','SET 309',NULL);
INSERT INTO section_room_tags VALUES('BIOL 1615-52','SET 309',NULL);
INSERT INTO section_room_tags VALUES('BIOL 1620-01','Science medium lecture',NULL);
INSERT INTO section_room_tags VALUES('BIOL 1620-02','Science large lecture',NULL);
INSERT INTO section_room_tags VALUES('BIOL 1620-03','SET 216',NULL);
INSERT INTO section_room_tags VALUES('BIOL 1625-01','SET 318',NULL);
INSERT INTO section_room_tags VALUES('BIOL 1625-02','SET 318',NULL);
INSERT INTO section_room_tags VALUES('BIOL 1625-03','SET 318',NULL);
INSERT INTO section_room_tags VALUES('BIOL 1625-04','SET 318',NULL);
INSERT INTO section_room_tags VALUES('BIOL 1625-05','SET 318',NULL);
INSERT INTO section_room_tags VALUES('BIOL 1625-06','SET 318',NULL);
INSERT INTO section_room_tags VALUES('BIOL 1625-50','SET 318',NULL);
INSERT INTO section_room_tags VALUES('BIOL 2060-01','Science medium lecture',NULL);
INSERT INTO section_room_tags VALUES('BIOL 2065-01','SET 304',NULL);
INSERT INTO section_room_tags VALUES('BIOL 2065-02','SET 304',NULL);
INSERT INTO section_room_tags VALUES('BIOL 2300-01','SET 216',NULL);
INSERT INTO section_room_tags VALUES('BIOL 2320-01','Brown 201',NULL);
INSERT INTO section_room_tags VALUES('BIOL 2320-01','Science small lecture',NULL);
INSERT INTO section_room_tags VALUES('BIOL 2320-02','Science medium lecture',NULL);
INSERT INTO section_room_tags VALUES('BIOL 2320-04','Science medium lecture',NULL);
INSERT INTO section_room_tags VALUES('BIOL 2320-04-SI','Science medium lecture',NULL);
INSERT INTO section_room_tags VALUES('BIOL 2320-05','Science medium lecture',NULL);
INSERT INTO section_room_tags VALUES('BIOL 2320-07','Science medium lecture',NULL);
INSERT INTO section_room_tags VALUES('BIOL 2320-08-SI','Science medium lecture',NULL);
INSERT INTO section_room_tags VALUES('BIOL 2325-01','SET 213',NULL);
INSERT INTO section_room_tags VALUES('BIOL 2325-02','SET 215',NULL);
INSERT INTO section_room_tags VALUES('BIOL 2325-03','SET 213',NULL);
INSERT INTO section_room_tags VALUES('BIOL 2325-04','SET 215',NULL);
INSERT INTO section_room_tags VALUES('BIOL 2325-05','SET 213',NULL);
INSERT INTO section_room_tags VALUES('BIOL 2325-06','SET 215',NULL);
INSERT INTO section_room_tags VALUES('BIOL 2325-07','SET 213',NULL);
INSERT INTO section_room_tags VALUES('BIOL 2325-08','SET 215',NULL);
INSERT INTO section_room_tags VALUES('BIOL 2325-09','SET 213',NULL);
INSERT INTO section_room_tags VALUES('BIOL 2325-10','SET 215',NULL);
INSERT INTO section_room_tags VALUES('BIOL 2325-11','SET 213',NULL);
INSERT INTO section_room_tags VALUES('BIOL 2325-12','SET 215',NULL);
INSERT INTO section_room_tags VALUES('BIOL 2325-13','SET 213',NULL);
INSERT INTO section_room_tags VALUES('BIOL 2325-14','SET 215',NULL);
INSERT INTO section_room_tags VALUES('BIOL 2325-15','SET 213',NULL);
INSERT INTO section_room_tags VALUES('BIOL 2325-16','SET 215',NULL);
INSERT INTO section_room_tags VALUES('BIOL 2325-17','SET 213',NULL);
INSERT INTO section_room_tags VALUES('BIOL 2325-18','SET 215',NULL);
INSERT INTO section_room_tags VALUES('BIOL 2325-19','SET 213',NULL);
INSERT INTO section_room_tags VALUES('BIOL 2325-20','SET 215',NULL);
INSERT INTO section_room_tags VALUES('BIOL 2325-21','SET 213',NULL);
INSERT INTO section_room_tags VALUES('BIOL 2325-22','SET 215',NULL);
INSERT INTO section_room_tags VALUES('BIOL 2325-50','SET 213',NULL);
INSERT INTO section_room_tags VALUES('BIOL 2325-51','SET 215',NULL);
INSERT INTO section_room_tags VALUES('BIOL 2325-52','SET 213',NULL);
INSERT INTO section_room_tags VALUES('BIOL 2325-53','SET 215',NULL);
INSERT INTO section_room_tags VALUES('BIOL 2420-01','Science large lecture',NULL);
INSERT INTO section_room_tags VALUES('BIOL 2420-02','Science large lecture',NULL);
INSERT INTO section_room_tags VALUES('BIOL 2420-03','Science large lecture',NULL);
INSERT INTO section_room_tags VALUES('BIOL 2420-04','Science medium lecture',NULL);
INSERT INTO section_room_tags VALUES('BIOL 2420-05','Science medium lecture',NULL);
INSERT INTO section_room_tags VALUES('BIOL 2425-01','SET 214',NULL);
INSERT INTO section_room_tags VALUES('BIOL 2425-02','SET 214',NULL);
INSERT INTO section_room_tags VALUES('BIOL 2425-03','SET 214',NULL);
INSERT INTO section_room_tags VALUES('BIOL 2425-04','SET 214',NULL);
INSERT INTO section_room_tags VALUES('BIOL 2425-05','SET 214',NULL);
INSERT INTO section_room_tags VALUES('BIOL 2425-06','SET 214',NULL);
INSERT INTO section_room_tags VALUES('BIOL 2425-07','SET 214',NULL);
INSERT INTO section_room_tags VALUES('BIOL 2425-08','SET 214',NULL);
INSERT INTO section_room_tags VALUES('BIOL 2425-09','SET 214',NULL);
INSERT INTO section_room_tags VALUES('BIOL 2425-10','SET 214',NULL);
INSERT INTO section_room_tags VALUES('BIOL 2425-11','SET 214',NULL);
INSERT INTO section_room_tags VALUES('BIOL 2425-12','SET 214',NULL);
INSERT INTO section_room_tags VALUES('BIOL 2425-13','SET 214',NULL);
INSERT INTO section_room_tags VALUES('BIOL 2425-14','SET 214',NULL);
INSERT INTO section_room_tags VALUES('BIOL 2425-15','SET 214',NULL);
INSERT INTO section_room_tags VALUES('BIOL 2425-50','SET 214',NULL);
INSERT INTO section_room_tags VALUES('BIOL 2425-51','SET 214',NULL);
INSERT INTO section_room_tags VALUES('BIOL 2991R-01A','SET 501',NULL);
INSERT INTO section_room_tags VALUES('BIOL 3000R-09A','Science medium lecture',NULL);
INSERT INTO section_room_tags VALUES('BIOL 3010-01','Science medium lecture',NULL);
INSERT INTO section_room_tags VALUES('BIOL 3010-01-SI','Science medium lecture',NULL);
INSERT INTO section_room_tags VALUES('BIOL 3010-02-SI','Science medium lecture',NULL);
INSERT INTO section_room_tags VALUES('BIOL 3030-01','Science medium lecture',NULL);
INSERT INTO section_room_tags VALUES('BIOL 3030-01-SI','Science medium lecture',NULL);
INSERT INTO section_room_tags VALUES('BIOL 3030-02-SI','Science medium lecture',NULL);
INSERT INTO section_room_tags VALUES('BIOL 3040-01','Science medium lecture',NULL);
INSERT INTO section_room_tags VALUES('BIOL 3045-01','SET 216',NULL);
INSERT INTO section_room_tags VALUES('BIOL 3100-01','HCC 476',NULL);
INSERT INTO section_room_tags VALUES('BIOL 3110-01','SET 408',NULL);
INSERT INTO section_room_tags VALUES('BIOL 3150-01','Science large lecture',NULL);
INSERT INTO section_room_tags VALUES('BIOL 3155-01','SET 216',NULL);
INSERT INTO section_room_tags VALUES('BIOL 3155-02','SET 216',NULL);
INSERT INTO section_room_tags VALUES('BIOL 3230R-01','SET 213',NULL);
INSERT INTO section_room_tags VALUES('BIOL 3230R-02','SET 215',NULL);
INSERT INTO section_room_tags VALUES('BIOL 3250-01','SET 319',NULL);
INSERT INTO section_room_tags VALUES('BIOL 3300-01','SET 501',NULL);
INSERT INTO section_room_tags VALUES('BIOL 3420-01','Science small lecture',NULL);
INSERT INTO section_room_tags VALUES('BIOL 3450-01','Science small lecture',NULL);
INSERT INTO section_room_tags VALUES('BIOL 3455-01','SET 304',NULL);
INSERT INTO section_room_tags VALUES('BIOL 3455-02','SET 304',NULL);
INSERT INTO section_room_tags VALUES('BIOL 3460-01','Science medium lecture',NULL);
INSERT INTO section_room_tags VALUES('BIOL 4040-01','SET 501',NULL);
INSERT INTO section_room_tags VALUES('BIOL 4200-01','Science small lecture',NULL);
INSERT INTO section_room_tags VALUES('BIOL 4205-01','Science small lecture',NULL);
INSERT INTO section_room_tags VALUES('BIOL 4280-01','SET 318',NULL);
INSERT INTO section_room_tags VALUES('BIOL 4300-01','SET 216',NULL);
INSERT INTO section_room_tags VALUES('BIOL 4305-01','SET 308',NULL);
INSERT INTO section_room_tags VALUES('BIOL 4310-01','SET 501',NULL);
INSERT INTO section_room_tags VALUES('BIOL 4350-01','SET 319',NULL);
INSERT INTO section_room_tags VALUES('BIOL 4355-01','SET 319',NULL);
INSERT INTO section_room_tags VALUES('BIOL 4440-01','Science small lecture',NULL);
INSERT INTO section_room_tags VALUES('BIOL 4600-01','SET 216',NULL);
INSERT INTO section_room_tags VALUES('BIOL 4605-01','SET 216',NULL);
INSERT INTO section_room_tags VALUES('BIOL 4810R-01B','SET 303',NULL);
INSERT INTO section_room_tags VALUES('BIOL 4890R-50','SET 501',NULL);
INSERT INTO section_room_tags VALUES('BIOL 4890R-51','SET 501',NULL);
INSERT INTO section_room_tags VALUES('BIOL 4910-01','SET 501',NULL);
INSERT INTO section_room_tags VALUES('BIOL 4910-02','SET 501',NULL);
INSERT INTO section_room_tags VALUES('BIOL 4910-03','SET 501',NULL);
INSERT INTO section_room_tags VALUES('BIOL 4990R-02','SET 303',NULL);
INSERT INTO section_room_tags VALUES('BIOL 4990R-50','SET 216',NULL);
INSERT INTO section_room_tags VALUES('BTEC 1010-01','SET 310',NULL);
INSERT INTO section_room_tags VALUES('BTEC 2020-01','SET 304',NULL);
INSERT INTO section_room_tags VALUES('BTEC 2030-01','SET 308',NULL);
INSERT INTO section_room_tags VALUES('BTEC 2050-01','SET 303',NULL);
INSERT INTO section_room_tags VALUES('BTEC 2050-01-lab','SET 303',NULL);
INSERT INTO section_room_tags VALUES('BTEC 2050-02-lab','SET 303',NULL);
INSERT INTO section_room_tags VALUES('BTEC 3010-01','SET 312',NULL);
INSERT INTO section_room_tags VALUES('BTEC 4050-01A','SET 303',NULL);
INSERT INTO section_room_tags VALUES('CHEM 1010-01','Science small lecture',NULL);
INSERT INTO section_room_tags VALUES('CHEM 1010-01','Snow 113',NULL);
INSERT INTO section_room_tags VALUES('CHEM 1010-02','Science small lecture',NULL);
INSERT INTO section_room_tags VALUES('CHEM 1010-02','Snow 113',NULL);
INSERT INTO section_room_tags VALUES('CHEM 1015-01','SET 405',NULL);
INSERT INTO section_room_tags VALUES('CHEM 1015-02','SET 405',NULL);
INSERT INTO section_room_tags VALUES('CHEM 1015-03','SET 405',NULL);
INSERT INTO section_room_tags VALUES('CHEM 1120-01','Science small lecture',NULL);
INSERT INTO section_room_tags VALUES('CHEM 1125-01','SET 404',NULL);
INSERT INTO section_room_tags VALUES('CHEM 1125-02','SET 404',NULL);
INSERT INTO section_room_tags VALUES('CHEM 1150-01','Science medium lecture',NULL);
INSERT INTO section_room_tags VALUES('CHEM 1150-02','Science medium lecture',NULL);
INSERT INTO section_room_tags VALUES('CHEM 1150-03','Science small lecture',NULL);
INSERT INTO section_room_tags VALUES('CHEM 1155-01','SET 405',NULL);
INSERT INTO section_room_tags VALUES('CHEM 1155-02','SET 407',NULL);
INSERT INTO section_room_tags VALUES('CHEM 1155-03','SET 407',NULL);
INSERT INTO section_room_tags VALUES('CHEM 1155-05','SET 405',NULL);
INSERT INTO section_room_tags VALUES('CHEM 1155-06','SET 405',NULL);
INSERT INTO section_room_tags VALUES('CHEM 1155-50','SET 405',NULL);
INSERT INTO section_room_tags VALUES('CHEM 1210-01','Science medium lecture',NULL);
INSERT INTO section_room_tags VALUES('CHEM 1210-02','Science medium lecture',NULL);
INSERT INTO section_room_tags VALUES('CHEM 1210-03','Science small lecture',NULL);
INSERT INTO section_room_tags VALUES('CHEM 1215-01','SET 407',NULL);
INSERT INTO section_room_tags VALUES('CHEM 1215-02','SET 409',NULL);
INSERT INTO section_room_tags VALUES('CHEM 1215-03','SET 407',NULL);
INSERT INTO section_room_tags VALUES('CHEM 1215-04','SET 409',NULL);
INSERT INTO section_room_tags VALUES('CHEM 1215-05','SET 407',NULL);
INSERT INTO section_room_tags VALUES('CHEM 1215-06','SET 409',NULL);
INSERT INTO section_room_tags VALUES('CHEM 1215-50','SET 409',NULL);
INSERT INTO section_room_tags VALUES('CHEM 1220-01','Science small lecture',NULL);
INSERT INTO section_room_tags VALUES('CHEM 1220-02','Science small lecture',NULL);
INSERT INTO section_room_tags VALUES('CHEM 1220-03','Science small lecture',NULL);
INSERT INTO section_room_tags VALUES('CHEM 1225-01','SET 409',NULL);
INSERT INTO section_room_tags VALUES('CHEM 1225-02','SET 409',NULL);
INSERT INTO section_room_tags VALUES('CHEM 1225-03','SET 409',NULL);
INSERT INTO section_room_tags VALUES('CHEM 1225-04','SET 407',NULL);
INSERT INTO section_room_tags VALUES('CHEM 1225-05','SET 409',NULL);
INSERT INTO section_room_tags VALUES('CHEM 1225-50','SET 407',NULL);
INSERT INTO section_room_tags VALUES('CHEM 2310-01','Science small lecture',NULL);
INSERT INTO section_room_tags VALUES('CHEM 2310-02','Science small lecture',NULL);
INSERT INTO section_room_tags VALUES('CHEM 2315-01','SET 404',NULL);
INSERT INTO section_room_tags VALUES('CHEM 2315-02','SET 404',NULL);
INSERT INTO section_room_tags VALUES('CHEM 2320-01','Science medium lecture',NULL);
INSERT INTO section_room_tags VALUES('CHEM 2320-02','Science small lecture',NULL);
INSERT INTO section_room_tags VALUES('CHEM 2325-01','SET 404',NULL);
INSERT INTO section_room_tags VALUES('CHEM 2325-02','SET 404',NULL);
INSERT INTO section_room_tags VALUES('CHEM 2325-03','SET 404',NULL);
INSERT INTO section_room_tags VALUES('CHEM 2325-04','SET 404',NULL);
INSERT INTO section_room_tags VALUES('CHEM 2325-05','SET 404',NULL);
INSERT INTO section_room_tags VALUES('CHEM 2325-06','SET 404',NULL);
INSERT INTO section_room_tags VALUES('CHEM 2325-50','SET 404',NULL);
INSERT INTO section_room_tags VALUES('CHEM 3070-01','Science small lecture',NULL);
INSERT INTO section_room_tags VALUES('CHEM 3075-01','Snow 103',NULL);
INSERT INTO section_room_tags VALUES('CHEM 3300-01','Science small lecture',NULL);
INSERT INTO section_room_tags VALUES('CHEM 3300-01-SI','Snow 103',NULL);
INSERT INTO section_room_tags VALUES('CHEM 3510-01','Science small lecture',NULL);
INSERT INTO section_room_tags VALUES('CHEM 3515-01','SET 308',NULL);
INSERT INTO section_room_tags VALUES('CHEM 3515-02','SET 308',NULL);
INSERT INTO section_room_tags VALUES('CHEM 3520-01','Science medium lecture',NULL);
INSERT INTO section_room_tags VALUES('CHEM 3525-01','SET 308',NULL);
INSERT INTO section_room_tags VALUES('CHEM 3525-02','SET 308',NULL);
INSERT INTO section_room_tags VALUES('CHEM 3525-03','SET 308',NULL);
INSERT INTO section_room_tags VALUES('CHEM 4800R-01','Snow 204',NULL);
INSERT INTO section_room_tags VALUES('CHEM 4800R-02','Snow 204',NULL);
INSERT INTO section_room_tags VALUES('CHEM 4800R-03','Snow 204',NULL);
INSERT INTO section_room_tags VALUES('CHEM 4800R-04','Snow 204',NULL);
INSERT INTO section_room_tags VALUES('CHEM 4800R-06','Snow 204',NULL);
INSERT INTO section_room_tags VALUES('CHEM 4910-01','Science medium lecture',NULL);
INSERT INTO section_room_tags VALUES('CS 1030-01','flex',NULL);
INSERT INTO section_room_tags VALUES('CS 1400-01','stadium',NULL);
INSERT INTO section_room_tags VALUES('CS 1400-02','flex',NULL);
INSERT INTO section_room_tags VALUES('CS 1400-03','flex',NULL);
INSERT INTO section_room_tags VALUES('CS 1400-50','stadium',NULL);
INSERT INTO section_room_tags VALUES('CS 1410-01','flex',NULL);
INSERT INTO section_room_tags VALUES('CS 1410-02','flex',NULL);
INSERT INTO section_room_tags VALUES('CS 2420-01','flex',11);
INSERT INTO section_room_tags VALUES('CS 2420-01','stadium',NULL);
INSERT INTO section_room_tags VALUES('CS 2450-01','flex',NULL);
INSERT INTO section_room_tags VALUES('CS 2450-02','flex',NULL);
INSERT INTO section_room_tags VALUES('CS 2810-01','Smith 109',NULL);
INSERT INTO section_room_tags VALUES('CS 2810-02','Smith 109',NULL);
INSERT INTO section_room_tags VALUES('CS 3005-01','Smith 116',NULL);
INSERT INTO section_room_tags VALUES('CS 3150-01','flex',NULL);
INSERT INTO section_room_tags VALUES('CS 3310-01','pcs',NULL);
INSERT INTO section_room_tags VALUES('CS 3310-01','stadium',NULL);
INSERT INTO section_room_tags VALUES('CS 3410-01','Smith 109',NULL);
INSERT INTO section_room_tags VALUES('CS 3510-01','Smith 116',NULL);
INSERT INTO section_room_tags VALUES('CS 3510-01','flex',19);
INSERT INTO section_room_tags VALUES('CS 3600-01','pcs',NULL);
INSERT INTO section_room_tags VALUES('CS 3600-01','stadium',11);
INSERT INTO section_room_tags VALUES('CS 4307-01','Smith 109',NULL);
INSERT INTO section_room_tags VALUES('CS 4320-01','Smith 116',NULL);
INSERT INTO section_room_tags VALUES('CS 4320-01','flex',19);
INSERT INTO section_room_tags VALUES('CS 4550-01','pcs',NULL);
INSERT INTO section_room_tags VALUES('CS 4600-01','Smith 116',NULL);
INSERT INTO section_room_tags VALUES('CS 4600-01','flex',19);
INSERT INTO section_room_tags VALUES('CS 4600-02','flex',NULL);
INSERT INTO section_room_tags VALUES('CS 4991R-50','Smith 116',NULL);
INSERT INTO section_room_tags VALUES('CS 4992R-01','Smith 109',NULL);
INSERT INTO section_room_tags VALUES('ECE 2100-01','SET 102',NULL);
INSERT INTO section_room_tags VALUES('ECE 2280-01','SET 102',NULL);
INSERT INTO section_room_tags VALUES('ECE 2285-01','SET 101',NULL);
INSERT INTO section_room_tags VALUES('ECE 3500-01','SET 523',NULL);
INSERT INTO section_room_tags VALUES('ECE 3600-01','SET 523',NULL);
INSERT INTO section_room_tags VALUES('ECE 3605-01','SET 101',NULL);
INSERT INTO section_room_tags VALUES('ECE 4010-01','SET 219',NULL);
INSERT INTO section_room_tags VALUES('ECE 4510-01','SET 523',NULL);
INSERT INTO section_room_tags VALUES('ECE 4730-01','SET 523',NULL);
INSERT INTO section_room_tags VALUES('ECE 4735-01','SET 101',NULL);
INSERT INTO section_room_tags VALUES('ECE 4990-01','SET 523',NULL);
INSERT INTO section_room_tags VALUES('ECE 4990-01-lab','SET 101',NULL);
INSERT INTO section_room_tags VALUES('ECE 4990-02','SET 523',NULL);
INSERT INTO section_room_tags VALUES('ECE 4990-03','SET 523',NULL);
INSERT INTO section_room_tags VALUES('ECE 4990-03-lab','SET 101',NULL);
INSERT INTO section_room_tags VALUES('ENVS 1010-01','Science small lecture',NULL);
INSERT INTO section_room_tags VALUES('ENVS 1010-03','Science small lecture',NULL);
INSERT INTO section_room_tags VALUES('ENVS 1010-04','Science small lecture',NULL);
INSERT INTO section_room_tags VALUES('ENVS 1010-05','Science small lecture',NULL);
INSERT INTO section_room_tags VALUES('ENVS 1010-05','Snow 113',NULL);
INSERT INTO section_room_tags VALUES('ENVS 1010-06','Science small lecture',NULL);
INSERT INTO section_room_tags VALUES('ENVS 1010-06','Snow 113',NULL);
INSERT INTO section_room_tags VALUES('ENVS 1010-07','Science small lecture',NULL);
INSERT INTO section_room_tags VALUES('ENVS 1099-01','SET 526',NULL);
INSERT INTO section_room_tags VALUES('ENVS 1210-01','Science small lecture',NULL);
INSERT INTO section_room_tags VALUES('ENVS 1210-01','Snow 113',NULL);
INSERT INTO section_room_tags VALUES('ENVS 1215-01','SET 526',NULL);
INSERT INTO section_room_tags VALUES('ENVS 1215-02','SET 526',NULL);
INSERT INTO section_room_tags VALUES('ENVS 2099R-50','SET 526',NULL);
INSERT INTO section_room_tags VALUES('ENVS 2210-01','Science small lecture',NULL);
INSERT INTO section_room_tags VALUES('ENVS 2700R-01','SET 527',NULL);
INSERT INTO section_room_tags VALUES('ENVS 3110-01','SET 408',NULL);
INSERT INTO section_room_tags VALUES('ENVS 3210-01','SET 526',NULL);
INSERT INTO section_room_tags VALUES('ENVS 3280-50','Science small lecture',NULL);
INSERT INTO section_room_tags VALUES('ENVS 3410-01','SET 522',NULL);
INSERT INTO section_room_tags VALUES('ENVS 3920-50','Science small lecture',NULL);
INSERT INTO section_room_tags VALUES('ENVS 3920-50','Snow 113',NULL);
INSERT INTO section_room_tags VALUES('ENVS 4910-01','SET 408',NULL);
INSERT INTO section_room_tags VALUES('GEO 1010-01','Science small lecture',NULL);
INSERT INTO section_room_tags VALUES('GEO 1010-50','Science small lecture',NULL);
INSERT INTO section_room_tags VALUES('GEO 1015-01','SET 527',NULL);
INSERT INTO section_room_tags VALUES('GEO 1015-03','SET 527',NULL);
INSERT INTO section_room_tags VALUES('GEO 1015-04','SET 527',NULL);
INSERT INTO section_room_tags VALUES('GEO 1015-50','SET 527',NULL);
INSERT INTO section_room_tags VALUES('GEO 1015-51','SET 527',NULL);
INSERT INTO section_room_tags VALUES('GEO 1050-01','SET 527',NULL);
INSERT INTO section_room_tags VALUES('GEO 1110-01','SET 522',NULL);
INSERT INTO section_room_tags VALUES('GEO 1115-01','SET 522',NULL);
INSERT INTO section_room_tags VALUES('GEO 1220-01','SET 522',NULL);
INSERT INTO section_room_tags VALUES('GEO 1225-01','SET 522',NULL);
INSERT INTO section_room_tags VALUES('GEO 3500-01','SET 408',NULL);
INSERT INTO section_room_tags VALUES('GEO 3500-01-lab','SET 408',NULL);
INSERT INTO section_room_tags VALUES('GEO 3600-01','SET 522',NULL);
INSERT INTO section_room_tags VALUES('GEO 3600-01-lab','SET 522',NULL);
INSERT INTO section_room_tags VALUES('GEO 3710-01','Science small lecture',NULL);
INSERT INTO section_room_tags VALUES('GEO 4000R-01','SET 527',NULL);
INSERT INTO section_room_tags VALUES('GEO 4910-01','Science small lecture',NULL);
INSERT INTO section_room_tags VALUES('GEOG 1000-01','Science small lecture',NULL);
INSERT INTO section_room_tags VALUES('GEOG 1000-01-SI','Science small lecture',NULL);
INSERT INTO section_room_tags VALUES('GEOG 1000-02','Science small lecture',NULL);
INSERT INTO section_room_tags VALUES('GEOG 1000-03','Science small lecture',NULL);
INSERT INTO section_room_tags VALUES('GEOG 1000-03','Snow 113',NULL);
INSERT INTO section_room_tags VALUES('GEOG 1005-01','SET 526',NULL);
INSERT INTO section_room_tags VALUES('GEOG 1005-02','SET 526',NULL);
INSERT INTO section_room_tags VALUES('GEOG 1005-03','SET 526',NULL);
INSERT INTO section_room_tags VALUES('GEOG 1005-04','SET 526',NULL);
INSERT INTO section_room_tags VALUES('GEOG 1005-05','SET 526',NULL);
INSERT INTO section_room_tags VALUES('GEOG 3600-01','SET 408',NULL);
INSERT INTO section_room_tags VALUES('GEOG 3605-01','SET 408',NULL);
INSERT INTO section_room_tags VALUES('GEOG 4180-01','SET 408',NULL);
INSERT INTO section_room_tags VALUES('IT 1100-01','pcs',NULL);
INSERT INTO section_room_tags VALUES('IT 1100-02','pcs',NULL);
INSERT INTO section_room_tags VALUES('IT 1200-01','Smith 107',NULL);
INSERT INTO section_room_tags VALUES('IT 2300-01','Smith 107',NULL);
INSERT INTO section_room_tags VALUES('IT 2300-01','Smith 113',NULL);
INSERT INTO section_room_tags VALUES('IT 2300-02','Smith 113',NULL);
INSERT INTO section_room_tags VALUES('IT 2400-01','Smith 107',NULL);
INSERT INTO section_room_tags VALUES('IT 2700-01','Smith 107',NULL);
INSERT INTO section_room_tags VALUES('IT 3100-01','Smith 107',NULL);
INSERT INTO section_room_tags VALUES('IT 3110-01','flex',NULL);
INSERT INTO section_room_tags VALUES('IT 3150-01','Smith 107',NULL);
INSERT INTO section_room_tags VALUES('IT 3400-01','Smith 107',NULL);
INSERT INTO section_room_tags VALUES('IT 4510-01','flex',NULL);
INSERT INTO section_room_tags VALUES('IT 4600-01','flex',NULL);
INSERT INTO section_room_tags VALUES('IT 4990-01','flex',NULL);
INSERT INTO section_room_tags VALUES('MATH 0900-01','Math lecture',NULL);
INSERT INTO section_room_tags VALUES('MATH 0900-02','Math lecture',NULL);
INSERT INTO section_room_tags VALUES('MATH 0900-03','Math lecture',NULL);
INSERT INTO section_room_tags VALUES('MATH 0900-04','Math lecture',NULL);
INSERT INTO section_room_tags VALUES('MATH 0900-06','Math lecture',NULL);
INSERT INTO section_room_tags VALUES('MATH 0900-07','Math lecture',NULL);
INSERT INTO section_room_tags VALUES('MATH 0900-51','Math lecture',NULL);
INSERT INTO section_room_tags VALUES('MATH 0980-03','Math lecture',NULL);
INSERT INTO section_room_tags VALUES('MATH 0980-05','Math lecture',NULL);
INSERT INTO section_room_tags VALUES('MATH 0980-06','Math lecture',NULL);
INSERT INTO section_room_tags VALUES('MATH 0980-07','Math lecture',NULL);
INSERT INTO section_room_tags VALUES('MATH 0980-08','Math lecture',NULL);
INSERT INTO section_room_tags VALUES('MATH 0980-10','Math lecture',NULL);
INSERT INTO section_room_tags VALUES('MATH 1010-03','Math lecture',NULL);
INSERT INTO section_room_tags VALUES('MATH 1010-04','Math lecture',NULL);
INSERT INTO section_room_tags VALUES('MATH 1010-05','Math lecture',NULL);
INSERT INTO section_room_tags VALUES('MATH 1010-06','Math lecture',NULL);
INSERT INTO section_room_tags VALUES('MATH 1010-07','Math lecture',NULL);
INSERT INTO section_room_tags VALUES('MATH 1010-50','Math lecture',NULL);
INSERT INTO section_room_tags VALUES('MATH 1030-01','Math lecture',NULL);
INSERT INTO section_room_tags VALUES('MATH 1030-02','Math lecture',NULL);
INSERT INTO section_room_tags VALUES('MATH 1030-03','Math lecture',NULL);
INSERT INTO section_room_tags VALUES('MATH 1030-04','Math lecture',NULL);
INSERT INTO section_room_tags VALUES('MATH 1030-05','Math lecture',NULL);
INSERT INTO section_room_tags VALUES('MATH 1030-06','Math lecture',NULL);
INSERT INTO section_room_tags VALUES('MATH 1040-01','Math lecture',NULL);
INSERT INTO section_room_tags VALUES('MATH 1040-02','Math lecture',NULL);
INSERT INTO section_room_tags VALUES('MATH 1040-03','Math lecture',NULL);
INSERT INTO section_room_tags VALUES('MATH 1040-04','Math lecture',NULL);
INSERT INTO section_room_tags VALUES('MATH 1040-05','Math lecture',NULL);
INSERT INTO section_room_tags VALUES('MATH 1040-06','Math lecture',NULL);
INSERT INTO section_room_tags VALUES('MATH 1040-07','Math lecture',NULL);
INSERT INTO section_room_tags VALUES('MATH 1040-08','Math lecture',NULL);
INSERT INTO section_room_tags VALUES('MATH 1040-09','Math lecture',NULL);
INSERT INTO section_room_tags VALUES('MATH 1040-10','Math lecture',NULL);
INSERT INTO section_room_tags VALUES('MATH 1040-11','Math lecture',NULL);
INSERT INTO section_room_tags VALUES('MATH 1040-12','Math lecture',NULL);
INSERT INTO section_room_tags VALUES('MATH 1040-14','Math lecture',NULL);
INSERT INTO section_room_tags VALUES('MATH 1050-01','Math lecture',NULL);
INSERT INTO section_room_tags VALUES('MATH 1050-02','Math lecture',NULL);
INSERT INTO section_room_tags VALUES('MATH 1050-03','Math lecture',NULL);
INSERT INTO section_room_tags VALUES('MATH 1050-03-alt','Math lecture',NULL);
INSERT INTO section_room_tags VALUES('MATH 1050-04','Math lecture',NULL);
INSERT INTO section_room_tags VALUES('MATH 1050-05','Math lecture',NULL);
INSERT INTO section_room_tags VALUES('MATH 1050-06','Math lecture',NULL);
INSERT INTO section_room_tags VALUES('MATH 1060-01','Math lecture',NULL);
INSERT INTO section_room_tags VALUES('MATH 1060-02','Math lecture',NULL);
INSERT INTO section_room_tags VALUES('MATH 1080-01','Math lecture',NULL);
INSERT INTO section_room_tags VALUES('MATH 1100-02','Math lecture',NULL);
INSERT INTO section_room_tags VALUES('MATH 1210-01','Math lecture',NULL);
INSERT INTO section_room_tags VALUES('MATH 1210-02','Math lecture',NULL);
INSERT INTO section_room_tags VALUES('MATH 1210-03','Math lecture',NULL);
INSERT INTO section_room_tags VALUES('MATH 1220-01','Math lecture',NULL);
INSERT INTO section_room_tags VALUES('MATH 1220-02','Math lecture',NULL);
INSERT INTO section_room_tags VALUES('MATH 2010-01','Math lecture',NULL);
INSERT INTO section_room_tags VALUES('MATH 2020-01','Math lecture',NULL);
INSERT INTO section_room_tags VALUES('MATH 2020-02','Math lecture',NULL);
INSERT INTO section_room_tags VALUES('MATH 2200-01','Math lecture',NULL);
INSERT INTO section_room_tags VALUES('MATH 2210-01','Math lecture',NULL);
INSERT INTO section_room_tags VALUES('MATH 2250-01','Math lecture',NULL);
INSERT INTO section_room_tags VALUES('MATH 2270-01','Math lecture',NULL);
INSERT INTO section_room_tags VALUES('MATH 2280-01','Math lecture',NULL);
INSERT INTO section_room_tags VALUES('MATH 3050-01','Math lecture',NULL);
INSERT INTO section_room_tags VALUES('MATH 3200-01','Math lecture',NULL);
INSERT INTO section_room_tags VALUES('MATH 3450-01','Math lecture',NULL);
INSERT INTO section_room_tags VALUES('MATH 3900-01','Math lecture',NULL);
INSERT INTO section_room_tags VALUES('MATH 4250-01','Math lecture',NULL);
INSERT INTO section_room_tags VALUES('MATH 4400-01','Math lecture',NULL);
INSERT INTO section_room_tags VALUES('MATH 4410-01','Math lecture',NULL);
INSERT INTO section_room_tags VALUES('MATH 4800-01','Math lecture',NULL);
INSERT INTO section_room_tags VALUES('MECH 1100-01','SET 226',NULL);
INSERT INTO section_room_tags VALUES('MECH 1150-01','SET 225',NULL);
INSERT INTO section_room_tags VALUES('MECH 1150-02','SET 225',NULL);
INSERT INTO section_room_tags VALUES('MECH 1200-01','SET 226',NULL);
INSERT INTO section_room_tags VALUES('MECH 1200-02','SET 226',NULL);
INSERT INTO section_room_tags VALUES('MECH 1205-01','SET 226',NULL);
INSERT INTO section_room_tags VALUES('MECH 1205-02','SET 226',NULL);
INSERT INTO section_room_tags VALUES('MECH 1205-03','SET 226',NULL);
INSERT INTO section_room_tags VALUES('MECH 1205-04','SET 226',NULL);
INSERT INTO section_room_tags VALUES('MECH 1205-05','SET 226',NULL);
INSERT INTO section_room_tags VALUES('MECH 2030-01','SET 104',NULL);
INSERT INTO section_room_tags VALUES('MECH 2160-01','SET 226',NULL);
INSERT INTO section_room_tags VALUES('MECH 2250-01','SET 104',NULL);
INSERT INTO section_room_tags VALUES('MECH 2250-02','SET 104',NULL);
INSERT INTO section_room_tags VALUES('MECH 2255-01','SET 101',NULL);
INSERT INTO section_room_tags VALUES('MECH 2255-02','SET 101',NULL);
INSERT INTO section_room_tags VALUES('MECH 2255-03','SET 101',NULL);
INSERT INTO section_room_tags VALUES('MECH 2255-04','SET 101',NULL);
INSERT INTO section_room_tags VALUES('MECH 3250-01','SET 104',NULL);
INSERT INTO section_room_tags VALUES('MECH 3255-01','SET 104',NULL);
INSERT INTO section_room_tags VALUES('MECH 3255-02','SET 226',NULL);
INSERT INTO section_room_tags VALUES('MECH 3600-01','SET 104',NULL);
INSERT INTO section_room_tags VALUES('MECH 3605-01','SET 104',NULL);
INSERT INTO section_room_tags VALUES('MECH 3605-02','SET 104',NULL);
INSERT INTO section_room_tags VALUES('MECH 3650-01','SET 104',NULL);
INSERT INTO section_room_tags VALUES('MECH 3655-01','SET 104',NULL);
INSERT INTO section_room_tags VALUES('MECH 3655-02','SET 104',NULL);
INSERT INTO section_room_tags VALUES('MECH 4500-01','SET 523',NULL);
INSERT INTO section_room_tags VALUES('MECH 4860R-01','SET 102',NULL);
INSERT INTO section_room_tags VALUES('MECH 4990-01','SET 523',NULL);
INSERT INTO section_room_tags VALUES('MTRN 2350-01','SET 102',NULL);
INSERT INTO section_room_tags VALUES('MTRN 2355-01','SET 102',NULL);
INSERT INTO section_room_tags VALUES('PHYS 1010-01','Science small lecture',NULL);
INSERT INTO section_room_tags VALUES('PHYS 1015-01','SET 410',NULL);
INSERT INTO section_room_tags VALUES('PHYS 1015-02','SET 410',NULL);
INSERT INTO section_room_tags VALUES('PHYS 1040-50','Science small lecture',NULL);
INSERT INTO section_room_tags VALUES('PHYS 1045-50','Science small lecture',NULL);
INSERT INTO section_room_tags VALUES('PHYS 1045-51','Science small lecture',NULL);
INSERT INTO section_room_tags VALUES('PHYS 1045-52','Science small lecture',NULL);
INSERT INTO section_room_tags VALUES('PHYS 2010-01','Science small lecture',NULL);
INSERT INTO section_room_tags VALUES('PHYS 2010-02','Science small lecture',NULL);
INSERT INTO section_room_tags VALUES('PHYS 2015-01','SET 410',NULL);
INSERT INTO section_room_tags VALUES('PHYS 2015-02','SET 410',NULL);
INSERT INTO section_room_tags VALUES('PHYS 2015-03','SET 410',NULL);
INSERT INTO section_room_tags VALUES('PHYS 2020-01','Science small lecture',NULL);
INSERT INTO section_room_tags VALUES('PHYS 2020-02','Science small lecture',NULL);
INSERT INTO section_room_tags VALUES('PHYS 2025-01','SET 412',NULL);
INSERT INTO section_room_tags VALUES('PHYS 2025-03','SET 412',NULL);
INSERT INTO section_room_tags VALUES('PHYS 2025-04','SET 412',NULL);
INSERT INTO section_room_tags VALUES('PHYS 2210-01','Science small lecture',NULL);
INSERT INTO section_room_tags VALUES('PHYS 2210-02','Science small lecture',NULL);
INSERT INTO section_room_tags VALUES('PHYS 2215-01','SET 410',NULL);
INSERT INTO section_room_tags VALUES('PHYS 2215-02','SET 410',NULL);
INSERT INTO section_room_tags VALUES('PHYS 2215-50','SET 410',NULL);
INSERT INTO section_room_tags VALUES('PHYS 2220-01','Science small lecture',NULL);
INSERT INTO section_room_tags VALUES('PHYS 2225-01','SET 412',NULL);
INSERT INTO section_room_tags VALUES('PHYS 2225-02','SET 412',NULL);
INSERT INTO section_room_tags VALUES('SCI 4700-01','SET 216',NULL);
INSERT INTO section_room_tags VALUES('SCI 4720-01','SET 501',NULL);
INSERT INTO section_room_tags VALUES('SE 1400-01','macs',NULL);
INSERT INTO section_room_tags VALUES('SE 1400-02','macs',NULL);
INSERT INTO section_room_tags VALUES('SE 3010-01','flex',NULL);
INSERT INTO section_room_tags VALUES('SE 3010-01','macs',NULL);
INSERT INTO section_room_tags VALUES('SE 3100-01','flex',NULL);
INSERT INTO section_room_tags VALUES('SE 3200-01','Smith 107',16);
INSERT INTO section_room_tags VALUES('SE 3200-01','flex',NULL);
INSERT INTO section_room_tags VALUES('SE 3450-01','flex',NULL);
INSERT INTO section_room_tags VALUES('SE 3450-01','macs',NULL);
INSERT INTO section_room_tags VALUES('SE 3500-01','flex',NULL);
INSERT INTO section_room_tags VALUES('SE 3550-01','flex',NULL);
INSERT INTO section_room_tags VALUES('SE 3550-01','macs',NULL);
INSERT INTO section_room_tags VALUES('SE 4200-01','flex',NULL);
INSERT INTO section_room_tags VALUES('SE 4200-01','macs',NULL);
INSERT INTO section_time_slot_tags VALUES('BIOL 1010-01','3 credit bell schedule',NULL);
INSERT INTO section_time_slot_tags VALUES('BIOL 1010-02','3 credit bell schedule',NULL);
INSERT INTO section_time_slot_tags VALUES('BIOL 1010-03','3 credit bell schedule',NULL);
INSERT INTO section_time_slot_tags VALUES('BIOL 1010-04','3 credit bell schedule',NULL);
INSERT INTO section_time_slot_tags VALUES('BIOL 1010-05','3 credit bell schedule',NULL);
INSERT INTO section_time_slot_tags VALUES('BIOL 1010-05-SI','W1030+75',NULL);
INSERT INTO section_time_slot_tags VALUES('BIOL 1010-06','3 credit bell schedule',NULL);
INSERT INTO section_time_slot_tags VALUES('BIOL 1010-07','3 credit bell schedule',NULL);
INSERT INTO section_time_slot_tags VALUES('BIOL 1010-08','3 credit bell schedule',NULL);
INSERT INTO section_time_slot_tags VALUES('BIOL 1010-09','3 credit bell schedule',NULL);
INSERT INTO section_time_slot_tags VALUES('BIOL 1010-10','3 credit bell schedule',NULL);
INSERT INTO section_time_slot_tags VALUES('BIOL 1010-11-SI','M1030+75',NULL);
INSERT INTO section_time_slot_tags VALUES('BIOL 1015-04','3 hour lab T0800',NULL);
INSERT INTO section_time_slot_tags VALUES('BIOL 1015-05','3 hour lab W0800',NULL);
INSERT INTO section_time_slot_tags VALUES('BIOL 1015-07','3 hour lab T0800',NULL);
INSERT INTO section_time_slot_tags VALUES('BIOL 1015-51','T1700+170',NULL);
INSERT INTO section_time_slot_tags VALUES('BIOL 1200-01','3 credit bell schedule',NULL);
INSERT INTO section_time_slot_tags VALUES('BIOL 1200-02','3 credit bell schedule',NULL);
INSERT INTO section_time_slot_tags VALUES('BIOL 1610-01','5 credit bell schedule',NULL);
INSERT INTO section_time_slot_tags VALUES('BIOL 1610-02','4 credit bell schedule',NULL);
INSERT INTO section_time_slot_tags VALUES('BIOL 1615-01','3 hour lab T0800',NULL);
INSERT INTO section_time_slot_tags VALUES('BIOL 1615-02','3 hour lab W0800',NULL);
INSERT INTO section_time_slot_tags VALUES('BIOL 1615-04','F0800+170',NULL);
INSERT INTO section_time_slot_tags VALUES('BIOL 1615-05','3 hour lab T0800',NULL);
INSERT INTO section_time_slot_tags VALUES('BIOL 1615-06','3 hour lab W0800',NULL);
INSERT INTO section_time_slot_tags VALUES('BIOL 1615-07','3 hour lab R0800',NULL);
INSERT INTO section_time_slot_tags VALUES('BIOL 1615-08','F1100+170',NULL);
INSERT INTO section_time_slot_tags VALUES('BIOL 1615-09','3 hour lab T0800',NULL);
INSERT INTO section_time_slot_tags VALUES('BIOL 1615-10','3 hour lab W0800',NULL);
INSERT INTO section_time_slot_tags VALUES('BIOL 1615-11','3 hour lab R0800',NULL);
INSERT INTO section_time_slot_tags VALUES('BIOL 1615-12','F1400+170',NULL);
INSERT INTO section_time_slot_tags VALUES('BIOL 1615-50','T1700+170',NULL);
INSERT INTO section_time_slot_tags VALUES('BIOL 1615-51','W1700+170',NULL);
INSERT INTO section_time_slot_tags VALUES('BIOL 1615-52','R1700+170',NULL);
INSERT INTO section_time_slot_tags VALUES('BIOL 1620-01','4 credit bell schedule',NULL);
INSERT INTO section_time_slot_tags VALUES('BIOL 1620-02','4 credit bell schedule',NULL);
INSERT INTO section_time_slot_tags VALUES('BIOL 1620-03','4 credit bell schedule',NULL);
INSERT INTO section_time_slot_tags VALUES('BIOL 1625-01','3 hour lab R0800',NULL);
INSERT INTO section_time_slot_tags VALUES('BIOL 1625-02','3 hour lab R0800',NULL);
INSERT INTO section_time_slot_tags VALUES('BIOL 1625-03','3 hour lab W0900',NULL);
INSERT INTO section_time_slot_tags VALUES('BIOL 1625-04','3 hour lab R0800',NULL);
INSERT INTO section_time_slot_tags VALUES('BIOL 1625-05','F1100+170',NULL);
INSERT INTO section_time_slot_tags VALUES('BIOL 1625-06','3 hour lab W0900',NULL);
INSERT INTO section_time_slot_tags VALUES('BIOL 1625-50','R1700+170',NULL);
INSERT INTO section_time_slot_tags VALUES('BIOL 2060-01','3 credit bell schedule',NULL);
INSERT INTO section_time_slot_tags VALUES('BIOL 2065-01','4 hour lab MW0900',NULL);
INSERT INTO section_time_slot_tags VALUES('BIOL 2065-02','MW1700+110',NULL);
INSERT INTO section_time_slot_tags VALUES('BIOL 2300-01','2 credit lecture',NULL);
INSERT INTO section_time_slot_tags VALUES('BIOL 2320-01','3 credit bell schedule',NULL);
INSERT INTO section_time_slot_tags VALUES('BIOL 2320-02','3 credit bell schedule',NULL);
INSERT INTO section_time_slot_tags VALUES('BIOL 2320-04','3 credit bell schedule',NULL);
INSERT INTO section_time_slot_tags VALUES('BIOL 2320-04-SI','T1330+75',NULL);
INSERT INTO section_time_slot_tags VALUES('BIOL 2320-05','3 credit bell schedule',NULL);
INSERT INTO section_time_slot_tags VALUES('BIOL 2320-07','3 credit bell schedule',NULL);
INSERT INTO section_time_slot_tags VALUES('BIOL 2320-08-SI','R1330+75',NULL);
INSERT INTO section_time_slot_tags VALUES('BIOL 2325-01','MW0600+110',NULL);
INSERT INTO section_time_slot_tags VALUES('BIOL 2325-02','TR0600+110',NULL);
INSERT INTO section_time_slot_tags VALUES('BIOL 2325-03','4 hour lab MW0800',NULL);
INSERT INTO section_time_slot_tags VALUES('BIOL 2325-04','4 hour lab MW0800',NULL);
INSERT INTO section_time_slot_tags VALUES('BIOL 2325-05','4 hour lab TR0800',NULL);
INSERT INTO section_time_slot_tags VALUES('BIOL 2325-06','4 hour lab TR0800',NULL);
INSERT INTO section_time_slot_tags VALUES('BIOL 2325-07','4 hour lab MW0800',NULL);
INSERT INTO section_time_slot_tags VALUES('BIOL 2325-08','4 hour lab MW0800',NULL);
INSERT INTO section_time_slot_tags VALUES('BIOL 2325-09','4 hour lab TR0800',NULL);
INSERT INTO section_time_slot_tags VALUES('BIOL 2325-10','4 hour lab TR0800',NULL);
INSERT INTO section_time_slot_tags VALUES('BIOL 2325-11','4 hour lab MW0800',NULL);
INSERT INTO section_time_slot_tags VALUES('BIOL 2325-12','4 hour lab MW0800',NULL);
INSERT INTO section_time_slot_tags VALUES('BIOL 2325-13','4 hour lab TR0800',NULL);
INSERT INTO section_time_slot_tags VALUES('BIOL 2325-14','4 hour lab TR0800',NULL);
INSERT INTO section_time_slot_tags VALUES('BIOL 2325-15','4 hour lab MW0800',NULL);
INSERT INTO section_time_slot_tags VALUES('BIOL 2325-16','4 hour lab MW0800',NULL);
INSERT INTO section_time_slot_tags VALUES('BIOL 2325-17','4 hour lab TR0800',NULL);
INSERT INTO section_time_slot_tags VALUES('BIOL 2325-18','4 hour lab TR0800',NULL);
INSERT INTO section_time_slot_tags VALUES('BIOL 2325-19','4 hour lab MW0800',NULL);
INSERT INTO section_time_slot_tags VALUES('BIOL 2325-20','4 hour lab MW0800',NULL);
INSERT INTO section_time_slot_tags VALUES('BIOL 2325-21','4 hour lab TR0800',NULL);
INSERT INTO section_time_slot_tags VALUES('BIOL 2325-22','4 hour lab TR0800',NULL);
INSERT INTO section_time_slot_tags VALUES('BIOL 2325-50','MW1800+110',NULL);
INSERT INTO section_time_slot_tags VALUES('BIOL 2325-51','MW1800+110',NULL);
INSERT INTO section_time_slot_tags VALUES('BIOL 2325-52','TR1800+110',NULL);
INSERT INTO section_time_slot_tags VALUES('BIOL 2325-53','TR1800+110',NULL);
INSERT INTO section_time_slot_tags VALUES('BIOL 2420-01','3 credit bell schedule',NULL);
INSERT INTO section_time_slot_tags VALUES('BIOL 2420-02','3 credit bell schedule',NULL);
INSERT INTO section_time_slot_tags VALUES('BIOL 2420-03','3 credit bell schedule',NULL);
INSERT INTO section_time_slot_tags VALUES('BIOL 2420-04','3 credit bell schedule',NULL);
INSERT INTO section_time_slot_tags VALUES('BIOL 2420-05','3 credit bell schedule',NULL);
INSERT INTO section_time_slot_tags VALUES('BIOL 2425-01','2 hour lab T0900',NULL);
INSERT INTO section_time_slot_tags VALUES('BIOL 2425-02','2 hour lab W0900',NULL);
INSERT INTO section_time_slot_tags VALUES('BIOL 2425-03','2 hour lab R0900',NULL);
INSERT INTO section_time_slot_tags VALUES('BIOL 2425-04','F0900+110',NULL);
INSERT INTO section_time_slot_tags VALUES('BIOL 2425-05','2 hour lab T0900',NULL);
INSERT INTO section_time_slot_tags VALUES('BIOL 2425-06','2 hour lab W0900',NULL);
INSERT INTO section_time_slot_tags VALUES('BIOL 2425-07','2 hour lab R0900',NULL);
INSERT INTO section_time_slot_tags VALUES('BIOL 2425-08','F1100+110',NULL);
INSERT INTO section_time_slot_tags VALUES('BIOL 2425-09','2 hour lab T0900',NULL);
INSERT INTO section_time_slot_tags VALUES('BIOL 2425-10','2 hour lab W0900',NULL);
INSERT INTO section_time_slot_tags VALUES('BIOL 2425-11','2 hour lab R0900',NULL);
INSERT INTO section_time_slot_tags VALUES('BIOL 2425-12','F1300+110',NULL);
INSERT INTO section_time_slot_tags VALUES('BIOL 2425-13','2 hour lab T0900',NULL);
INSERT INTO section_time_slot_tags VALUES('BIOL 2425-14','2 hour lab W0900',NULL);
INSERT INTO section_time_slot_tags VALUES('BIOL 2425-15','2 hour lab R0900',NULL);
INSERT INTO section_time_slot_tags VALUES('BIOL 2425-50','T1700+110',NULL);
INSERT INTO section_time_slot_tags VALUES('BIOL 2425-51','W1700+110',NULL);
INSERT INTO section_time_slot_tags VALUES('BIOL 2991R-01A','1 credit extended bell schedule',NULL);
INSERT INTO section_time_slot_tags VALUES('BIOL 3000R-09A','1 credit bell schedule',NULL);
INSERT INTO section_time_slot_tags VALUES('BIOL 3010-01','3 credit bell schedule',NULL);
INSERT INTO section_time_slot_tags VALUES('BIOL 3010-01-SI','1 credit extended bell schedule',NULL);
INSERT INTO section_time_slot_tags VALUES('BIOL 3010-02-SI','1 credit extended bell schedule',NULL);
INSERT INTO section_time_slot_tags VALUES('BIOL 3030-01','3 credit bell schedule',NULL);
INSERT INTO section_time_slot_tags VALUES('BIOL 3030-01-SI','1 credit bell schedule',NULL);
INSERT INTO section_time_slot_tags VALUES('BIOL 3030-02-SI','1 credit bell schedule',NULL);
INSERT INTO section_time_slot_tags VALUES('BIOL 3040-01','3 credit bell schedule',NULL);
INSERT INTO section_time_slot_tags VALUES('BIOL 3045-01','3 hour lab T0900',NULL);
INSERT INTO section_time_slot_tags VALUES('BIOL 3100-01','3 credit bell schedule',NULL);
INSERT INTO section_time_slot_tags VALUES('BIOL 3110-01','R0900+75',NULL);
INSERT INTO section_time_slot_tags VALUES('BIOL 3150-01','3 credit bell schedule',NULL);
INSERT INTO section_time_slot_tags VALUES('BIOL 3155-01','R1200+135',NULL);
INSERT INTO section_time_slot_tags VALUES('BIOL 3155-02','3 hour lab T0900',NULL);
INSERT INTO section_time_slot_tags VALUES('BIOL 3230R-01','F1330+170',NULL);
INSERT INTO section_time_slot_tags VALUES('BIOL 3230R-02','F1330+170',NULL);
INSERT INTO section_time_slot_tags VALUES('BIOL 3250-01','3 credit bell schedule',NULL);
INSERT INTO section_time_slot_tags VALUES('BIOL 3300-01','3 credit bell schedule',NULL);
INSERT INTO section_time_slot_tags VALUES('BIOL 3420-01','3 credit bell schedule',NULL);
INSERT INTO section_time_slot_tags VALUES('BIOL 3450-01','3 credit bell schedule',NULL);
INSERT INTO section_time_slot_tags VALUES('BIOL 3455-01','3 hour lab T0900',NULL);
INSERT INTO section_time_slot_tags VALUES('BIOL 3455-02','3 hour lab T0900',NULL);
INSERT INTO section_time_slot_tags VALUES('BIOL 3460-01','3 credit bell schedule',NULL);
INSERT INTO section_time_slot_tags VALUES('BIOL 4040-01','1 credit bell schedule',NULL);
INSERT INTO section_time_slot_tags VALUES('BIOL 4200-01','2 credit lecture',NULL);
INSERT INTO section_time_slot_tags VALUES('BIOL 4205-01','TR1600+170',NULL);
INSERT INTO section_time_slot_tags VALUES('BIOL 4280-01','3 credit bell schedule',NULL);
INSERT INTO section_time_slot_tags VALUES('BIOL 4300-01','3 credit bell schedule',NULL);
INSERT INTO section_time_slot_tags VALUES('BIOL 4305-01','3 hour lab R0800',NULL);
INSERT INTO section_time_slot_tags VALUES('BIOL 4310-01','3 credit bell schedule',NULL);
INSERT INTO section_time_slot_tags VALUES('BIOL 4350-01','3 credit bell schedule',NULL);
INSERT INTO section_time_slot_tags VALUES('BIOL 4355-01','3 hour lab T0800',NULL);
INSERT INTO section_time_slot_tags VALUES('BIOL 4440-01','3 credit bell schedule',NULL);
INSERT INTO section_time_slot_tags VALUES('BIOL 4600-01','3 credit bell schedule',NULL);
INSERT INTO section_time_slot_tags VALUES('BIOL 4605-01','3 hour lab W0900',NULL);
INSERT INTO section_time_slot_tags VALUES('BIOL 4810R-01B','M1400+180',NULL);
INSERT INTO section_time_slot_tags VALUES('BIOL 4890R-50','W1715+110',NULL);
INSERT INTO section_time_slot_tags VALUES('BIOL 4890R-51','R1715+110',NULL);
INSERT INTO section_time_slot_tags VALUES('BIOL 4910-01','1 credit bell schedule',NULL);
INSERT INTO section_time_slot_tags VALUES('BIOL 4910-02','1 credit bell schedule',NULL);
INSERT INTO section_time_slot_tags VALUES('BIOL 4910-03','1 credit extended bell schedule',NULL);
INSERT INTO section_time_slot_tags VALUES('BIOL 4990R-02','R1600+170',NULL);
INSERT INTO section_time_slot_tags VALUES('BIOL 4990R-50','1 credit evening',NULL);
INSERT INTO section_time_slot_tags VALUES('BTEC 1010-01','3 credit bell schedule',NULL);
INSERT INTO section_time_slot_tags VALUES('BTEC 2020-01','4 hour lab TR0900',NULL);
INSERT INTO section_time_slot_tags VALUES('BTEC 2030-01','MR1100+110',NULL);
INSERT INTO section_time_slot_tags VALUES('BTEC 2050-01','2 hour lab T0900',NULL);
INSERT INTO section_time_slot_tags VALUES('BTEC 2050-01-lab','1 credit extended bell schedule',NULL);
INSERT INTO section_time_slot_tags VALUES('BTEC 2050-02-lab','1 credit extended bell schedule',NULL);
INSERT INTO section_time_slot_tags VALUES('BTEC 3010-01','MW1530+75',NULL);
INSERT INTO section_time_slot_tags VALUES('BTEC 4050-01A','W1330+170',NULL);
INSERT INTO section_time_slot_tags VALUES('CHEM 1010-01','3 credit bell schedule',NULL);
INSERT INTO section_time_slot_tags VALUES('CHEM 1010-02','3 credit bell schedule',NULL);
INSERT INTO section_time_slot_tags VALUES('CHEM 1015-01','2 hour lab M0900',NULL);
INSERT INTO section_time_slot_tags VALUES('CHEM 1015-02','2 hour lab M0900',NULL);
INSERT INTO section_time_slot_tags VALUES('CHEM 1015-03','2 hour lab M0900',NULL);
INSERT INTO section_time_slot_tags VALUES('CHEM 1120-01','4 credit bell schedule',NULL);
INSERT INTO section_time_slot_tags VALUES('CHEM 1125-01','2 hour lab M0900',NULL);
INSERT INTO section_time_slot_tags VALUES('CHEM 1125-02','2 hour lab M0900',NULL);
INSERT INTO section_time_slot_tags VALUES('CHEM 1150-01','4 credit bell schedule',NULL);
INSERT INTO section_time_slot_tags VALUES('CHEM 1150-02','4 credit 4×50 extended bell schedule',NULL);
INSERT INTO section_time_slot_tags VALUES('CHEM 1150-03','4 credit bell schedule',NULL);
INSERT INTO section_time_slot_tags VALUES('CHEM 1155-01','3 hour lab T1000',NULL);
INSERT INTO section_time_slot_tags VALUES('CHEM 1155-02','3 hour lab W1000',NULL);
INSERT INTO section_time_slot_tags VALUES('CHEM 1155-03','3 hour lab W1000',NULL);
INSERT INTO section_time_slot_tags VALUES('CHEM 1155-05','T1600+170',NULL);
INSERT INTO section_time_slot_tags VALUES('CHEM 1155-06','3 hour lab W0900',NULL);
INSERT INTO section_time_slot_tags VALUES('CHEM 1155-50','T1900+170',NULL);
INSERT INTO section_time_slot_tags VALUES('CHEM 1210-01','4 credit bell schedule',NULL);
INSERT INTO section_time_slot_tags VALUES('CHEM 1210-02','4 credit bell schedule',NULL);
INSERT INTO section_time_slot_tags VALUES('CHEM 1210-03','4 credit 4×50 extended bell schedule',NULL);
INSERT INTO section_time_slot_tags VALUES('CHEM 1215-01','T0700+170',NULL);
INSERT INTO section_time_slot_tags VALUES('CHEM 1215-02','3 hour lab R1000',NULL);
INSERT INTO section_time_slot_tags VALUES('CHEM 1215-03','3 hour lab R1000',NULL);
INSERT INTO section_time_slot_tags VALUES('CHEM 1215-04','3 hour lab R1000',NULL);
INSERT INTO section_time_slot_tags VALUES('CHEM 1215-05','R1600+170',NULL);
INSERT INTO section_time_slot_tags VALUES('CHEM 1215-06','R1600+170',NULL);
INSERT INTO section_time_slot_tags VALUES('CHEM 1215-50','R1900+170',NULL);
INSERT INTO section_time_slot_tags VALUES('CHEM 1220-01','4 credit bell schedule',NULL);
INSERT INTO section_time_slot_tags VALUES('CHEM 1220-02','4 credit 4×50 extended bell schedule',NULL);
INSERT INTO section_time_slot_tags VALUES('CHEM 1220-03','4 credit bell schedule',NULL);
INSERT INTO section_time_slot_tags VALUES('CHEM 1225-01','T0700+170',NULL);
INSERT INTO section_time_slot_tags VALUES('CHEM 1225-02','3 hour lab T1000',NULL);
INSERT INTO section_time_slot_tags VALUES('CHEM 1225-03','3 hour lab T1000',NULL);
INSERT INTO section_time_slot_tags VALUES('CHEM 1225-04','T1600+170',NULL);
INSERT INTO section_time_slot_tags VALUES('CHEM 1225-05','T1600+170',NULL);
INSERT INTO section_time_slot_tags VALUES('CHEM 1225-50','T1900+170',NULL);
INSERT INTO section_time_slot_tags VALUES('CHEM 2310-01','5 credit bell schedule',NULL);
INSERT INTO section_time_slot_tags VALUES('CHEM 2310-02','5 credit bell schedule',NULL);
INSERT INTO section_time_slot_tags VALUES('CHEM 2315-01','3 hour lab R1000',NULL);
INSERT INTO section_time_slot_tags VALUES('CHEM 2315-02','3 hour lab R1000',NULL);
INSERT INTO section_time_slot_tags VALUES('CHEM 2320-01','5 credit bell schedule',NULL);
INSERT INTO section_time_slot_tags VALUES('CHEM 2320-02','5 credit bell schedule',NULL);
INSERT INTO section_time_slot_tags VALUES('CHEM 2325-01','3 hour lab T0900',NULL);
INSERT INTO section_time_slot_tags VALUES('CHEM 2325-02','3 hour lab T0900',NULL);
INSERT INTO section_time_slot_tags VALUES('CHEM 2325-03','3 hour lab T0900',NULL);
INSERT INTO section_time_slot_tags VALUES('CHEM 2325-04','3 hour lab W0900',NULL);
INSERT INTO section_time_slot_tags VALUES('CHEM 2325-05','3 hour lab W0900',NULL);
INSERT INTO section_time_slot_tags VALUES('CHEM 2325-06','3 hour lab W0900',NULL);
INSERT INTO section_time_slot_tags VALUES('CHEM 2325-50','T1800+170',NULL);
INSERT INTO section_time_slot_tags VALUES('CHEM 3070-01','4 credit bell schedule',NULL);
INSERT INTO section_time_slot_tags VALUES('CHEM 3075-01','T1600+170',NULL);
INSERT INTO section_time_slot_tags VALUES('CHEM 3300-01','3 credit bell schedule',NULL);
INSERT INTO section_time_slot_tags VALUES('CHEM 3300-01-SI','3 hour lab R0900',NULL);
INSERT INTO section_time_slot_tags VALUES('CHEM 3510-01','3 credit bell schedule',NULL);
INSERT INTO section_time_slot_tags VALUES('CHEM 3515-01','3 hour lab R1000',NULL);
INSERT INTO section_time_slot_tags VALUES('CHEM 3515-02','R1600+170',NULL);
INSERT INTO section_time_slot_tags VALUES('CHEM 3520-01','3 credit bell schedule',NULL);
INSERT INTO section_time_slot_tags VALUES('CHEM 3525-01','3 hour lab T1000',NULL);
INSERT INTO section_time_slot_tags VALUES('CHEM 3525-02','3 hour lab T1000',NULL);
INSERT INTO section_time_slot_tags VALUES('CHEM 3525-03','T1600+170',NULL);
INSERT INTO section_time_slot_tags VALUES('CHEM 4800R-01','5 credit bell schedule',NULL);
INSERT INTO section_time_slot_tags VALUES('CHEM 4800R-02','5 credit bell schedule',NULL);
INSERT INTO section_time_slot_tags VALUES('CHEM 4800R-03','5 credit bell schedule',NULL);
INSERT INTO section_time_slot_tags VALUES('CHEM 4800R-04','5 credit extended bell schedule',NULL);
INSERT INTO section_time_slot_tags VALUES('CHEM 4800R-06','5 credit extended bell schedule',NULL);
INSERT INTO section_time_slot_tags VALUES('CHEM 4910-01','1 credit extended bell schedule',NULL);
INSERT INTO section_time_slot_tags VALUES('CS 1030-01','3 credit bell schedule',NULL);
INSERT INTO section_time_slot_tags VALUES('CS 1400-01','1×150 evening',NULL);
INSERT INTO section_time_slot_tags VALUES('CS 1400-01','3 credit bell schedule',NULL);
INSERT INTO section_time_slot_tags VALUES('CS 1400-02','3 credit bell schedule',NULL);
INSERT INTO section_time_slot_tags VALUES('CS 1400-03','3 credit bell schedule',NULL);
INSERT INTO section_time_slot_tags VALUES('CS 1400-50','1×150 evening',NULL);
INSERT INTO section_time_slot_tags VALUES('CS 1400-50','3 credit bell schedule',NULL);
INSERT INTO section_time_slot_tags VALUES('CS 1410-01','3 credit bell schedule',NULL);
INSERT INTO section_time_slot_tags VALUES('CS 1410-02','3 credit bell schedule',NULL);
INSERT INTO section_time_slot_tags VALUES('CS 2420-01','MWF 3×50 bell schedule',NULL);
INSERT INTO section_time_slot_tags VALUES('CS 2450-01','3 credit bell schedule',NULL);
INSERT INTO section_time_slot_tags VALUES('CS 2450-02','1×150 evening',NULL);
INSERT INTO section_time_slot_tags VALUES('CS 2450-02','3 credit bell schedule',NULL);
INSERT INTO section_time_slot_tags VALUES('CS 2810-01','3 credit bell schedule',NULL);
INSERT INTO section_time_slot_tags VALUES('CS 2810-02','3 credit bell schedule',NULL);
INSERT INTO section_time_slot_tags VALUES('CS 3005-01','MWF 3×50 bell schedule',NULL);
INSERT INTO section_time_slot_tags VALUES('CS 3150-01','3 credit bell schedule',NULL);
INSERT INTO section_time_slot_tags VALUES('CS 3310-01','3 credit bell schedule',NULL);
INSERT INTO section_time_slot_tags VALUES('CS 3410-01','3 credit bell schedule',NULL);
INSERT INTO section_time_slot_tags VALUES('CS 3510-01','3 credit bell schedule',NULL);
INSERT INTO section_time_slot_tags VALUES('CS 3510-01','TR 2×75 bell schedule',11);
INSERT INTO section_time_slot_tags VALUES('CS 3600-01','3 credit bell schedule',NULL);
INSERT INTO section_time_slot_tags VALUES('CS 4307-01','3 credit bell schedule',NULL);
INSERT INTO section_time_slot_tags VALUES('CS 4320-01','2×75 bell schedule',NULL);
INSERT INTO section_time_slot_tags VALUES('CS 4320-01','MWF 3×50 bell schedule',11);
INSERT INTO section_time_slot_tags VALUES('CS 4550-01','3 credit bell schedule',NULL);
INSERT INTO section_time_slot_tags VALUES('CS 4600-01','3 credit bell schedule',NULL);
INSERT INTO section_time_slot_tags VALUES('CS 4600-01','TR 2×75 bell schedule',11);
INSERT INTO section_time_slot_tags VALUES('CS 4600-02','3 credit bell schedule',NULL);
INSERT INTO section_time_slot_tags VALUES('CS 4991R-50','R1900+50',NULL);
INSERT INTO section_time_slot_tags VALUES('CS 4992R-01','F1300+50',NULL);
INSERT INTO section_time_slot_tags VALUES('ECE 2100-01','3 credit bell schedule',NULL);
INSERT INTO section_time_slot_tags VALUES('ECE 2280-01','3 credit bell schedule',NULL);
INSERT INTO section_time_slot_tags VALUES('ECE 2285-01','2 hour lab T0800',NULL);
INSERT INTO section_time_slot_tags VALUES('ECE 3500-01','3 credit bell schedule',NULL);
INSERT INTO section_time_slot_tags VALUES('ECE 3600-01','3 credit bell schedule',NULL);
INSERT INTO section_time_slot_tags VALUES('ECE 3605-01','2 hour lab T0800',NULL);
INSERT INTO section_time_slot_tags VALUES('ECE 4010-01','MWF1330+180',NULL);
INSERT INTO section_time_slot_tags VALUES('ECE 4510-01','3 credit bell schedule',NULL);
INSERT INTO section_time_slot_tags VALUES('ECE 4730-01','3 credit bell schedule',NULL);
INSERT INTO section_time_slot_tags VALUES('ECE 4735-01','2 hour lab T0800',NULL);
INSERT INTO section_time_slot_tags VALUES('ECE 4990-01','3 credit bell schedule',NULL);
INSERT INTO section_time_slot_tags VALUES('ECE 4990-01-lab','F1000+110',NULL);
INSERT INTO section_time_slot_tags VALUES('ECE 4990-02','3 credit bell schedule',NULL);
INSERT INTO section_time_slot_tags VALUES('ECE 4990-03','3 credit bell schedule',NULL);
INSERT INTO section_time_slot_tags VALUES('ECE 4990-03-lab','F0800+115',NULL);
INSERT INTO section_time_slot_tags VALUES('ENVS 1010-01','3 credit bell schedule',NULL);
INSERT INTO section_time_slot_tags VALUES('ENVS 1010-03','3 credit bell schedule',NULL);
INSERT INTO section_time_slot_tags VALUES('ENVS 1010-04','3 credit bell schedule',NULL);
INSERT INTO section_time_slot_tags VALUES('ENVS 1010-05','3 credit bell schedule',NULL);
INSERT INTO section_time_slot_tags VALUES('ENVS 1010-06','3 credit bell schedule',NULL);
INSERT INTO section_time_slot_tags VALUES('ENVS 1010-07','3 credit bell schedule',NULL);
INSERT INTO section_time_slot_tags VALUES('ENVS 1099-01','1 credit bell schedule',NULL);
INSERT INTO section_time_slot_tags VALUES('ENVS 1210-01','3 credit bell schedule',NULL);
INSERT INTO section_time_slot_tags VALUES('ENVS 1215-01','3 hour lab M1000',NULL);
INSERT INTO section_time_slot_tags VALUES('ENVS 1215-02','R1330+165',NULL);
INSERT INTO section_time_slot_tags VALUES('ENVS 2099R-50','TR1800+75',NULL);
INSERT INTO section_time_slot_tags VALUES('ENVS 2210-01','3 credit bell schedule',NULL);
INSERT INTO section_time_slot_tags VALUES('ENVS 2700R-01','F1400+170',NULL);
INSERT INTO section_time_slot_tags VALUES('ENVS 3110-01','3 credit bell schedule',NULL);
INSERT INTO section_time_slot_tags VALUES('ENVS 3210-01','3 credit bell schedule',NULL);
INSERT INTO section_time_slot_tags VALUES('ENVS 3280-50','TR1800+110',NULL);
INSERT INTO section_time_slot_tags VALUES('ENVS 3410-01','3 credit bell schedule',NULL);
INSERT INTO section_time_slot_tags VALUES('ENVS 3920-50','1 credit evening',NULL);
INSERT INTO section_time_slot_tags VALUES('ENVS 4910-01','1 credit extended bell schedule',NULL);
INSERT INTO section_time_slot_tags VALUES('GEO 1010-01','3 credit bell schedule',NULL);
INSERT INTO section_time_slot_tags VALUES('GEO 1010-50','MW1800+75',NULL);
INSERT INTO section_time_slot_tags VALUES('GEO 1015-01','2 hour lab W0900',NULL);
INSERT INTO section_time_slot_tags VALUES('GEO 1015-03','2 hour lab T0900',NULL);
INSERT INTO section_time_slot_tags VALUES('GEO 1015-04','2 hour lab T0900',NULL);
INSERT INTO section_time_slot_tags VALUES('GEO 1015-50','T1700+110',NULL);
INSERT INTO section_time_slot_tags VALUES('GEO 1015-51','T1900+110',NULL);
INSERT INTO section_time_slot_tags VALUES('GEO 1050-01','2 hour lab W0900',NULL);
INSERT INTO section_time_slot_tags VALUES('GEO 1110-01','3 credit bell schedule',NULL);
INSERT INTO section_time_slot_tags VALUES('GEO 1115-01','3 hour lab W0800',NULL);
INSERT INTO section_time_slot_tags VALUES('GEO 1220-01','3 credit bell schedule',NULL);
INSERT INTO section_time_slot_tags VALUES('GEO 1225-01','R1630+170',NULL);
INSERT INTO section_time_slot_tags VALUES('GEO 3500-01','3 credit bell schedule',NULL);
INSERT INTO section_time_slot_tags VALUES('GEO 3500-01-lab','3 hour lab R0900',NULL);
INSERT INTO section_time_slot_tags VALUES('GEO 3600-01','3 credit bell schedule',NULL);
INSERT INTO section_time_slot_tags VALUES('GEO 3600-01-lab','3 hour lab T0900',NULL);
INSERT INTO section_time_slot_tags VALUES('GEO 3710-01','3 credit bell schedule',NULL);
INSERT INTO section_time_slot_tags VALUES('GEO 4000R-01','1 credit bell schedule',NULL);
INSERT INTO section_time_slot_tags VALUES('GEO 4910-01','1 credit extended bell schedule',NULL);
INSERT INTO section_time_slot_tags VALUES('GEOG 1000-01','3 credit bell schedule',NULL);
INSERT INTO section_time_slot_tags VALUES('GEOG 1000-01-SI','1 credit bell schedule',NULL);
INSERT INTO section_time_slot_tags VALUES('GEOG 1000-02','3 credit bell schedule',NULL);
INSERT INTO section_time_slot_tags VALUES('GEOG 1000-03','3 credit bell schedule',NULL);
INSERT INTO section_time_slot_tags VALUES('GEOG 1005-01','2 hour lab T0900',NULL);
INSERT INTO section_time_slot_tags VALUES('GEOG 1005-02','2 hour lab T0900',NULL);
INSERT INTO section_time_slot_tags VALUES('GEOG 1005-03','2 hour lab W0900',NULL);
INSERT INTO section_time_slot_tags VALUES('GEOG 1005-04','2 hour lab W0900',NULL);
INSERT INTO section_time_slot_tags VALUES('GEOG 1005-05','2 hour lab R0900',NULL);
INSERT INTO section_time_slot_tags VALUES('GEOG 3600-01','3 credit bell schedule',NULL);
INSERT INTO section_time_slot_tags VALUES('GEOG 3605-01','3 hour lab T0900',NULL);
INSERT INTO section_time_slot_tags VALUES('GEOG 4180-01','3 credit bell schedule',NULL);
INSERT INTO section_time_slot_tags VALUES('IT 1100-01','3 credit bell schedule',NULL);
INSERT INTO section_time_slot_tags VALUES('IT 1100-02','3 credit bell schedule',NULL);
INSERT INTO section_time_slot_tags VALUES('IT 1200-01','TR 2×75 bell schedule',NULL);
INSERT INTO section_time_slot_tags VALUES('IT 2300-01','3 credit bell schedule',NULL);
INSERT INTO section_time_slot_tags VALUES('IT 2300-02','3 credit bell schedule',NULL);
INSERT INTO section_time_slot_tags VALUES('IT 2400-01','3 credit bell schedule',NULL);
INSERT INTO section_time_slot_tags VALUES('IT 2700-01','TR 2×75 bell schedule',NULL);
INSERT INTO section_time_slot_tags VALUES('IT 3100-01','3 credit bell schedule',NULL);
INSERT INTO section_time_slot_tags VALUES('IT 3110-01','3 credit bell schedule',NULL);
INSERT INTO section_time_slot_tags VALUES('IT 3150-01','MW 2×75 bell schedule',NULL);
INSERT INTO section_time_slot_tags VALUES('IT 3150-01','MWF 3×50 bell schedule',16);
INSERT INTO section_time_slot_tags VALUES('IT 3400-01','3 credit bell schedule',NULL);
INSERT INTO section_time_slot_tags VALUES('IT 4510-01','R1800+150',NULL);
INSERT INTO section_time_slot_tags VALUES('IT 4600-01','3 credit bell schedule',NULL);
INSERT INTO section_time_slot_tags VALUES('IT 4990-01','1×150 evening',NULL);
INSERT INTO section_time_slot_tags VALUES('MATH 0900-01','4 credit bell schedule',NULL);
INSERT INTO section_time_slot_tags VALUES('MATH 0900-02','4 credit bell schedule',NULL);
INSERT INTO section_time_slot_tags VALUES('MATH 0900-03','4 credit bell schedule',NULL);
INSERT INTO section_time_slot_tags VALUES('MATH 0900-04','MW1600+100',NULL);
INSERT INTO section_time_slot_tags VALUES('MATH 0900-06','TR1630+100',NULL);
INSERT INTO section_time_slot_tags VALUES('MATH 0900-07','4 credit bell schedule',NULL);
INSERT INTO section_time_slot_tags VALUES('MATH 0900-51','MW1800+100',NULL);
INSERT INTO section_time_slot_tags VALUES('MATH 0980-03','4 credit bell schedule',NULL);
INSERT INTO section_time_slot_tags VALUES('MATH 0980-05','TR1630+100',NULL);
INSERT INTO section_time_slot_tags VALUES('MATH 0980-06','4 credit bell schedule',NULL);
INSERT INTO section_time_slot_tags VALUES('MATH 0980-07','4 credit bell schedule',NULL);
INSERT INTO section_time_slot_tags VALUES('MATH 0980-08','4 credit bell schedule',NULL);
INSERT INTO section_time_slot_tags VALUES('MATH 0980-10','MW1630+100',NULL);
INSERT INTO section_time_slot_tags VALUES('MATH 1010-03','4 credit bell schedule',NULL);
INSERT INTO section_time_slot_tags VALUES('MATH 1010-04','4 credit bell schedule',NULL);
INSERT INTO section_time_slot_tags VALUES('MATH 1010-05','4 credit bell schedule',NULL);
INSERT INTO section_time_slot_tags VALUES('MATH 1010-06','4 credit bell schedule',NULL);
INSERT INTO section_time_slot_tags VALUES('MATH 1010-07','4 credit bell schedule',NULL);
INSERT INTO section_time_slot_tags VALUES('MATH 1010-50','TR1800+100',NULL);
INSERT INTO section_time_slot_tags VALUES('MATH 1030-01','3 credit bell schedule',NULL);
INSERT INTO section_time_slot_tags VALUES('MATH 1030-02','3 credit bell schedule',NULL);
INSERT INTO section_time_slot_tags VALUES('MATH 1030-03','3 credit bell schedule',NULL);
INSERT INTO section_time_slot_tags VALUES('MATH 1030-04','3 credit bell schedule',NULL);
INSERT INTO section_time_slot_tags VALUES('MATH 1030-05','3 credit bell schedule',NULL);
INSERT INTO section_time_slot_tags VALUES('MATH 1030-06','3 credit bell schedule',NULL);
INSERT INTO section_time_slot_tags VALUES('MATH 1040-01','3 credit bell schedule',NULL);
INSERT INTO section_time_slot_tags VALUES('MATH 1040-02','3 credit bell schedule',NULL);
INSERT INTO section_time_slot_tags VALUES('MATH 1040-03','3 credit bell schedule',NULL);
INSERT INTO section_time_slot_tags VALUES('MATH 1040-04','MWF1200+50',NULL);
INSERT INTO section_time_slot_tags VALUES('MATH 1040-05','3 credit bell schedule',NULL);
INSERT INTO section_time_slot_tags VALUES('MATH 1040-06','3 credit bell schedule',NULL);
INSERT INTO section_time_slot_tags VALUES('MATH 1040-07','3 credit bell schedule',NULL);
INSERT INTO section_time_slot_tags VALUES('MATH 1040-08','3 credit bell schedule',NULL);
INSERT INTO section_time_slot_tags VALUES('MATH 1040-09','3 credit bell schedule',NULL);
INSERT INTO section_time_slot_tags VALUES('MATH 1040-10','3 credit bell schedule',NULL);
INSERT INTO section_time_slot_tags VALUES('MATH 1040-11','3 credit bell schedule',NULL);
INSERT INTO section_time_slot_tags VALUES('MATH 1040-12','3 credit bell schedule',NULL);
INSERT INTO section_time_slot_tags VALUES('MATH 1040-14','3 credit bell schedule',NULL);
INSERT INTO section_time_slot_tags VALUES('MATH 1050-01','4 credit bell schedule',NULL);
INSERT INTO section_time_slot_tags VALUES('MATH 1050-02','4 credit bell schedule',NULL);
INSERT INTO section_time_slot_tags VALUES('MATH 1050-03','F1100+50',NULL);
INSERT INTO section_time_slot_tags VALUES('MATH 1050-03-alt','MTWR1100+50',NULL);
INSERT INTO section_time_slot_tags VALUES('MATH 1050-04','4 credit bell schedule',NULL);
INSERT INTO section_time_slot_tags VALUES('MATH 1050-05','4 credit bell schedule',NULL);
INSERT INTO section_time_slot_tags VALUES('MATH 1050-06','4 credit bell schedule',NULL);
INSERT INTO section_time_slot_tags VALUES('MATH 1060-01','3 credit bell schedule',NULL);
INSERT INTO section_time_slot_tags VALUES('MATH 1060-02','3 credit bell schedule',NULL);
INSERT INTO section_time_slot_tags VALUES('MATH 1080-01','5 credit bell schedule',NULL);
INSERT INTO section_time_slot_tags VALUES('MATH 1100-02','3 credit bell schedule',NULL);
INSERT INTO section_time_slot_tags VALUES('MATH 1210-01','4 credit bell schedule',NULL);
INSERT INTO section_time_slot_tags VALUES('MATH 1210-02','4 credit bell schedule',NULL);
INSERT INTO section_time_slot_tags VALUES('MATH 1210-03','4 credit bell schedule',NULL);
INSERT INTO section_time_slot_tags VALUES('MATH 1220-01','4 credit bell schedule',NULL);
INSERT INTO section_time_slot_tags VALUES('MATH 1220-02','4 credit bell schedule',NULL);
INSERT INTO section_time_slot_tags VALUES('MATH 2010-01','T1630+150',NULL);
INSERT INTO section_time_slot_tags VALUES('MATH 2020-01','3 credit bell schedule',NULL);
INSERT INTO section_time_slot_tags VALUES('MATH 2020-02','W1630+150',NULL);
INSERT INTO section_time_slot_tags VALUES('MATH 2200-01','3 credit bell schedule',NULL);
INSERT INTO section_time_slot_tags VALUES('MATH 2210-01','4 credit bell schedule',NULL);
INSERT INTO section_time_slot_tags VALUES('MATH 2250-01','4 credit bell schedule',NULL);
INSERT INTO section_time_slot_tags VALUES('MATH 2270-01','3 credit bell schedule',NULL);
INSERT INTO section_time_slot_tags VALUES('MATH 2280-01','3 credit bell schedule',NULL);
INSERT INTO section_time_slot_tags VALUES('MATH 3050-01','3 credit bell schedule',NULL);
INSERT INTO section_time_slot_tags VALUES('MATH 3200-01','3 credit bell schedule',NULL);
INSERT INTO section_time_slot_tags VALUES('MATH 3450-01','3 credit bell schedule',NULL);
INSERT INTO section_time_slot_tags VALUES('MATH 3900-01','3 credit bell schedule',NULL);
INSERT INTO section_time_slot_tags VALUES('MATH 4250-01','4 credit bell schedule',NULL);
INSERT INTO section_time_slot_tags VALUES('MATH 4400-01','3 credit bell schedule',NULL);
INSERT INTO section_time_slot_tags VALUES('MATH 4410-01','T1500+75',NULL);
INSERT INTO section_time_slot_tags VALUES('MATH 4800-01','MW1645+75',NULL);
INSERT INTO section_time_slot_tags VALUES('MECH 1100-01','3 credit bell schedule',NULL);
INSERT INTO section_time_slot_tags VALUES('MECH 1150-01','TR1500+170',NULL);
INSERT INTO section_time_slot_tags VALUES('MECH 1150-02','MW1500+170',NULL);
INSERT INTO section_time_slot_tags VALUES('MECH 1200-01','3 credit bell schedule',NULL);
INSERT INTO section_time_slot_tags VALUES('MECH 1200-02','3 credit bell schedule',NULL);
INSERT INTO section_time_slot_tags VALUES('MECH 1205-01','2 hour lab R0800',NULL);
INSERT INTO section_time_slot_tags VALUES('MECH 1205-02','2 hour lab R0800',NULL);
INSERT INTO section_time_slot_tags VALUES('MECH 1205-03','2 hour lab R0800',NULL);
INSERT INTO section_time_slot_tags VALUES('MECH 1205-04','2 hour lab R0800',NULL);
INSERT INTO section_time_slot_tags VALUES('MECH 1205-05','2 hour lab R0800',NULL);
INSERT INTO section_time_slot_tags VALUES('MECH 2030-01','3 credit bell schedule',NULL);
INSERT INTO section_time_slot_tags VALUES('MECH 2160-01','3 credit bell schedule',NULL);
INSERT INTO section_time_slot_tags VALUES('MECH 2250-01','3 credit bell schedule',NULL);
INSERT INTO section_time_slot_tags VALUES('MECH 2250-02','3 credit bell schedule',NULL);
INSERT INTO section_time_slot_tags VALUES('MECH 2255-01','2 hour lab R0800',NULL);
INSERT INTO section_time_slot_tags VALUES('MECH 2255-02','2 hour lab R0800',NULL);
INSERT INTO section_time_slot_tags VALUES('MECH 2255-03','2 hour lab R0800',NULL);
INSERT INTO section_time_slot_tags VALUES('MECH 2255-04','2 hour lab R0800',NULL);
INSERT INTO section_time_slot_tags VALUES('MECH 3250-01','3 credit bell schedule',NULL);
INSERT INTO section_time_slot_tags VALUES('MECH 3255-01','2 hour lab T0800',NULL);
INSERT INTO section_time_slot_tags VALUES('MECH 3255-02','2 hour lab T0800',NULL);
INSERT INTO section_time_slot_tags VALUES('MECH 3600-01','4 credit bell schedule',NULL);
INSERT INTO section_time_slot_tags VALUES('MECH 3605-01','2 hour lab R0800',NULL);
INSERT INTO section_time_slot_tags VALUES('MECH 3605-02','2 hour lab R0800',NULL);
INSERT INTO section_time_slot_tags VALUES('MECH 3650-01','3 credit bell schedule',NULL);
INSERT INTO section_time_slot_tags VALUES('MECH 3655-01','2 hour lab R0800',NULL);
INSERT INTO section_time_slot_tags VALUES('MECH 3655-02','2 hour lab R0800',NULL);
INSERT INTO section_time_slot_tags VALUES('MECH 4500-01','3 credit bell schedule',NULL);
INSERT INTO section_time_slot_tags VALUES('MECH 4860R-01','1 credit bell schedule',NULL);
INSERT INTO section_time_slot_tags VALUES('MECH 4990-01','4 hour lab MW0800',NULL);
INSERT INTO section_time_slot_tags VALUES('MTRN 2350-01','TR1000+50',NULL);
INSERT INTO section_time_slot_tags VALUES('MTRN 2355-01','4 hour lab TR0800',NULL);
INSERT INTO section_time_slot_tags VALUES('PHYS 1010-01','3 credit bell schedule',NULL);
INSERT INTO section_time_slot_tags VALUES('PHYS 1015-01','2 hour lab M0900',NULL);
INSERT INTO section_time_slot_tags VALUES('PHYS 1015-02','2 hour lab M0800',NULL);
INSERT INTO section_time_slot_tags VALUES('PHYS 1040-50','MW1800+75',NULL);
INSERT INTO section_time_slot_tags VALUES('PHYS 1045-50','M1930+170',NULL);
INSERT INTO section_time_slot_tags VALUES('PHYS 1045-51','T1930+170',NULL);
INSERT INTO section_time_slot_tags VALUES('PHYS 1045-52','W1930+170',NULL);
INSERT INTO section_time_slot_tags VALUES('PHYS 2010-01','4 credit bell schedule',NULL);
INSERT INTO section_time_slot_tags VALUES('PHYS 2010-02','4 credit 4×50 extended bell schedule',NULL);
INSERT INTO section_time_slot_tags VALUES('PHYS 2015-01','2 hour lab T0800',NULL);
INSERT INTO section_time_slot_tags VALUES('PHYS 2015-02','2 hour lab T0800',NULL);
INSERT INTO section_time_slot_tags VALUES('PHYS 2015-03','2 hour lab T0800',NULL);
INSERT INTO section_time_slot_tags VALUES('PHYS 2020-01','4 credit bell schedule',NULL);
INSERT INTO section_time_slot_tags VALUES('PHYS 2020-02','4 credit bell schedule',NULL);
INSERT INTO section_time_slot_tags VALUES('PHYS 2025-01','1 credit extended bell schedule',NULL);
INSERT INTO section_time_slot_tags VALUES('PHYS 2025-03','2 hour lab T0800',NULL);
INSERT INTO section_time_slot_tags VALUES('PHYS 2025-04','T1800+110',NULL);
INSERT INTO section_time_slot_tags VALUES('PHYS 2210-01','4 credit 4×50 extended bell schedule',NULL);
INSERT INTO section_time_slot_tags VALUES('PHYS 2210-02','4 credit bell schedule',NULL);
INSERT INTO section_time_slot_tags VALUES('PHYS 2215-01','2 hour lab R0800',NULL);
INSERT INTO section_time_slot_tags VALUES('PHYS 2215-02','2 hour lab R0800',NULL);
INSERT INTO section_time_slot_tags VALUES('PHYS 2215-50','R1800+110',NULL);
INSERT INTO section_time_slot_tags VALUES('PHYS 2220-01','4 credit 4×50 extended bell schedule',NULL);
INSERT INTO section_time_slot_tags VALUES('PHYS 2225-01','2 hour lab R0800',NULL);
INSERT INTO section_time_slot_tags VALUES('PHYS 2225-02','2 hour lab R0800',NULL);
INSERT INTO section_time_slot_tags VALUES('SCI 4700-01','R1530+150',NULL);
INSERT INTO section_time_slot_tags VALUES('SCI 4720-01','F1400+170',NULL);
INSERT INTO section_time_slot_tags VALUES('SE 1400-01','3 credit bell schedule',NULL);
INSERT INTO section_time_slot_tags VALUES('SE 1400-02','3 credit bell schedule',NULL);
INSERT INTO section_time_slot_tags VALUES('SE 3010-01','MW1500+75',NULL);
INSERT INTO section_time_slot_tags VALUES('SE 3100-01','1×150 evening',NULL);
INSERT INTO section_time_slot_tags VALUES('SE 3100-01','3 credit bell schedule',NULL);
INSERT INTO section_time_slot_tags VALUES('SE 3200-01','3 credit bell schedule',NULL);
INSERT INTO section_time_slot_tags VALUES('SE 3450-01','3 credit bell schedule',NULL);
INSERT INTO section_time_slot_tags VALUES('SE 3500-01','TR1200+75',NULL);
INSERT INTO section_time_slot_tags VALUES('SE 3550-01','3 credit bell schedule',NULL);
INSERT INTO section_time_slot_tags VALUES('SE 4200-01','MW1330+75',NULL);
INSERT INTO faculty_sections VALUES('Alexander R Tye','ENVS 2700R-01');
INSERT INTO faculty_sections VALUES('Alexander R Tye','GEO 3500-01');
INSERT INTO faculty_sections VALUES('Alexander R Tye','GEO 3500-01-lab');
INSERT INTO faculty_sections VALUES('Amanda Fa''onelua','MATH 0980-08');
INSERT INTO faculty_sections VALUES('Amber Rose Mortensen','BIOL 1200-01');
INSERT INTO faculty_sections VALUES('Amber Rose Mortensen','BIOL 2420-01');
INSERT INTO faculty_sections VALUES('Amber Rose Mortensen','BIOL 2420-02');
INSERT INTO faculty_sections VALUES('Amber Rose Mortensen','BIOL 2420-03');
INSERT INTO faculty_sections VALUES('Andrew C Schiller','MECH 1100-01');
INSERT INTO faculty_sections VALUES('Andrew C Schiller','MECH 1150-01');
INSERT INTO faculty_sections VALUES('Andrew C Schiller','MECH 1150-02');
INSERT INTO faculty_sections VALUES('Andrew C Schiller','MECH 3255-02');
INSERT INTO faculty_sections VALUES('Andrew Gregory Toth','ECE 2100-01');
INSERT INTO faculty_sections VALUES('Bart Stander','CS 2420-01');
INSERT INTO faculty_sections VALUES('Bart Stander','CS 3310-01');
INSERT INTO faculty_sections VALUES('Bart Stander','CS 3600-01');
INSERT INTO faculty_sections VALUES('Bart Stander','CS 4550-01');
INSERT INTO faculty_sections VALUES('Bhuvaneswari Sambandham','MATH 1210-03');
INSERT INTO faculty_sections VALUES('Bhuvaneswari Sambandham','MATH 2250-01');
INSERT INTO faculty_sections VALUES('Bhuvaneswari Sambandham','MATH 2280-01');
INSERT INTO faculty_sections VALUES('Bing Jiang','ECE 4990-01');
INSERT INTO faculty_sections VALUES('Bing Jiang','ECE 4990-01-lab');
INSERT INTO faculty_sections VALUES('Bing Jiang','MECH 1200-01');
INSERT INTO faculty_sections VALUES('Bing Jiang','MECH 1205-04');
INSERT INTO faculty_sections VALUES('Bing Jiang','MECH 1205-05');
INSERT INTO faculty_sections VALUES('Brant A Ross','ECE 4010-01');
INSERT INTO faculty_sections VALUES('Bruford P Reynolds','MTRN 2350-01');
INSERT INTO faculty_sections VALUES('Bruford P Reynolds','MTRN 2355-01');
INSERT INTO faculty_sections VALUES('Bryan K Stevens','BIOL 1010-01');
INSERT INTO faculty_sections VALUES('Bryan K Stevens','BIOL 1010-02');
INSERT INTO faculty_sections VALUES('Bryan K Stevens','BIOL 4440-01');
INSERT INTO faculty_sections VALUES('Carol Stander','CS 1030-01');
INSERT INTO faculty_sections VALUES('Carol Stander','CS 1410-01');
INSERT INTO faculty_sections VALUES('Carol Stander','CS 1410-40');
INSERT INTO faculty_sections VALUES('Carol Stander','IT 1100-40');
INSERT INTO faculty_sections VALUES('Carol Stander','IT 2300-02');
INSERT INTO faculty_sections VALUES('Christina M Quinn','CHEM 1155-01');
INSERT INTO faculty_sections VALUES('Christina M Quinn','CHEM 1155-03');
INSERT INTO faculty_sections VALUES('Christina M Quinn','CHEM 1215-01');
INSERT INTO faculty_sections VALUES('Christina M Quinn','CHEM 1215-02');
INSERT INTO faculty_sections VALUES('Christina M Quinn','CHEM 1215-04');
INSERT INTO faculty_sections VALUES('Christina M Quinn','CHEM 1225-03');
INSERT INTO faculty_sections VALUES('Christina Pondell','ENVS 1099-01');
INSERT INTO faculty_sections VALUES('Christina Pondell','ENVS 1215-01');
INSERT INTO faculty_sections VALUES('Christina Pondell','ENVS 1215-02');
INSERT INTO faculty_sections VALUES('Christina Pondell','ENVS 3210-01');
INSERT INTO faculty_sections VALUES('Christina Pondell','GEOG 1005-01');
INSERT INTO faculty_sections VALUES('Christina Pondell','GEOG 1005-02');
INSERT INTO faculty_sections VALUES('Christopher Kirk DeMacedo','PHYS 1045-50');
INSERT INTO faculty_sections VALUES('Christopher Kirk DeMacedo','PHYS 2015-01');
INSERT INTO faculty_sections VALUES('Christopher Kirk DeMacedo','PHYS 2015-02');
INSERT INTO faculty_sections VALUES('Clare C Banks','MATH 1050-04');
INSERT INTO faculty_sections VALUES('Clare C Banks','MATH 1220-01');
INSERT INTO faculty_sections VALUES('Costel Ionita','MATH 1050-03-alt');
INSERT INTO faculty_sections VALUES('Costel Ionita','MATH 1210-02');
INSERT INTO faculty_sections VALUES('Costel Ionita','MATH 1220-02');
INSERT INTO faculty_sections VALUES('Costel Ionita','MATH 3200-01');
INSERT INTO faculty_sections VALUES('Craig D Seegmiller','MATH 1030-02');
INSERT INTO faculty_sections VALUES('Craig D Seegmiller','MATH 1030-03');
INSERT INTO faculty_sections VALUES('Craig D Seegmiller','MATH 1050-06');
INSERT INTO faculty_sections VALUES('Curtis B Walker','BIOL 2320-04');
INSERT INTO faculty_sections VALUES('Curtis B Walker','BIOL 4350-01');
INSERT INTO faculty_sections VALUES('Curtis B Walker','BIOL 4355-01');
INSERT INTO faculty_sections VALUES('Curtis Larsen','CS 3005-01');
INSERT INTO faculty_sections VALUES('Curtis Larsen','CS 3510-01');
INSERT INTO faculty_sections VALUES('Curtis Larsen','CS 4320-01');
INSERT INTO faculty_sections VALUES('Curtis Larsen','CS 4600-01');
INSERT INTO faculty_sections VALUES('Curtis Larsen','CS 4920R-01');
INSERT INTO faculty_sections VALUES('Cutler Cowdin','CHEM 3515-02');
INSERT INTO faculty_sections VALUES('Cutler Cowdin','CHEM 3525-03');
INSERT INTO faculty_sections VALUES('DJ Holt','CS 4600-02');
INSERT INTO faculty_sections VALUES('DJ Holt','SE 3010-01');
INSERT INTO faculty_sections VALUES('DJ Holt','SE 4200-01');
INSERT INTO faculty_sections VALUES('David Brent Christensen','ECE 3605-01');
INSERT INTO faculty_sections VALUES('David Brent Christensen','MECH 1205-01');
INSERT INTO faculty_sections VALUES('David Brent Christensen','MECH 1205-02');
INSERT INTO faculty_sections VALUES('David Brent Christensen','MECH 2255-03');
INSERT INTO faculty_sections VALUES('David J Burr','CHEM 1215-50');
INSERT INTO faculty_sections VALUES('David J Burr','CHEM 1225-04');
INSERT INTO faculty_sections VALUES('David J Burr','CHEM 1225-50');
INSERT INTO faculty_sections VALUES('David M Syndergaard','PHYS 1010-01');
INSERT INTO faculty_sections VALUES('David M Syndergaard','PHYS 1015-01');
INSERT INTO faculty_sections VALUES('David M Syndergaard','PHYS 1040-50');
INSERT INTO faculty_sections VALUES('David R Black','GEO 1015-50');
INSERT INTO faculty_sections VALUES('David W Bean','BIOL 1625-04');
INSERT INTO faculty_sections VALUES('David W Bean','BIOL 1625-05');
INSERT INTO faculty_sections VALUES('David W Bean','BIOL 1625-06');
INSERT INTO faculty_sections VALUES('Dawn Lashell Kidd-Thomas','MATH 1050-05');
INSERT INTO faculty_sections VALUES('Del William Smith','BIOL 1010-08');
INSERT INTO faculty_sections VALUES('Del William Smith','BIOL 4200-01');
INSERT INTO faculty_sections VALUES('Del William Smith','BIOL 4205-01');
INSERT INTO faculty_sections VALUES('Derek Sneddon','IT 4510-01');
INSERT INTO faculty_sections VALUES('Diana L Reese','CHEM 1210-01');
INSERT INTO faculty_sections VALUES('Diana L Reese','CHEM 1210-02');
INSERT INTO faculty_sections VALUES('Diana L Reese','CHEM 2320-02');
INSERT INTO faculty_sections VALUES('Diana L Reese','CHEM 4800R-06');
INSERT INTO faculty_sections VALUES('Divya Singh','MECH 2160-01');
INSERT INTO faculty_sections VALUES('Divya Singh','MECH 3250-01');
INSERT INTO faculty_sections VALUES('Divya Singh','MECH 3255-01');
INSERT INTO faculty_sections VALUES('Divya Singh','MECH 4990-01');
INSERT INTO faculty_sections VALUES('Donald H Warner','BIOL 3460-01');
INSERT INTO faculty_sections VALUES('Douglas J Sainsbury','BIOL 1610-01');
INSERT INTO faculty_sections VALUES('Douglas J Sainsbury','BIOL 2991R-01A');
INSERT INTO faculty_sections VALUES('Douglas J Sainsbury','BTEC 1010-01');
INSERT INTO faculty_sections VALUES('Elizabeth Karen Ludlow','MATH 1010-04');
INSERT INTO faculty_sections VALUES('Elizabeth Karen Ludlow','MATH 1030-01');
INSERT INTO faculty_sections VALUES('Eric Pedersen','SE 3500-01');
INSERT INTO faculty_sections VALUES('Erin E O''Brien','BIOL 3155-02');
INSERT INTO faculty_sections VALUES('Erin E O''Brien','BIOL 4600-01');
INSERT INTO faculty_sections VALUES('Erin E O''Brien','BIOL 4605-01');
INSERT INTO faculty_sections VALUES('Gabriela Chilom','CHEM 1220-01');
INSERT INTO faculty_sections VALUES('Gabriela Chilom','CHEM 1220-02');
INSERT INTO faculty_sections VALUES('Gabriela Chilom','CHEM 3300-01');
INSERT INTO faculty_sections VALUES('Gabriela Chilom','CHEM 4800R-04');
INSERT INTO faculty_sections VALUES('Geoffrey Smith','BIOL 1620-03');
INSERT INTO faculty_sections VALUES('Geoffrey Smith','BIOL 2420-05');
INSERT INTO faculty_sections VALUES('Glorimar L Aponte-Kline','BIOL 2320-05');
INSERT INTO faculty_sections VALUES('Glorimar L Aponte-Kline','BIOL 2320-07');
INSERT INTO faculty_sections VALUES('Glorimar L Aponte-Kline','BIOL 3420-01');
INSERT INTO faculty_sections VALUES('Greg L Melton','ENVS 1010-04');
INSERT INTO faculty_sections VALUES('Greg L Melton','GEO 1010-01');
INSERT INTO faculty_sections VALUES('Greg L Melton','GEO 1015-01');
INSERT INTO faculty_sections VALUES('Greg L Melton','GEO 3600-01');
INSERT INTO faculty_sections VALUES('Greg L Melton','GEO 3600-01-lab');
INSERT INTO faculty_sections VALUES('Hugo Elio Angeles','ENVS 2099R-50');
INSERT INTO faculty_sections VALUES('Hung Yu Shih','BTEC 2050-01');
INSERT INTO faculty_sections VALUES('Hung Yu Shih','BTEC 2050-01-lab');
INSERT INTO faculty_sections VALUES('Hung Yu Shih','BTEC 2050-02-lab');
INSERT INTO faculty_sections VALUES('Hung Yu Shih','BTEC 4050-01A');
INSERT INTO faculty_sections VALUES('Jacson Parker','CHEM 1215-06');
INSERT INTO faculty_sections VALUES('Jacson Parker','CHEM 1225-05');
INSERT INTO faculty_sections VALUES('James David Meidell','BIOL 1010-09');
INSERT INTO faculty_sections VALUES('James David Meidell','BIOL 1625-50');
INSERT INTO faculty_sections VALUES('James P Fitzgerald','MATH 1040-01');
INSERT INTO faculty_sections VALUES('James P Fitzgerald','MATH 1040-02');
INSERT INTO faculty_sections VALUES('James P Fitzgerald','MATH 1040-03');
INSERT INTO faculty_sections VALUES('Jameson C Hardy','MATH 0900-02');
INSERT INTO faculty_sections VALUES('Jameson C Hardy','MATH 1040-07');
INSERT INTO faculty_sections VALUES('Jameson C Hardy','MATH 1040-09');
INSERT INTO faculty_sections VALUES('Jameson C Hardy','MATH 1080-01');
INSERT INTO faculty_sections VALUES('Jamie Bennion','IT 4990-01');
INSERT INTO faculty_sections VALUES('Janice M Hayden','GEO 1110-01');
INSERT INTO faculty_sections VALUES('Janice M Hayden','GEO 1115-01');
INSERT INTO faculty_sections VALUES('Jared M Hancock','CHEM 1120-01');
INSERT INTO faculty_sections VALUES('Jared M Hancock','CHEM 1125-01');
INSERT INTO faculty_sections VALUES('Jared M Hancock','CHEM 1150-01');
INSERT INTO faculty_sections VALUES('Jared M Hancock','CHEM 1150-02');
INSERT INTO faculty_sections VALUES('Jared M Hancock','CHEM 1155-02');
INSERT INTO faculty_sections VALUES('Jay Sneddon','IT 1200-01');
INSERT INTO faculty_sections VALUES('Jay Sneddon','IT 2300-01');
INSERT INTO faculty_sections VALUES('Jay Sneddon','IT 2700-01');
INSERT INTO faculty_sections VALUES('Jay Sneddon','IT 3150-01');
INSERT INTO faculty_sections VALUES('Jay Sneddon','IT 3400-01');
INSERT INTO faculty_sections VALUES('Jeff Compas','CS 1400-01');
INSERT INTO faculty_sections VALUES('Jeff Compas','CS 1400-50');
INSERT INTO faculty_sections VALUES('Jeff Compas','CS 2450-02');
INSERT INTO faculty_sections VALUES('Jeff Compas','SE 3100-01');
INSERT INTO faculty_sections VALUES('Jeffrey Anderson','ECE 4510-01');
INSERT INTO faculty_sections VALUES('Jeffrey Anderson','ECE 4730-01');
INSERT INTO faculty_sections VALUES('Jeffrey Anderson','ECE 4735-01');
INSERT INTO faculty_sections VALUES('Jeffrey P Harrah','MATH 1030-05');
INSERT INTO faculty_sections VALUES('Jeffrey P Harrah','MATH 1030-06');
INSERT INTO faculty_sections VALUES('Jeffrey P Harrah','MATH 2010-01');
INSERT INTO faculty_sections VALUES('Jeffrey P Harrah','MATH 2020-01');
INSERT INTO faculty_sections VALUES('Jeffrey P Harrah','MATH 2020-02');
INSERT INTO faculty_sections VALUES('Jeffrey V Yule','BIOL 1010-05');
INSERT INTO faculty_sections VALUES('Jeffrey V Yule','BIOL 1010-06');
INSERT INTO faculty_sections VALUES('Jennifer A Meyer','CHEM 3510-01');
INSERT INTO faculty_sections VALUES('Jennifer A Meyer','CHEM 3515-01');
INSERT INTO faculty_sections VALUES('Jennifer A Meyer','CHEM 3520-01');
INSERT INTO faculty_sections VALUES('Jennifer A Meyer','CHEM 3525-02');
INSERT INTO faculty_sections VALUES('Jennifer L Ciaccio','BIOL 1620-02');
INSERT INTO faculty_sections VALUES('Jennifer L Ciaccio','BIOL 1625-03');
INSERT INTO faculty_sections VALUES('Jennifer L Ciaccio','BIOL 3110-01');
INSERT INTO faculty_sections VALUES('Jennifer L Ciaccio','BIOL 4280-01');
INSERT INTO faculty_sections VALUES('Jerald D Harris','ENVS 3110-01');
INSERT INTO faculty_sections VALUES('Jerald D Harris','GEO 1220-01');
INSERT INTO faculty_sections VALUES('Jerald D Harris','GEO 1225-01');
INSERT INTO faculty_sections VALUES('Jerald D Harris','GEOG 1000-01');
INSERT INTO faculty_sections VALUES('Jeremy W Bakelar','BIOL 2060-01');
INSERT INTO faculty_sections VALUES('Jeremy W Bakelar','BIOL 3450-01');
INSERT INTO faculty_sections VALUES('Jeremy W Bakelar','BIOL 3455-01');
INSERT INTO faculty_sections VALUES('Jeremy W Bakelar','BIOL 3455-02');
INSERT INTO faculty_sections VALUES('Jeremy W Bakelar','BTEC 2020-01');
INSERT INTO faculty_sections VALUES('Jesse William Breinholt','BIOL 3300-01');
INSERT INTO faculty_sections VALUES('Jie Liu','MATH 1040-10');
INSERT INTO faculty_sections VALUES('Jie Liu','MATH 3450-01');
INSERT INTO faculty_sections VALUES('Jie Liu','MATH 4400-01');
INSERT INTO faculty_sections VALUES('Jie Liu','MATH 4410-01');
INSERT INTO faculty_sections VALUES('Joe Francom','IT 1500-40A');
INSERT INTO faculty_sections VALUES('Joe Francom','IT 1500-41A');
INSERT INTO faculty_sections VALUES('Joe Francom','IT 1500-42A');
INSERT INTO faculty_sections VALUES('Joe Francom','IT 3110-01');
INSERT INTO faculty_sections VALUES('Joe Francom','IT 4600-01');
INSERT INTO faculty_sections VALUES('Joe Francom','SE 4900R-02');
INSERT INTO faculty_sections VALUES('John E Wolfe','BIOL 3100-01');
INSERT INTO faculty_sections VALUES('Jose C Saraiva','PHYS 1045-52');
INSERT INTO faculty_sections VALUES('Jose C Saraiva','PHYS 2025-03');
INSERT INTO faculty_sections VALUES('Jose C Saraiva','PHYS 2215-50');
INSERT INTO faculty_sections VALUES('Jose C Saraiva','PHYS 2225-02');
INSERT INTO faculty_sections VALUES('Joseph B Platt','BIOL 1625-02');
INSERT INTO faculty_sections VALUES('Kameron J Eves','ECE 3500-01');
INSERT INTO faculty_sections VALUES('Kameron J Eves','ECE 4990-02');
INSERT INTO faculty_sections VALUES('Kameron J Eves','MECH 2030-01');
INSERT INTO faculty_sections VALUES('Kameron J Eves','MECH 2255-04');
INSERT INTO faculty_sections VALUES('Karen L Bauer','BIOL 1010-03');
INSERT INTO faculty_sections VALUES('Karen L Bauer','BIOL 1200-02');
INSERT INTO faculty_sections VALUES('Karen L Bauer','BIOL 1610-02');
INSERT INTO faculty_sections VALUES('Karen L Bauer','BIOL 1620-01');
INSERT INTO faculty_sections VALUES('Kathryn E Ott','MATH 0980-07');
INSERT INTO faculty_sections VALUES('Kerby Robinson','BIOL 3230R-02');
INSERT INTO faculty_sections VALUES('Kim C Jolley','BIOL 2065-01');
INSERT INTO faculty_sections VALUES('Kim C Jolley','BIOL 2065-02');
INSERT INTO faculty_sections VALUES('Lora Klein','SE 3200-01');
INSERT INTO faculty_sections VALUES('Marius Van der Merwe','BIOL 3040-01');
INSERT INTO faculty_sections VALUES('Marius Van der Merwe','BIOL 3045-01');
INSERT INTO faculty_sections VALUES('Marius Van der Merwe','BIOL 4040-01');
INSERT INTO faculty_sections VALUES('Marius Van der Merwe','ENVS 3920-50');
INSERT INTO faculty_sections VALUES('Mark L Dickson','SCI 4700-01');
INSERT INTO faculty_sections VALUES('Marshall Topham','ENVS 1010-06');
INSERT INTO faculty_sections VALUES('Martina Gaspari','BIOL 1010-04');
INSERT INTO faculty_sections VALUES('Martina Gaspari','BIOL 3250-01');
INSERT INTO faculty_sections VALUES('Martina Gaspari','BIOL 4300-01');
INSERT INTO faculty_sections VALUES('Martina Gaspari','BIOL 4305-01');
INSERT INTO faculty_sections VALUES('Martina Gaspari','BTEC 2030-01');
INSERT INTO faculty_sections VALUES('Marzieh Ghasemi','ENVS 1210-01');
INSERT INTO faculty_sections VALUES('Marzieh Ghasemi','ENVS 2210-01');
INSERT INTO faculty_sections VALUES('Marzieh Ghasemi','ENVS 3410-01');
INSERT INTO faculty_sections VALUES('Marzieh Ghasemi','GEO 3710-01');
INSERT INTO faculty_sections VALUES('Matt Kearl','SE 1400-02');
INSERT INTO faculty_sections VALUES('Matt Kearl','SE 1400-40');
INSERT INTO faculty_sections VALUES('Matt Kearl','SE 1400-42');
INSERT INTO faculty_sections VALUES('Matt Kearl','SE 3450-01');
INSERT INTO faculty_sections VALUES('Matt Kearl','SE 3550-01');
INSERT INTO faculty_sections VALUES('Matt Kearl','SE 4900R-01');
INSERT INTO faculty_sections VALUES('Matt Kearl','SE 4920-01');
INSERT INTO faculty_sections VALUES('Md Sazib Hasan','MATH 2270-01');
INSERT INTO faculty_sections VALUES('Md Sazib Hasan','MATH 3050-01');
INSERT INTO faculty_sections VALUES('Megan R Liljenquist','CHEM 1215-05');
INSERT INTO faculty_sections VALUES('Megan R Liljenquist','CHEM 2325-06');
INSERT INTO faculty_sections VALUES('Megen E Kepas','BIOL 2420-04');
INSERT INTO faculty_sections VALUES('Megen E Kepas','BIOL 3150-01');
INSERT INTO faculty_sections VALUES('Megen E Kepas','BIOL 3155-01');
INSERT INTO faculty_sections VALUES('Michael N Paxman','MATH 0980-05');
INSERT INTO faculty_sections VALUES('Nathan St Andre','BIOL 1010-07');
INSERT INTO faculty_sections VALUES('Nikell Dodge','BIOL 1010-10');
INSERT INTO faculty_sections VALUES('Odean Bowler','MATH 1010-05');
INSERT INTO faculty_sections VALUES('Odean Bowler','MATH 1010-06');
INSERT INTO faculty_sections VALUES('Paul H Shirley','CHEM 1155-05');
INSERT INTO faculty_sections VALUES('Paul H Shirley','CHEM 1155-50');
INSERT INTO faculty_sections VALUES('Paula Manuele Temple','MATH 0900-01');
INSERT INTO faculty_sections VALUES('Paula Manuele Temple','MATH 0900-03');
INSERT INTO faculty_sections VALUES('Paula Manuele Temple','MATH 0900-07');
INSERT INTO faculty_sections VALUES('Paula Manuele Temple','MATH 1040-08');
INSERT INTO faculty_sections VALUES('Phil Daley','IT 1100-01');
INSERT INTO faculty_sections VALUES('Phil Daley','IT 1100-02');
INSERT INTO faculty_sections VALUES('Phil Daley','IT 2400-01');
INSERT INTO faculty_sections VALUES('Phil Daley','IT 3100-01');
INSERT INTO faculty_sections VALUES('Randy Klabacka','BIOL 2300-01');
INSERT INTO faculty_sections VALUES('Randy Klabacka','BIOL 3030-01');
INSERT INTO faculty_sections VALUES('Randy Klabacka','BIOL 4310-01');
INSERT INTO faculty_sections VALUES('Ren Quinn','CS 1400-02');
INSERT INTO faculty_sections VALUES('Ren Quinn','CS 1400-03');
INSERT INTO faculty_sections VALUES('Ren Quinn','CS 1410-02');
INSERT INTO faculty_sections VALUES('Ren Quinn','CS 2450-01');
INSERT INTO faculty_sections VALUES('Ren Quinn','CS 3150-01');
INSERT INTO faculty_sections VALUES('Ren Quinn','CS 4800R-01');
INSERT INTO faculty_sections VALUES('Ren Quinn','CS 4991R-50');
INSERT INTO faculty_sections VALUES('Ren Quinn','CS 4992R-01');
INSERT INTO faculty_sections VALUES('Rex Frisbey','SE 1400-01');
INSERT INTO faculty_sections VALUES('Rick L Peirce','PHYS 1045-51');
INSERT INTO faculty_sections VALUES('Rico Del Sesto','CHEM 2310-01');
INSERT INTO faculty_sections VALUES('Rico Del Sesto','CHEM 2320-01');
INSERT INTO faculty_sections VALUES('Rico Del Sesto','CHEM 4800R-01');
INSERT INTO faculty_sections VALUES('Rita Rae Osborn','BIOL 3000R-09A');
INSERT INTO faculty_sections VALUES('Robert T Reimer','MATH 1040-14');
INSERT INTO faculty_sections VALUES('Ross C Decker','MATH 1060-01');
INSERT INTO faculty_sections VALUES('Ross C Decker','MATH 1060-02');
INSERT INTO faculty_sections VALUES('Russ Ross','CS 2810-01');
INSERT INTO faculty_sections VALUES('Russ Ross','CS 2810-02');
INSERT INTO faculty_sections VALUES('Russ Ross','CS 3410-01');
INSERT INTO faculty_sections VALUES('Russ Ross','CS 4307-01');
INSERT INTO faculty_sections VALUES('Russ Ross','CS 4800R-02');
INSERT INTO faculty_sections VALUES('Russell C Reid','MECH 1205-03');
INSERT INTO faculty_sections VALUES('Russell C Reid','MECH 3600-01');
INSERT INTO faculty_sections VALUES('Russell C Reid','MECH 3605-01');
INSERT INTO faculty_sections VALUES('Russell C Reid','MECH 3605-02');
INSERT INTO faculty_sections VALUES('Russell C Reid','MECH 3650-01');
INSERT INTO faculty_sections VALUES('Russell C Reid','MECH 3655-01');
INSERT INTO faculty_sections VALUES('Russell C Reid','MECH 3655-02');
INSERT INTO faculty_sections VALUES('Ryan C McConnell','MATH 1040-11');
INSERT INTO faculty_sections VALUES('Sai C Radavaram','ECE 2280-01');
INSERT INTO faculty_sections VALUES('Sai C Radavaram','ECE 2285-01');
INSERT INTO faculty_sections VALUES('Sai C Radavaram','ECE 3600-01');
INSERT INTO faculty_sections VALUES('Sai C Radavaram','ECE 4990-03');
INSERT INTO faculty_sections VALUES('Sai C Radavaram','ECE 4990-03-lab');
INSERT INTO faculty_sections VALUES('Samuel K Tobler','PHYS 2210-01');
INSERT INTO faculty_sections VALUES('Samuel K Tobler','PHYS 2220-01');
INSERT INTO faculty_sections VALUES('Sarah Morgan Black','CHEM 1010-01');
INSERT INTO faculty_sections VALUES('Sarah Morgan Black','CHEM 1010-02');
INSERT INTO faculty_sections VALUES('Scott A Skeen','MECH 1200-02');
INSERT INTO faculty_sections VALUES('Scott A Skeen','MECH 2250-01');
INSERT INTO faculty_sections VALUES('Scott A Skeen','MECH 2250-02');
INSERT INTO faculty_sections VALUES('Scott A Skeen','MECH 2255-01');
INSERT INTO faculty_sections VALUES('Scott A Skeen','MECH 2255-02');
INSERT INTO faculty_sections VALUES('Scott A Skeen','MECH 4500-01');
INSERT INTO faculty_sections VALUES('Scott A Skeen','MECH 4860R-01');
INSERT INTO faculty_sections VALUES('Scott B Griffin','BIOL 2320-02');
INSERT INTO faculty_sections VALUES('Scott B Griffin','BIOL 3230R-01');
INSERT INTO faculty_sections VALUES('Scott E Bulloch','BIOL 4990R-02');
INSERT INTO faculty_sections VALUES('Scott Patrick Hicks','MATH 0900-04');
INSERT INTO faculty_sections VALUES('Scott Patrick Hicks','MATH 0900-51');
INSERT INTO faculty_sections VALUES('Steven K Sullivan','PHYS 2010-01');
INSERT INTO faculty_sections VALUES('Steven K Sullivan','PHYS 2020-01');
INSERT INTO faculty_sections VALUES('Steven K Sullivan','PHYS 2020-02');
INSERT INTO faculty_sections VALUES('Steven McKay Sullivan','MATH 2200-01');
INSERT INTO faculty_sections VALUES('Steven McKay Sullivan','MATH 2210-01');
INSERT INTO faculty_sections VALUES('Steven McKay Sullivan','MATH 3900-01');
INSERT INTO faculty_sections VALUES('Teisha Richan','CHEM 1155-06');
INSERT INTO faculty_sections VALUES('Teisha Richan','CHEM 2315-01');
INSERT INTO faculty_sections VALUES('Teisha Richan','CHEM 2315-02');
INSERT INTO faculty_sections VALUES('Teisha Richan','CHEM 2325-01');
INSERT INTO faculty_sections VALUES('Teisha Richan','CHEM 2325-02');
INSERT INTO faculty_sections VALUES('Teisha Richan','CHEM 2325-05');
INSERT INTO faculty_sections VALUES('Trevor K Johnson','MATH 1100-02');
INSERT INTO faculty_sections VALUES('Trevor K Johnson','MATH 1210-01');
INSERT INTO faculty_sections VALUES('Tye K Rogers','MATH 0980-03');
INSERT INTO faculty_sections VALUES('Tye K Rogers','MATH 0980-06');
INSERT INTO faculty_sections VALUES('Tye K Rogers','MATH 1040-05');
INSERT INTO faculty_sections VALUES('Tye K Rogers','MATH 1040-06');
INSERT INTO faculty_sections VALUES('Vinodh Kumar Chellamuthu','MATH 4250-01');
INSERT INTO faculty_sections VALUES('Vinodh Kumar Chellamuthu','MATH 4800-01');
INSERT INTO faculty_sections VALUES('Violeta Adina Ionita','MATH 1010-03');
INSERT INTO faculty_sections VALUES('Violeta Adina Ionita','MATH 1010-07');
INSERT INTO faculty_sections VALUES('Violeta Adina Ionita','MATH 1050-01');
INSERT INTO faculty_sections VALUES('Violeta Adina Ionita','MATH 1050-02');
INSERT INTO faculty_sections VALUES('Wendy E Schatzberg','CHEM 1220-03');
INSERT INTO faculty_sections VALUES('Wendy E Schatzberg','CHEM 3070-01');
INSERT INTO faculty_sections VALUES('Wendy E Schatzberg','CHEM 3075-01');
INSERT INTO faculty_sections VALUES('Wendy E Schatzberg','CHEM 4800R-02');
INSERT INTO faculty_sections VALUES('Zhenyu Jin','GEOG 1000-02');
INSERT INTO faculty_sections VALUES('Zhenyu Jin','GEOG 1005-03');
INSERT INTO faculty_sections VALUES('Zhenyu Jin','GEOG 3600-01');
INSERT INTO faculty_sections VALUES('Zhenyu Jin','GEOG 3605-01');
INSERT INTO faculty_sections VALUES('Zhenyu Jin','GEOG 4180-01');
INSERT INTO conflicts VALUES('Bioinformatics','core requirements',3,1);
INSERT INTO conflicts VALUES('Bioinformatics','pick one tech lab course',9,1);
INSERT INTO conflicts VALUES('Bioinformatics','take one technical lab',NULL,0);
INSERT INTO conflicts VALUES('Biology Biology emphasis','another take one pair',NULL,0);
INSERT INTO conflicts VALUES('Biology Biology emphasis','choices',7,1);
INSERT INTO conflicts VALUES('Biology Biology emphasis','core requirements',3,1);
INSERT INTO conflicts VALUES('Biology Biology emphasis','electives',9,1);
INSERT INTO conflicts VALUES('Biology Biology emphasis','only need one set',NULL,0);
INSERT INTO conflicts VALUES('Biology Biology emphasis','take one pair',NULL,0);
INSERT INTO conflicts VALUES('Biology Biology emphasis','take one set',NULL,0);
INSERT INTO conflicts VALUES('Biology Biology emphasis','take one technical lab',NULL,0);
INSERT INTO conflicts VALUES('Biology Biology emphasis','yet another take a pair',NULL,0);
INSERT INTO conflicts VALUES('Biology Biomed emphasis','core requirements',3,1);
INSERT INTO conflicts VALUES('Biology Biomed emphasis','electives',9,1);
INSERT INTO conflicts VALUES('Biology Biomed emphasis','take one pair',NULL,0);
INSERT INTO conflicts VALUES('Biology Biomed emphasis','take one set',NULL,0);
INSERT INTO conflicts VALUES('Biology Biomed emphasis','take one technical lab',NULL,0);
INSERT INTO conflicts VALUES('Biology Education emphasis','another choice',NULL,0);
INSERT INTO conflicts VALUES('Biology Education emphasis','choose one set',NULL,0);
INSERT INTO conflicts VALUES('Biology Education emphasis','core requirements',3,1);
INSERT INTO conflicts VALUES('Biology Education emphasis','final choice',NULL,0);
INSERT INTO conflicts VALUES('Biology Education emphasis','only need one set',NULL,0);
INSERT INTO conflicts VALUES('Biology Education emphasis','take one pair',NULL,0);
INSERT INTO conflicts VALUES('Biology Education emphasis','yet another take a pair',NULL,0);
INSERT INTO conflicts VALUES('Biology Integrated Education Sciences','another choice',NULL,0);
INSERT INTO conflicts VALUES('Biology Integrated Education Sciences','choose one set',NULL,0);
INSERT INTO conflicts VALUES('Biology Integrated Education Sciences','core requirements',3,1);
INSERT INTO conflicts VALUES('Biology Integrated Education Sciences','final choice',NULL,0);
INSERT INTO conflicts VALUES('Biology Integrated Education Sciences','math 1050 or 1080',NULL,0);
INSERT INTO conflicts VALUES('Biology Integrated Education Sciences','math 1060 or 1080',NULL,0);
INSERT INTO conflicts VALUES('Biology Integrated Education Sciences','only need one set',NULL,0);
INSERT INTO conflicts VALUES('Biology Integrated Education Sciences','take one pair',NULL,0);
INSERT INTO conflicts VALUES('Biology Natural Sciences emphasis','choices',7,1);
INSERT INTO conflicts VALUES('Biology Natural Sciences emphasis','core requirements',3,1);
INSERT INTO conflicts VALUES('Biology Natural Sciences emphasis','electives',9,1);
INSERT INTO conflicts VALUES('Biology Natural Sciences emphasis','only need one set',NULL,0);
INSERT INTO conflicts VALUES('Biology Natural Sciences emphasis','take one pair',NULL,0);
INSERT INTO conflicts VALUES('Chemistry Chemistry emphasis','core requirements',3,1);
INSERT INTO conflicts VALUES('Chemistry Chemistry emphasis','electives',9,1);
INSERT INTO conflicts VALUES('Chemistry Chemistry emphasis','math 2250 or 2270',NULL,0);
INSERT INTO conflicts VALUES('Chemistry Chemistry emphasis','math 2250 or 2280',NULL,0);
INSERT INTO conflicts VALUES('Chemistry Chemistry emphasis','pair or single',NULL,0);
INSERT INTO conflicts VALUES('Chemistry Molecular Biology emphasis','core requirements',3,1);
INSERT INTO conflicts VALUES('Chemistry Molecular Biology emphasis','electives',9,1);
INSERT INTO conflicts VALUES('Chemistry Molecular Biology emphasis','pair or single',NULL,0);
INSERT INTO conflicts VALUES('Chemistry Molecular Biology emphasis','take one set',NULL,0);
INSERT INTO conflicts VALUES('Chemistry Physical Sciences emphasis','chem or phys',NULL,0);
INSERT INTO conflicts VALUES('Chemistry Physical Sciences emphasis','core requirements',3,1);
INSERT INTO conflicts VALUES('Chemistry Physical Sciences emphasis','pair or single',NULL,0);
INSERT INTO conflicts VALUES('Computer Science','3rd/4th semester classes',1,1);
INSERT INTO conflicts VALUES('Computer Science','core requirements',3,1);
INSERT INTO conflicts VALUES('Computer Science','electives',9,1);
INSERT INTO conflicts VALUES('Computer Science','grad plan: 2nd year fall',1,1);
INSERT INTO conflicts VALUES('Computer Science','grad plan: 2nd year spring',1,1);
INSERT INTO conflicts VALUES('Computer Science','grad plan: 3rd year fall',1,1);
INSERT INTO conflicts VALUES('Computer Science','grad plan: 3rd year spring',1,1);
INSERT INTO conflicts VALUES('Computer Science','grad plan: 4th year fall',1,1);
INSERT INTO conflicts VALUES('Computer Science','grad plan: 4th year spring',1,1);
INSERT INTO conflicts VALUES('Computer Science','math and science',5,1);
INSERT INTO conflicts VALUES('Computer Science','spread out CS 1400',1,1);
INSERT INTO conflicts VALUES('Computer Science','spread out CS 1410',1,1);
INSERT INTO conflicts VALUES('Computer Science','spread out CS 2450',1,1);
INSERT INTO conflicts VALUES('Computer Science','spread out CS 2810',1,1);
INSERT INTO conflicts VALUES('Data Science','third semester',7,1);
INSERT INTO conflicts VALUES('Envs Envs emphasis','core requirements',3,1);
INSERT INTO conflicts VALUES('Envs Geo emphasis','core requirements',3,1);
INSERT INTO conflicts VALUES('Geological Sciences','core requirements',3,1);
INSERT INTO conflicts VALUES('Geological Sciences','take one set',NULL,0);
INSERT INTO conflicts VALUES('Information Technology','choose two section',6,1);
INSERT INTO conflicts VALUES('Information Technology','core requirements',3,1);
INSERT INTO conflicts VALUES('Information Technology','spread out IT 1100',1,1);
INSERT INTO conflicts VALUES('Information Technology','spread out IT 2300',1,1);
INSERT INTO conflicts VALUES('Math','core requirements',3,1);
INSERT INTO conflicts VALUES('Math','electives',9,1);
INSERT INTO conflicts VALUES('Math ACM Actuarial Sciences','core requirements',3,1);
INSERT INTO conflicts VALUES('Math ACM Actuarial Sciences','discrete math',NULL,0);
INSERT INTO conflicts VALUES('Math ACM Actuarial Sciences','electives',9,1);
INSERT INTO conflicts VALUES('Math ACM Computational Mathematics','core requirements',3,1);
INSERT INTO conflicts VALUES('Math ACM Computational Mathematics','discrete math',NULL,0);
INSERT INTO conflicts VALUES('Math ACM Computational Mathematics','electives',9,1);
INSERT INTO conflicts VALUES('Math ACM Data Analytics','core requirements',3,1);
INSERT INTO conflicts VALUES('Math ACM Data Analytics','discrete math',NULL,0);
INSERT INTO conflicts VALUES('Math ACM Data Analytics','electives',9,1);
INSERT INTO conflicts VALUES('Math Education','core requirements',3,1);
INSERT INTO conflicts VALUES('Software Engineering','Application track',7,1);
INSERT INTO conflicts VALUES('Software Engineering','Data science track',7,1);
INSERT INTO conflicts VALUES('Software Engineering','DevOps track',7,1);
INSERT INTO conflicts VALUES('Software Engineering','Entrepreneurial and marketing track',7,1);
INSERT INTO conflicts VALUES('Software Engineering','core requirements',3,1);
INSERT INTO conflicts VALUES('Software Engineering','only need one database class',NULL,0);
INSERT INTO conflicts VALUES('Software Engineering','spread out SE 1400',1,1);
INSERT INTO conflict_courses VALUES('Bioinformatics','core requirements','BIOL 1610');
INSERT INTO conflict_courses VALUES('Bioinformatics','core requirements','BIOL 1615');
INSERT INTO conflict_courses VALUES('Bioinformatics','core requirements','BIOL 1620');
INSERT INTO conflict_courses VALUES('Bioinformatics','core requirements','BIOL 1625');
INSERT INTO conflict_courses VALUES('Bioinformatics','core requirements','BIOL 3010');
INSERT INTO conflict_courses VALUES('Bioinformatics','core requirements','BIOL 3030');
INSERT INTO conflict_courses VALUES('Bioinformatics','core requirements','BIOL 3300');
INSERT INTO conflict_courses VALUES('Bioinformatics','core requirements','BIOL 4010');
INSERT INTO conflict_courses VALUES('Bioinformatics','core requirements','BIOL 4300');
INSERT INTO conflict_courses VALUES('Bioinformatics','core requirements','BIOL 4305');
INSERT INTO conflict_courses VALUES('Bioinformatics','core requirements','BIOL 4310');
INSERT INTO conflict_courses VALUES('Bioinformatics','core requirements','BIOL 4320');
INSERT INTO conflict_courses VALUES('Bioinformatics','core requirements','BIOL 4810R');
INSERT INTO conflict_courses VALUES('Bioinformatics','core requirements','BIOL 4910');
INSERT INTO conflict_courses VALUES('Bioinformatics','core requirements','CHEM 1210');
INSERT INTO conflict_courses VALUES('Bioinformatics','core requirements','CHEM 1215');
INSERT INTO conflict_courses VALUES('Bioinformatics','core requirements','CHEM 1220');
INSERT INTO conflict_courses VALUES('Bioinformatics','core requirements','CHEM 1225');
INSERT INTO conflict_courses VALUES('Bioinformatics','core requirements','CS 1400');
INSERT INTO conflict_courses VALUES('Bioinformatics','core requirements','CS 1410');
INSERT INTO conflict_courses VALUES('Bioinformatics','core requirements','CS 2420');
INSERT INTO conflict_courses VALUES('Bioinformatics','core requirements','CS 2450');
INSERT INTO conflict_courses VALUES('Bioinformatics','core requirements','CS 3310');
INSERT INTO conflict_courses VALUES('Bioinformatics','core requirements','IT 1100');
INSERT INTO conflict_courses VALUES('Bioinformatics','core requirements','IT 2300');
INSERT INTO conflict_courses VALUES('Bioinformatics','core requirements','MATH 1210');
INSERT INTO conflict_courses VALUES('Bioinformatics','core requirements','MATH 3060');
INSERT INTO conflict_courses VALUES('Bioinformatics','pick one tech lab course','BIOL 1610');
INSERT INTO conflict_courses VALUES('Bioinformatics','pick one tech lab course','BIOL 1615');
INSERT INTO conflict_courses VALUES('Bioinformatics','pick one tech lab course','BIOL 1620');
INSERT INTO conflict_courses VALUES('Bioinformatics','pick one tech lab course','BIOL 1625');
INSERT INTO conflict_courses VALUES('Bioinformatics','pick one tech lab course','BIOL 2300');
INSERT INTO conflict_courses VALUES('Bioinformatics','pick one tech lab course','BIOL 3010');
INSERT INTO conflict_courses VALUES('Bioinformatics','pick one tech lab course','BIOL 3030');
INSERT INTO conflict_courses VALUES('Bioinformatics','pick one tech lab course','BIOL 3300');
INSERT INTO conflict_courses VALUES('Bioinformatics','pick one tech lab course','BIOL 4010');
INSERT INTO conflict_courses VALUES('Bioinformatics','pick one tech lab course','BIOL 4300');
INSERT INTO conflict_courses VALUES('Bioinformatics','pick one tech lab course','BIOL 4305');
INSERT INTO conflict_courses VALUES('Bioinformatics','pick one tech lab course','BIOL 4310');
INSERT INTO conflict_courses VALUES('Bioinformatics','pick one tech lab course','BIOL 4320');
INSERT INTO conflict_courses VALUES('Bioinformatics','pick one tech lab course','BIOL 4810R');
INSERT INTO conflict_courses VALUES('Bioinformatics','pick one tech lab course','BIOL 4910');
INSERT INTO conflict_courses VALUES('Bioinformatics','pick one tech lab course','BTEC 2010');
INSERT INTO conflict_courses VALUES('Bioinformatics','pick one tech lab course','BTEC 2020');
INSERT INTO conflict_courses VALUES('Bioinformatics','pick one tech lab course','BTEC 2030');
INSERT INTO conflict_courses VALUES('Bioinformatics','pick one tech lab course','BTEC 2050');
INSERT INTO conflict_courses VALUES('Bioinformatics','pick one tech lab course','CHEM 1210');
INSERT INTO conflict_courses VALUES('Bioinformatics','pick one tech lab course','CHEM 1215');
INSERT INTO conflict_courses VALUES('Bioinformatics','pick one tech lab course','CHEM 1220');
INSERT INTO conflict_courses VALUES('Bioinformatics','pick one tech lab course','CHEM 1225');
INSERT INTO conflict_courses VALUES('Bioinformatics','pick one tech lab course','CS 1400');
INSERT INTO conflict_courses VALUES('Bioinformatics','pick one tech lab course','CS 1410');
INSERT INTO conflict_courses VALUES('Bioinformatics','pick one tech lab course','CS 2420');
INSERT INTO conflict_courses VALUES('Bioinformatics','pick one tech lab course','CS 2450');
INSERT INTO conflict_courses VALUES('Bioinformatics','pick one tech lab course','CS 3310');
INSERT INTO conflict_courses VALUES('Bioinformatics','pick one tech lab course','IT 1100');
INSERT INTO conflict_courses VALUES('Bioinformatics','pick one tech lab course','IT 2300');
INSERT INTO conflict_courses VALUES('Bioinformatics','pick one tech lab course','MATH 1210');
INSERT INTO conflict_courses VALUES('Bioinformatics','pick one tech lab course','MATH 3060');
INSERT INTO conflict_courses VALUES('Bioinformatics','take one technical lab','BIOL 2300');
INSERT INTO conflict_courses VALUES('Bioinformatics','take one technical lab','BTEC 2010');
INSERT INTO conflict_courses VALUES('Bioinformatics','take one technical lab','BTEC 2020');
INSERT INTO conflict_courses VALUES('Bioinformatics','take one technical lab','BTEC 2030');
INSERT INTO conflict_courses VALUES('Bioinformatics','take one technical lab','BTEC 2050');
INSERT INTO conflict_courses VALUES('Biology Biology emphasis','another take one pair','BIOL 3420');
INSERT INTO conflict_courses VALUES('Biology Biology emphasis','another take one pair','BIOL 4500');
INSERT INTO conflict_courses VALUES('Biology Biology emphasis','another take one pair','BIOL 4505');
INSERT INTO conflict_courses VALUES('Biology Biology emphasis','another take one pair','BIOL 4600');
INSERT INTO conflict_courses VALUES('Biology Biology emphasis','another take one pair','BIOL 4605');
INSERT INTO conflict_courses VALUES('Biology Biology emphasis','choices','BIOL 1610');
INSERT INTO conflict_courses VALUES('Biology Biology emphasis','choices','BIOL 1615');
INSERT INTO conflict_courses VALUES('Biology Biology emphasis','choices','BIOL 1620');
INSERT INTO conflict_courses VALUES('Biology Biology emphasis','choices','BIOL 1625');
INSERT INTO conflict_courses VALUES('Biology Biology emphasis','choices','BIOL 2300');
INSERT INTO conflict_courses VALUES('Biology Biology emphasis','choices','BIOL 3010');
INSERT INTO conflict_courses VALUES('Biology Biology emphasis','choices','BIOL 3030');
INSERT INTO conflict_courses VALUES('Biology Biology emphasis','choices','BIOL 3040');
INSERT INTO conflict_courses VALUES('Biology Biology emphasis','choices','BIOL 3045');
INSERT INTO conflict_courses VALUES('Biology Biology emphasis','choices','BIOL 3155');
INSERT INTO conflict_courses VALUES('Biology Biology emphasis','choices','BIOL 3200');
INSERT INTO conflict_courses VALUES('Biology Biology emphasis','choices','BIOL 3205');
INSERT INTO conflict_courses VALUES('Biology Biology emphasis','choices','BIOL 3420');
INSERT INTO conflict_courses VALUES('Biology Biology emphasis','choices','BIOL 3450');
INSERT INTO conflict_courses VALUES('Biology Biology emphasis','choices','BIOL 3455');
INSERT INTO conflict_courses VALUES('Biology Biology emphasis','choices','BIOL 3550');
INSERT INTO conflict_courses VALUES('Biology Biology emphasis','choices','BIOL 3555');
INSERT INTO conflict_courses VALUES('Biology Biology emphasis','choices','BIOL 4260');
INSERT INTO conflict_courses VALUES('Biology Biology emphasis','choices','BIOL 4265');
INSERT INTO conflict_courses VALUES('Biology Biology emphasis','choices','BIOL 4270');
INSERT INTO conflict_courses VALUES('Biology Biology emphasis','choices','BIOL 4275');
INSERT INTO conflict_courses VALUES('Biology Biology emphasis','choices','BIOL 4280');
INSERT INTO conflict_courses VALUES('Biology Biology emphasis','choices','BIOL 4350');
INSERT INTO conflict_courses VALUES('Biology Biology emphasis','choices','BIOL 4355');
INSERT INTO conflict_courses VALUES('Biology Biology emphasis','choices','BIOL 4380');
INSERT INTO conflict_courses VALUES('Biology Biology emphasis','choices','BIOL 4385');
INSERT INTO conflict_courses VALUES('Biology Biology emphasis','choices','BIOL 4411');
INSERT INTO conflict_courses VALUES('Biology Biology emphasis','choices','BIOL 4415');
INSERT INTO conflict_courses VALUES('Biology Biology emphasis','choices','BIOL 4440');
INSERT INTO conflict_courses VALUES('Biology Biology emphasis','choices','BIOL 4500');
INSERT INTO conflict_courses VALUES('Biology Biology emphasis','choices','BIOL 4505');
INSERT INTO conflict_courses VALUES('Biology Biology emphasis','choices','BIOL 4600');
INSERT INTO conflict_courses VALUES('Biology Biology emphasis','choices','BIOL 4605');
INSERT INTO conflict_courses VALUES('Biology Biology emphasis','choices','BIOL 4910');
INSERT INTO conflict_courses VALUES('Biology Biology emphasis','choices','BTEC 2010');
INSERT INTO conflict_courses VALUES('Biology Biology emphasis','choices','BTEC 2020');
INSERT INTO conflict_courses VALUES('Biology Biology emphasis','choices','BTEC 2030');
INSERT INTO conflict_courses VALUES('Biology Biology emphasis','choices','BTEC 2050');
INSERT INTO conflict_courses VALUES('Biology Biology emphasis','choices','CHEM 1210');
INSERT INTO conflict_courses VALUES('Biology Biology emphasis','choices','CHEM 1215');
INSERT INTO conflict_courses VALUES('Biology Biology emphasis','choices','CHEM 1220');
INSERT INTO conflict_courses VALUES('Biology Biology emphasis','choices','CHEM 1225');
INSERT INTO conflict_courses VALUES('Biology Biology emphasis','choices','CHEM 2310');
INSERT INTO conflict_courses VALUES('Biology Biology emphasis','choices','CHEM 2315');
INSERT INTO conflict_courses VALUES('Biology Biology emphasis','choices','CHEM 2320');
INSERT INTO conflict_courses VALUES('Biology Biology emphasis','choices','CHEM 2325');
INSERT INTO conflict_courses VALUES('Biology Biology emphasis','choices','MATH 1210');
INSERT INTO conflict_courses VALUES('Biology Biology emphasis','choices','MATH 3060');
INSERT INTO conflict_courses VALUES('Biology Biology emphasis','choices','PHYS 2010');
INSERT INTO conflict_courses VALUES('Biology Biology emphasis','choices','PHYS 2015');
INSERT INTO conflict_courses VALUES('Biology Biology emphasis','choices','PHYS 2020');
INSERT INTO conflict_courses VALUES('Biology Biology emphasis','choices','PHYS 2025');
INSERT INTO conflict_courses VALUES('Biology Biology emphasis','choices','PHYS 2210');
INSERT INTO conflict_courses VALUES('Biology Biology emphasis','choices','PHYS 2215');
INSERT INTO conflict_courses VALUES('Biology Biology emphasis','choices','PHYS 2220');
INSERT INTO conflict_courses VALUES('Biology Biology emphasis','choices','PHYS 2225');
INSERT INTO conflict_courses VALUES('Biology Biology emphasis','core requirements','BIOL 1610');
INSERT INTO conflict_courses VALUES('Biology Biology emphasis','core requirements','BIOL 1615');
INSERT INTO conflict_courses VALUES('Biology Biology emphasis','core requirements','BIOL 1620');
INSERT INTO conflict_courses VALUES('Biology Biology emphasis','core requirements','BIOL 1625');
INSERT INTO conflict_courses VALUES('Biology Biology emphasis','core requirements','BIOL 3010');
INSERT INTO conflict_courses VALUES('Biology Biology emphasis','core requirements','BIOL 3030');
INSERT INTO conflict_courses VALUES('Biology Biology emphasis','core requirements','BIOL 3040');
INSERT INTO conflict_courses VALUES('Biology Biology emphasis','core requirements','BIOL 3045');
INSERT INTO conflict_courses VALUES('Biology Biology emphasis','core requirements','BIOL 3155');
INSERT INTO conflict_courses VALUES('Biology Biology emphasis','core requirements','BIOL 4910');
INSERT INTO conflict_courses VALUES('Biology Biology emphasis','core requirements','CHEM 1210');
INSERT INTO conflict_courses VALUES('Biology Biology emphasis','core requirements','CHEM 1215');
INSERT INTO conflict_courses VALUES('Biology Biology emphasis','core requirements','CHEM 1220');
INSERT INTO conflict_courses VALUES('Biology Biology emphasis','core requirements','CHEM 1225');
INSERT INTO conflict_courses VALUES('Biology Biology emphasis','core requirements','CHEM 2310');
INSERT INTO conflict_courses VALUES('Biology Biology emphasis','core requirements','CHEM 2315');
INSERT INTO conflict_courses VALUES('Biology Biology emphasis','core requirements','CHEM 2320');
INSERT INTO conflict_courses VALUES('Biology Biology emphasis','core requirements','CHEM 2325');
INSERT INTO conflict_courses VALUES('Biology Biology emphasis','core requirements','MATH 1210');
INSERT INTO conflict_courses VALUES('Biology Biology emphasis','core requirements','MATH 3060');
INSERT INTO conflict_courses VALUES('Biology Biology emphasis','electives','BIOL 1610');
INSERT INTO conflict_courses VALUES('Biology Biology emphasis','electives','BIOL 1615');
INSERT INTO conflict_courses VALUES('Biology Biology emphasis','electives','BIOL 1620');
INSERT INTO conflict_courses VALUES('Biology Biology emphasis','electives','BIOL 1625');
INSERT INTO conflict_courses VALUES('Biology Biology emphasis','electives','BIOL 2300');
INSERT INTO conflict_courses VALUES('Biology Biology emphasis','electives','BIOL 3010');
INSERT INTO conflict_courses VALUES('Biology Biology emphasis','electives','BIOL 3030');
INSERT INTO conflict_courses VALUES('Biology Biology emphasis','electives','BIOL 3040');
INSERT INTO conflict_courses VALUES('Biology Biology emphasis','electives','BIOL 3045');
INSERT INTO conflict_courses VALUES('Biology Biology emphasis','electives','BIOL 3155');
INSERT INTO conflict_courses VALUES('Biology Biology emphasis','electives','BIOL 3200');
INSERT INTO conflict_courses VALUES('Biology Biology emphasis','electives','BIOL 3205');
INSERT INTO conflict_courses VALUES('Biology Biology emphasis','electives','BIOL 3420');
INSERT INTO conflict_courses VALUES('Biology Biology emphasis','electives','BIOL 3450');
INSERT INTO conflict_courses VALUES('Biology Biology emphasis','electives','BIOL 3455');
INSERT INTO conflict_courses VALUES('Biology Biology emphasis','electives','BIOL 3550');
INSERT INTO conflict_courses VALUES('Biology Biology emphasis','electives','BIOL 3555');
INSERT INTO conflict_courses VALUES('Biology Biology emphasis','electives','BIOL 4260');
INSERT INTO conflict_courses VALUES('Biology Biology emphasis','electives','BIOL 4265');
INSERT INTO conflict_courses VALUES('Biology Biology emphasis','electives','BIOL 4270');
INSERT INTO conflict_courses VALUES('Biology Biology emphasis','electives','BIOL 4275');
INSERT INTO conflict_courses VALUES('Biology Biology emphasis','electives','BIOL 4280');
INSERT INTO conflict_courses VALUES('Biology Biology emphasis','electives','BIOL 4350');
INSERT INTO conflict_courses VALUES('Biology Biology emphasis','electives','BIOL 4355');
INSERT INTO conflict_courses VALUES('Biology Biology emphasis','electives','BIOL 4380');
INSERT INTO conflict_courses VALUES('Biology Biology emphasis','electives','BIOL 4385');
INSERT INTO conflict_courses VALUES('Biology Biology emphasis','electives','BIOL 4411');
INSERT INTO conflict_courses VALUES('Biology Biology emphasis','electives','BIOL 4415');
INSERT INTO conflict_courses VALUES('Biology Biology emphasis','electives','BIOL 4440');
INSERT INTO conflict_courses VALUES('Biology Biology emphasis','electives','BIOL 4500');
INSERT INTO conflict_courses VALUES('Biology Biology emphasis','electives','BIOL 4505');
INSERT INTO conflict_courses VALUES('Biology Biology emphasis','electives','BIOL 4600');
INSERT INTO conflict_courses VALUES('Biology Biology emphasis','electives','BIOL 4605');
INSERT INTO conflict_courses VALUES('Biology Biology emphasis','electives','BIOL 4910');
INSERT INTO conflict_courses VALUES('Biology Biology emphasis','electives','BTEC 2010');
INSERT INTO conflict_courses VALUES('Biology Biology emphasis','electives','BTEC 2020');
INSERT INTO conflict_courses VALUES('Biology Biology emphasis','electives','BTEC 2030');
INSERT INTO conflict_courses VALUES('Biology Biology emphasis','electives','BTEC 2050');
INSERT INTO conflict_courses VALUES('Biology Biology emphasis','electives','BTEC 3010');
INSERT INTO conflict_courses VALUES('Biology Biology emphasis','electives','BTEC 3020');
INSERT INTO conflict_courses VALUES('Biology Biology emphasis','electives','BTEC 3040');
INSERT INTO conflict_courses VALUES('Biology Biology emphasis','electives','BTEC 3050');
INSERT INTO conflict_courses VALUES('Biology Biology emphasis','electives','BTEC 4020');
INSERT INTO conflict_courses VALUES('Biology Biology emphasis','electives','BTEC 4040');
INSERT INTO conflict_courses VALUES('Biology Biology emphasis','electives','BTEC 4050');
INSERT INTO conflict_courses VALUES('Biology Biology emphasis','electives','BTEC 4060');
INSERT INTO conflict_courses VALUES('Biology Biology emphasis','electives','CHEM 1210');
INSERT INTO conflict_courses VALUES('Biology Biology emphasis','electives','CHEM 1215');
INSERT INTO conflict_courses VALUES('Biology Biology emphasis','electives','CHEM 1220');
INSERT INTO conflict_courses VALUES('Biology Biology emphasis','electives','CHEM 1225');
INSERT INTO conflict_courses VALUES('Biology Biology emphasis','electives','CHEM 2310');
INSERT INTO conflict_courses VALUES('Biology Biology emphasis','electives','CHEM 2315');
INSERT INTO conflict_courses VALUES('Biology Biology emphasis','electives','CHEM 2320');
INSERT INTO conflict_courses VALUES('Biology Biology emphasis','electives','CHEM 2325');
INSERT INTO conflict_courses VALUES('Biology Biology emphasis','electives','CHEM 3510');
INSERT INTO conflict_courses VALUES('Biology Biology emphasis','electives','CHEM 3515');
INSERT INTO conflict_courses VALUES('Biology Biology emphasis','electives','CHEM 3520');
INSERT INTO conflict_courses VALUES('Biology Biology emphasis','electives','CHEM 3525');
INSERT INTO conflict_courses VALUES('Biology Biology emphasis','electives','MATH 1210');
INSERT INTO conflict_courses VALUES('Biology Biology emphasis','electives','MATH 3060');
INSERT INTO conflict_courses VALUES('Biology Biology emphasis','electives','PHYS 2010');
INSERT INTO conflict_courses VALUES('Biology Biology emphasis','electives','PHYS 2015');
INSERT INTO conflict_courses VALUES('Biology Biology emphasis','electives','PHYS 2020');
INSERT INTO conflict_courses VALUES('Biology Biology emphasis','electives','PHYS 2025');
INSERT INTO conflict_courses VALUES('Biology Biology emphasis','electives','PHYS 2210');
INSERT INTO conflict_courses VALUES('Biology Biology emphasis','electives','PHYS 2215');
INSERT INTO conflict_courses VALUES('Biology Biology emphasis','electives','PHYS 2220');
INSERT INTO conflict_courses VALUES('Biology Biology emphasis','electives','PHYS 2225');
INSERT INTO conflict_courses VALUES('Biology Biology emphasis','only need one set','BIOL 3200');
INSERT INTO conflict_courses VALUES('Biology Biology emphasis','only need one set','BIOL 3205');
INSERT INTO conflict_courses VALUES('Biology Biology emphasis','only need one set','BIOL 4260');
INSERT INTO conflict_courses VALUES('Biology Biology emphasis','only need one set','BIOL 4265');
INSERT INTO conflict_courses VALUES('Biology Biology emphasis','only need one set','BIOL 4270');
INSERT INTO conflict_courses VALUES('Biology Biology emphasis','only need one set','BIOL 4275');
INSERT INTO conflict_courses VALUES('Biology Biology emphasis','only need one set','BIOL 4280');
INSERT INTO conflict_courses VALUES('Biology Biology emphasis','only need one set','BIOL 4350');
INSERT INTO conflict_courses VALUES('Biology Biology emphasis','only need one set','BIOL 4355');
INSERT INTO conflict_courses VALUES('Biology Biology emphasis','only need one set','BIOL 4380');
INSERT INTO conflict_courses VALUES('Biology Biology emphasis','only need one set','BIOL 4385');
INSERT INTO conflict_courses VALUES('Biology Biology emphasis','only need one set','BIOL 4411');
INSERT INTO conflict_courses VALUES('Biology Biology emphasis','only need one set','BIOL 4415');
INSERT INTO conflict_courses VALUES('Biology Biology emphasis','only need one set','BIOL 4440');
INSERT INTO conflict_courses VALUES('Biology Biology emphasis','take one pair','BIOL 3450');
INSERT INTO conflict_courses VALUES('Biology Biology emphasis','take one pair','BIOL 3455');
INSERT INTO conflict_courses VALUES('Biology Biology emphasis','take one pair','BIOL 3550');
INSERT INTO conflict_courses VALUES('Biology Biology emphasis','take one pair','BIOL 3555');
INSERT INTO conflict_courses VALUES('Biology Biology emphasis','take one set','PHYS 2010');
INSERT INTO conflict_courses VALUES('Biology Biology emphasis','take one set','PHYS 2015');
INSERT INTO conflict_courses VALUES('Biology Biology emphasis','take one set','PHYS 2020');
INSERT INTO conflict_courses VALUES('Biology Biology emphasis','take one set','PHYS 2025');
INSERT INTO conflict_courses VALUES('Biology Biology emphasis','take one set','PHYS 2210');
INSERT INTO conflict_courses VALUES('Biology Biology emphasis','take one set','PHYS 2215');
INSERT INTO conflict_courses VALUES('Biology Biology emphasis','take one set','PHYS 2220');
INSERT INTO conflict_courses VALUES('Biology Biology emphasis','take one set','PHYS 2225');
INSERT INTO conflict_courses VALUES('Biology Biology emphasis','take one technical lab','BIOL 2300');
INSERT INTO conflict_courses VALUES('Biology Biology emphasis','take one technical lab','BTEC 2010');
INSERT INTO conflict_courses VALUES('Biology Biology emphasis','take one technical lab','BTEC 2020');
INSERT INTO conflict_courses VALUES('Biology Biology emphasis','take one technical lab','BTEC 2030');
INSERT INTO conflict_courses VALUES('Biology Biology emphasis','take one technical lab','BTEC 2050');
INSERT INTO conflict_courses VALUES('Biology Biology emphasis','yet another take a pair','BIOL 3200');
INSERT INTO conflict_courses VALUES('Biology Biology emphasis','yet another take a pair','BIOL 3205');
INSERT INTO conflict_courses VALUES('Biology Biology emphasis','yet another take a pair','BIOL 4260');
INSERT INTO conflict_courses VALUES('Biology Biology emphasis','yet another take a pair','BIOL 4265');
INSERT INTO conflict_courses VALUES('Biology Biology emphasis','yet another take a pair','BIOL 4270');
INSERT INTO conflict_courses VALUES('Biology Biology emphasis','yet another take a pair','BIOL 4275');
INSERT INTO conflict_courses VALUES('Biology Biology emphasis','yet another take a pair','BIOL 4280');
INSERT INTO conflict_courses VALUES('Biology Biology emphasis','yet another take a pair','BIOL 4350');
INSERT INTO conflict_courses VALUES('Biology Biology emphasis','yet another take a pair','BIOL 4355');
INSERT INTO conflict_courses VALUES('Biology Biology emphasis','yet another take a pair','BIOL 4380');
INSERT INTO conflict_courses VALUES('Biology Biology emphasis','yet another take a pair','BIOL 4385');
INSERT INTO conflict_courses VALUES('Biology Biology emphasis','yet another take a pair','BIOL 4411');
INSERT INTO conflict_courses VALUES('Biology Biology emphasis','yet another take a pair','BIOL 4415');
INSERT INTO conflict_courses VALUES('Biology Biology emphasis','yet another take a pair','BIOL 4440');
INSERT INTO conflict_courses VALUES('Biology Biomed emphasis','core requirements','BIOL 1610');
INSERT INTO conflict_courses VALUES('Biology Biomed emphasis','core requirements','BIOL 1615');
INSERT INTO conflict_courses VALUES('Biology Biomed emphasis','core requirements','BIOL 1620');
INSERT INTO conflict_courses VALUES('Biology Biomed emphasis','core requirements','BIOL 1625');
INSERT INTO conflict_courses VALUES('Biology Biomed emphasis','core requirements','BIOL 2300');
INSERT INTO conflict_courses VALUES('Biology Biomed emphasis','core requirements','BIOL 2320');
INSERT INTO conflict_courses VALUES('Biology Biomed emphasis','core requirements','BIOL 2325');
INSERT INTO conflict_courses VALUES('Biology Biomed emphasis','core requirements','BIOL 3010');
INSERT INTO conflict_courses VALUES('Biology Biomed emphasis','core requirements','BIOL 3030');
INSERT INTO conflict_courses VALUES('Biology Biomed emphasis','core requirements','BIOL 3040');
INSERT INTO conflict_courses VALUES('Biology Biomed emphasis','core requirements','BIOL 3155');
INSERT INTO conflict_courses VALUES('Biology Biomed emphasis','core requirements','BIOL 3420');
INSERT INTO conflict_courses VALUES('Biology Biomed emphasis','core requirements','BIOL 3450');
INSERT INTO conflict_courses VALUES('Biology Biomed emphasis','core requirements','BIOL 3455');
INSERT INTO conflict_courses VALUES('Biology Biomed emphasis','core requirements','BIOL 3550');
INSERT INTO conflict_courses VALUES('Biology Biomed emphasis','core requirements','BIOL 3555');
INSERT INTO conflict_courses VALUES('Biology Biomed emphasis','core requirements','BIOL 4910');
INSERT INTO conflict_courses VALUES('Biology Biomed emphasis','core requirements','BTEC 2010');
INSERT INTO conflict_courses VALUES('Biology Biomed emphasis','core requirements','BTEC 2020');
INSERT INTO conflict_courses VALUES('Biology Biomed emphasis','core requirements','BTEC 2030');
INSERT INTO conflict_courses VALUES('Biology Biomed emphasis','core requirements','BTEC 2050');
INSERT INTO conflict_courses VALUES('Biology Biomed emphasis','core requirements','CHEM 1210');
INSERT INTO conflict_courses VALUES('Biology Biomed emphasis','core requirements','CHEM 1215');
INSERT INTO conflict_courses VALUES('Biology Biomed emphasis','core requirements','CHEM 1220');
INSERT INTO conflict_courses VALUES('Biology Biomed emphasis','core requirements','CHEM 1225');
INSERT INTO conflict_courses VALUES('Biology Biomed emphasis','core requirements','CHEM 2310');
INSERT INTO conflict_courses VALUES('Biology Biomed emphasis','core requirements','CHEM 2315');
INSERT INTO conflict_courses VALUES('Biology Biomed emphasis','core requirements','CHEM 2320');
INSERT INTO conflict_courses VALUES('Biology Biomed emphasis','core requirements','CHEM 2325');
INSERT INTO conflict_courses VALUES('Biology Biomed emphasis','core requirements','CHEM 3510');
INSERT INTO conflict_courses VALUES('Biology Biomed emphasis','core requirements','CHEM 3515');
INSERT INTO conflict_courses VALUES('Biology Biomed emphasis','core requirements','MATH 3060');
INSERT INTO conflict_courses VALUES('Biology Biomed emphasis','core requirements','PHYS 2010');
INSERT INTO conflict_courses VALUES('Biology Biomed emphasis','core requirements','PHYS 2015');
INSERT INTO conflict_courses VALUES('Biology Biomed emphasis','core requirements','PHYS 2020');
INSERT INTO conflict_courses VALUES('Biology Biomed emphasis','core requirements','PHYS 2025');
INSERT INTO conflict_courses VALUES('Biology Biomed emphasis','core requirements','PHYS 2210');
INSERT INTO conflict_courses VALUES('Biology Biomed emphasis','core requirements','PHYS 2215');
INSERT INTO conflict_courses VALUES('Biology Biomed emphasis','core requirements','PHYS 2220');
INSERT INTO conflict_courses VALUES('Biology Biomed emphasis','core requirements','PHYS 2225');
INSERT INTO conflict_courses VALUES('Biology Biomed emphasis','electives','BIOL 1610');
INSERT INTO conflict_courses VALUES('Biology Biomed emphasis','electives','BIOL 1615');
INSERT INTO conflict_courses VALUES('Biology Biomed emphasis','electives','BIOL 1620');
INSERT INTO conflict_courses VALUES('Biology Biomed emphasis','electives','BIOL 1625');
INSERT INTO conflict_courses VALUES('Biology Biomed emphasis','electives','BIOL 2300');
INSERT INTO conflict_courses VALUES('Biology Biomed emphasis','electives','BIOL 2320');
INSERT INTO conflict_courses VALUES('Biology Biomed emphasis','electives','BIOL 2325');
INSERT INTO conflict_courses VALUES('Biology Biomed emphasis','electives','BIOL 3000R');
INSERT INTO conflict_courses VALUES('Biology Biomed emphasis','electives','BIOL 3010');
INSERT INTO conflict_courses VALUES('Biology Biomed emphasis','electives','BIOL 3030');
INSERT INTO conflict_courses VALUES('Biology Biomed emphasis','electives','BIOL 3040');
INSERT INTO conflict_courses VALUES('Biology Biomed emphasis','electives','BIOL 3100');
INSERT INTO conflict_courses VALUES('Biology Biomed emphasis','electives','BIOL 3110');
INSERT INTO conflict_courses VALUES('Biology Biomed emphasis','electives','BIOL 3120');
INSERT INTO conflict_courses VALUES('Biology Biomed emphasis','electives','BIOL 3140');
INSERT INTO conflict_courses VALUES('Biology Biomed emphasis','electives','BIOL 3145');
INSERT INTO conflict_courses VALUES('Biology Biomed emphasis','electives','BIOL 3155');
INSERT INTO conflict_courses VALUES('Biology Biomed emphasis','electives','BIOL 3230R');
INSERT INTO conflict_courses VALUES('Biology Biomed emphasis','electives','BIOL 3250');
INSERT INTO conflict_courses VALUES('Biology Biomed emphasis','electives','BIOL 3360');
INSERT INTO conflict_courses VALUES('Biology Biomed emphasis','electives','BIOL 3420');
INSERT INTO conflict_courses VALUES('Biology Biomed emphasis','electives','BIOL 3450');
INSERT INTO conflict_courses VALUES('Biology Biomed emphasis','electives','BIOL 3455');
INSERT INTO conflict_courses VALUES('Biology Biomed emphasis','electives','BIOL 3460');
INSERT INTO conflict_courses VALUES('Biology Biomed emphasis','electives','BIOL 3470');
INSERT INTO conflict_courses VALUES('Biology Biomed emphasis','electives','BIOL 3550');
INSERT INTO conflict_courses VALUES('Biology Biomed emphasis','electives','BIOL 3555');
INSERT INTO conflict_courses VALUES('Biology Biomed emphasis','electives','BIOL 4300');
INSERT INTO conflict_courses VALUES('Biology Biomed emphasis','electives','BIOL 4305');
INSERT INTO conflict_courses VALUES('Biology Biomed emphasis','electives','BIOL 4440');
INSERT INTO conflict_courses VALUES('Biology Biomed emphasis','electives','BIOL 4910');
INSERT INTO conflict_courses VALUES('Biology Biomed emphasis','electives','BIOL 4930R');
INSERT INTO conflict_courses VALUES('Biology Biomed emphasis','electives','BTEC 2010');
INSERT INTO conflict_courses VALUES('Biology Biomed emphasis','electives','BTEC 2020');
INSERT INTO conflict_courses VALUES('Biology Biomed emphasis','electives','BTEC 2030');
INSERT INTO conflict_courses VALUES('Biology Biomed emphasis','electives','BTEC 2050');
INSERT INTO conflict_courses VALUES('Biology Biomed emphasis','electives','CHEM 1210');
INSERT INTO conflict_courses VALUES('Biology Biomed emphasis','electives','CHEM 1215');
INSERT INTO conflict_courses VALUES('Biology Biomed emphasis','electives','CHEM 1220');
INSERT INTO conflict_courses VALUES('Biology Biomed emphasis','electives','CHEM 1225');
INSERT INTO conflict_courses VALUES('Biology Biomed emphasis','electives','CHEM 2310');
INSERT INTO conflict_courses VALUES('Biology Biomed emphasis','electives','CHEM 2315');
INSERT INTO conflict_courses VALUES('Biology Biomed emphasis','electives','CHEM 2320');
INSERT INTO conflict_courses VALUES('Biology Biomed emphasis','electives','CHEM 2325');
INSERT INTO conflict_courses VALUES('Biology Biomed emphasis','electives','CHEM 3510');
INSERT INTO conflict_courses VALUES('Biology Biomed emphasis','electives','CHEM 3515');
INSERT INTO conflict_courses VALUES('Biology Biomed emphasis','electives','CHEM 3520');
INSERT INTO conflict_courses VALUES('Biology Biomed emphasis','electives','CHEM 3525');
INSERT INTO conflict_courses VALUES('Biology Biomed emphasis','electives','MATH 1210');
INSERT INTO conflict_courses VALUES('Biology Biomed emphasis','electives','MATH 3060');
INSERT INTO conflict_courses VALUES('Biology Biomed emphasis','electives','PHYS 2010');
INSERT INTO conflict_courses VALUES('Biology Biomed emphasis','electives','PHYS 2015');
INSERT INTO conflict_courses VALUES('Biology Biomed emphasis','electives','PHYS 2020');
INSERT INTO conflict_courses VALUES('Biology Biomed emphasis','electives','PHYS 2025');
INSERT INTO conflict_courses VALUES('Biology Biomed emphasis','electives','PHYS 2210');
INSERT INTO conflict_courses VALUES('Biology Biomed emphasis','electives','PHYS 2215');
INSERT INTO conflict_courses VALUES('Biology Biomed emphasis','electives','PHYS 2220');
INSERT INTO conflict_courses VALUES('Biology Biomed emphasis','electives','PHYS 2225');
INSERT INTO conflict_courses VALUES('Biology Biomed emphasis','take one pair','BIOL 3450');
INSERT INTO conflict_courses VALUES('Biology Biomed emphasis','take one pair','BIOL 3455');
INSERT INTO conflict_courses VALUES('Biology Biomed emphasis','take one pair','BIOL 3550');
INSERT INTO conflict_courses VALUES('Biology Biomed emphasis','take one pair','BIOL 3555');
INSERT INTO conflict_courses VALUES('Biology Biomed emphasis','take one set','PHYS 2010');
INSERT INTO conflict_courses VALUES('Biology Biomed emphasis','take one set','PHYS 2015');
INSERT INTO conflict_courses VALUES('Biology Biomed emphasis','take one set','PHYS 2020');
INSERT INTO conflict_courses VALUES('Biology Biomed emphasis','take one set','PHYS 2025');
INSERT INTO conflict_courses VALUES('Biology Biomed emphasis','take one set','PHYS 2210');
INSERT INTO conflict_courses VALUES('Biology Biomed emphasis','take one set','PHYS 2215');
INSERT INTO conflict_courses VALUES('Biology Biomed emphasis','take one set','PHYS 2220');
INSERT INTO conflict_courses VALUES('Biology Biomed emphasis','take one set','PHYS 2225');
INSERT INTO conflict_courses VALUES('Biology Biomed emphasis','take one technical lab','BIOL 2300');
INSERT INTO conflict_courses VALUES('Biology Biomed emphasis','take one technical lab','BTEC 2010');
INSERT INTO conflict_courses VALUES('Biology Biomed emphasis','take one technical lab','BTEC 2020');
INSERT INTO conflict_courses VALUES('Biology Biomed emphasis','take one technical lab','BTEC 2030');
INSERT INTO conflict_courses VALUES('Biology Biomed emphasis','take one technical lab','BTEC 2050');
INSERT INTO conflict_courses VALUES('Biology Education emphasis','another choice','BIOL 2420');
INSERT INTO conflict_courses VALUES('Biology Education emphasis','another choice','BIOL 2425');
INSERT INTO conflict_courses VALUES('Biology Education emphasis','another choice','BIOL 4500');
INSERT INTO conflict_courses VALUES('Biology Education emphasis','another choice','BIOL 4505');
INSERT INTO conflict_courses VALUES('Biology Education emphasis','choose one set','BIOL 2320');
INSERT INTO conflict_courses VALUES('Biology Education emphasis','choose one set','BIOL 2325');
INSERT INTO conflict_courses VALUES('Biology Education emphasis','choose one set','BIOL 3140');
INSERT INTO conflict_courses VALUES('Biology Education emphasis','choose one set','BIOL 3145');
INSERT INTO conflict_courses VALUES('Biology Education emphasis','core requirements','BIOL 1610');
INSERT INTO conflict_courses VALUES('Biology Education emphasis','core requirements','BIOL 1615');
INSERT INTO conflict_courses VALUES('Biology Education emphasis','core requirements','BIOL 1620');
INSERT INTO conflict_courses VALUES('Biology Education emphasis','core requirements','BIOL 1625');
INSERT INTO conflict_courses VALUES('Biology Education emphasis','core requirements','BIOL 2060');
INSERT INTO conflict_courses VALUES('Biology Education emphasis','core requirements','BIOL 2065');
INSERT INTO conflict_courses VALUES('Biology Education emphasis','core requirements','BIOL 2320');
INSERT INTO conflict_courses VALUES('Biology Education emphasis','core requirements','BIOL 2325');
INSERT INTO conflict_courses VALUES('Biology Education emphasis','core requirements','BIOL 2400');
INSERT INTO conflict_courses VALUES('Biology Education emphasis','core requirements','BIOL 2405');
INSERT INTO conflict_courses VALUES('Biology Education emphasis','core requirements','BIOL 2420');
INSERT INTO conflict_courses VALUES('Biology Education emphasis','core requirements','BIOL 2425');
INSERT INTO conflict_courses VALUES('Biology Education emphasis','core requirements','BIOL 3010');
INSERT INTO conflict_courses VALUES('Biology Education emphasis','core requirements','BIOL 3030');
INSERT INTO conflict_courses VALUES('Biology Education emphasis','core requirements','BIOL 3040');
INSERT INTO conflict_courses VALUES('Biology Education emphasis','core requirements','BIOL 3045');
INSERT INTO conflict_courses VALUES('Biology Education emphasis','core requirements','BIOL 3140');
INSERT INTO conflict_courses VALUES('Biology Education emphasis','core requirements','BIOL 3145');
INSERT INTO conflict_courses VALUES('Biology Education emphasis','core requirements','BIOL 3200');
INSERT INTO conflict_courses VALUES('Biology Education emphasis','core requirements','BIOL 3205');
INSERT INTO conflict_courses VALUES('Biology Education emphasis','core requirements','BIOL 3450');
INSERT INTO conflict_courses VALUES('Biology Education emphasis','core requirements','BIOL 3455');
INSERT INTO conflict_courses VALUES('Biology Education emphasis','core requirements','BIOL 3550');
INSERT INTO conflict_courses VALUES('Biology Education emphasis','core requirements','BIOL 3555');
INSERT INTO conflict_courses VALUES('Biology Education emphasis','core requirements','BIOL 4260');
INSERT INTO conflict_courses VALUES('Biology Education emphasis','core requirements','BIOL 4265');
INSERT INTO conflict_courses VALUES('Biology Education emphasis','core requirements','BIOL 4270');
INSERT INTO conflict_courses VALUES('Biology Education emphasis','core requirements','BIOL 4275');
INSERT INTO conflict_courses VALUES('Biology Education emphasis','core requirements','BIOL 4350');
INSERT INTO conflict_courses VALUES('Biology Education emphasis','core requirements','BIOL 4355');
INSERT INTO conflict_courses VALUES('Biology Education emphasis','core requirements','BIOL 4380');
INSERT INTO conflict_courses VALUES('Biology Education emphasis','core requirements','BIOL 4385');
INSERT INTO conflict_courses VALUES('Biology Education emphasis','core requirements','BIOL 4411');
INSERT INTO conflict_courses VALUES('Biology Education emphasis','core requirements','BIOL 4415');
INSERT INTO conflict_courses VALUES('Biology Education emphasis','core requirements','BIOL 4440');
INSERT INTO conflict_courses VALUES('Biology Education emphasis','core requirements','BIOL 4500');
INSERT INTO conflict_courses VALUES('Biology Education emphasis','core requirements','BIOL 4505');
INSERT INTO conflict_courses VALUES('Biology Education emphasis','core requirements','CHEM 1210');
INSERT INTO conflict_courses VALUES('Biology Education emphasis','core requirements','CHEM 1215');
INSERT INTO conflict_courses VALUES('Biology Education emphasis','core requirements','CHEM 1220');
INSERT INTO conflict_courses VALUES('Biology Education emphasis','core requirements','CHEM 1225');
INSERT INTO conflict_courses VALUES('Biology Education emphasis','core requirements','MATH 1050');
INSERT INTO conflict_courses VALUES('Biology Education emphasis','core requirements','SCI 2600');
INSERT INTO conflict_courses VALUES('Biology Education emphasis','core requirements','SCI 4700');
INSERT INTO conflict_courses VALUES('Biology Education emphasis','final choice','BIOL 2060');
INSERT INTO conflict_courses VALUES('Biology Education emphasis','final choice','BIOL 2065');
INSERT INTO conflict_courses VALUES('Biology Education emphasis','final choice','BIOL 3450');
INSERT INTO conflict_courses VALUES('Biology Education emphasis','final choice','BIOL 3455');
INSERT INTO conflict_courses VALUES('Biology Education emphasis','final choice','BIOL 3550');
INSERT INTO conflict_courses VALUES('Biology Education emphasis','final choice','BIOL 3555');
INSERT INTO conflict_courses VALUES('Biology Education emphasis','only need one set','BIOL 3200');
INSERT INTO conflict_courses VALUES('Biology Education emphasis','only need one set','BIOL 3205');
INSERT INTO conflict_courses VALUES('Biology Education emphasis','only need one set','BIOL 4260');
INSERT INTO conflict_courses VALUES('Biology Education emphasis','only need one set','BIOL 4265');
INSERT INTO conflict_courses VALUES('Biology Education emphasis','only need one set','BIOL 4270');
INSERT INTO conflict_courses VALUES('Biology Education emphasis','only need one set','BIOL 4275');
INSERT INTO conflict_courses VALUES('Biology Education emphasis','only need one set','BIOL 4280');
INSERT INTO conflict_courses VALUES('Biology Education emphasis','only need one set','BIOL 4350');
INSERT INTO conflict_courses VALUES('Biology Education emphasis','only need one set','BIOL 4355');
INSERT INTO conflict_courses VALUES('Biology Education emphasis','only need one set','BIOL 4380');
INSERT INTO conflict_courses VALUES('Biology Education emphasis','only need one set','BIOL 4385');
INSERT INTO conflict_courses VALUES('Biology Education emphasis','only need one set','BIOL 4411');
INSERT INTO conflict_courses VALUES('Biology Education emphasis','only need one set','BIOL 4415');
INSERT INTO conflict_courses VALUES('Biology Education emphasis','only need one set','BIOL 4440');
INSERT INTO conflict_courses VALUES('Biology Education emphasis','take one pair','BIOL 3450');
INSERT INTO conflict_courses VALUES('Biology Education emphasis','take one pair','BIOL 3455');
INSERT INTO conflict_courses VALUES('Biology Education emphasis','take one pair','BIOL 3550');
INSERT INTO conflict_courses VALUES('Biology Education emphasis','take one pair','BIOL 3555');
INSERT INTO conflict_courses VALUES('Biology Education emphasis','yet another take a pair','BIOL 3200');
INSERT INTO conflict_courses VALUES('Biology Education emphasis','yet another take a pair','BIOL 3205');
INSERT INTO conflict_courses VALUES('Biology Education emphasis','yet another take a pair','BIOL 4260');
INSERT INTO conflict_courses VALUES('Biology Education emphasis','yet another take a pair','BIOL 4265');
INSERT INTO conflict_courses VALUES('Biology Education emphasis','yet another take a pair','BIOL 4270');
INSERT INTO conflict_courses VALUES('Biology Education emphasis','yet another take a pair','BIOL 4275');
INSERT INTO conflict_courses VALUES('Biology Education emphasis','yet another take a pair','BIOL 4280');
INSERT INTO conflict_courses VALUES('Biology Education emphasis','yet another take a pair','BIOL 4350');
INSERT INTO conflict_courses VALUES('Biology Education emphasis','yet another take a pair','BIOL 4355');
INSERT INTO conflict_courses VALUES('Biology Education emphasis','yet another take a pair','BIOL 4380');
INSERT INTO conflict_courses VALUES('Biology Education emphasis','yet another take a pair','BIOL 4385');
INSERT INTO conflict_courses VALUES('Biology Education emphasis','yet another take a pair','BIOL 4411');
INSERT INTO conflict_courses VALUES('Biology Education emphasis','yet another take a pair','BIOL 4415');
INSERT INTO conflict_courses VALUES('Biology Education emphasis','yet another take a pair','BIOL 4440');
INSERT INTO conflict_courses VALUES('Biology Integrated Education Sciences','another choice','BIOL 2420');
INSERT INTO conflict_courses VALUES('Biology Integrated Education Sciences','another choice','BIOL 2425');
INSERT INTO conflict_courses VALUES('Biology Integrated Education Sciences','another choice','BIOL 4500');
INSERT INTO conflict_courses VALUES('Biology Integrated Education Sciences','another choice','BIOL 4505');
INSERT INTO conflict_courses VALUES('Biology Integrated Education Sciences','choose one set','BIOL 2320');
INSERT INTO conflict_courses VALUES('Biology Integrated Education Sciences','choose one set','BIOL 2325');
INSERT INTO conflict_courses VALUES('Biology Integrated Education Sciences','choose one set','BIOL 3140');
INSERT INTO conflict_courses VALUES('Biology Integrated Education Sciences','choose one set','BIOL 3145');
INSERT INTO conflict_courses VALUES('Biology Integrated Education Sciences','core requirements','BIOL 1610');
INSERT INTO conflict_courses VALUES('Biology Integrated Education Sciences','core requirements','BIOL 1615');
INSERT INTO conflict_courses VALUES('Biology Integrated Education Sciences','core requirements','BIOL 1620');
INSERT INTO conflict_courses VALUES('Biology Integrated Education Sciences','core requirements','BIOL 1625');
INSERT INTO conflict_courses VALUES('Biology Integrated Education Sciences','core requirements','BIOL 2060');
INSERT INTO conflict_courses VALUES('Biology Integrated Education Sciences','core requirements','BIOL 2065');
INSERT INTO conflict_courses VALUES('Biology Integrated Education Sciences','core requirements','BIOL 2320');
INSERT INTO conflict_courses VALUES('Biology Integrated Education Sciences','core requirements','BIOL 2325');
INSERT INTO conflict_courses VALUES('Biology Integrated Education Sciences','core requirements','BIOL 2400');
INSERT INTO conflict_courses VALUES('Biology Integrated Education Sciences','core requirements','BIOL 2405');
INSERT INTO conflict_courses VALUES('Biology Integrated Education Sciences','core requirements','BIOL 2420');
INSERT INTO conflict_courses VALUES('Biology Integrated Education Sciences','core requirements','BIOL 2425');
INSERT INTO conflict_courses VALUES('Biology Integrated Education Sciences','core requirements','BIOL 3010');
INSERT INTO conflict_courses VALUES('Biology Integrated Education Sciences','core requirements','BIOL 3030');
INSERT INTO conflict_courses VALUES('Biology Integrated Education Sciences','core requirements','BIOL 3040');
INSERT INTO conflict_courses VALUES('Biology Integrated Education Sciences','core requirements','BIOL 3045');
INSERT INTO conflict_courses VALUES('Biology Integrated Education Sciences','core requirements','BIOL 3140');
INSERT INTO conflict_courses VALUES('Biology Integrated Education Sciences','core requirements','BIOL 3145');
INSERT INTO conflict_courses VALUES('Biology Integrated Education Sciences','core requirements','BIOL 3200');
INSERT INTO conflict_courses VALUES('Biology Integrated Education Sciences','core requirements','BIOL 3205');
INSERT INTO conflict_courses VALUES('Biology Integrated Education Sciences','core requirements','BIOL 3450');
INSERT INTO conflict_courses VALUES('Biology Integrated Education Sciences','core requirements','BIOL 3455');
INSERT INTO conflict_courses VALUES('Biology Integrated Education Sciences','core requirements','BIOL 3550');
INSERT INTO conflict_courses VALUES('Biology Integrated Education Sciences','core requirements','BIOL 3555');
INSERT INTO conflict_courses VALUES('Biology Integrated Education Sciences','core requirements','BIOL 4260');
INSERT INTO conflict_courses VALUES('Biology Integrated Education Sciences','core requirements','BIOL 4265');
INSERT INTO conflict_courses VALUES('Biology Integrated Education Sciences','core requirements','BIOL 4270');
INSERT INTO conflict_courses VALUES('Biology Integrated Education Sciences','core requirements','BIOL 4275');
INSERT INTO conflict_courses VALUES('Biology Integrated Education Sciences','core requirements','BIOL 4350');
INSERT INTO conflict_courses VALUES('Biology Integrated Education Sciences','core requirements','BIOL 4355');
INSERT INTO conflict_courses VALUES('Biology Integrated Education Sciences','core requirements','BIOL 4380');
INSERT INTO conflict_courses VALUES('Biology Integrated Education Sciences','core requirements','BIOL 4385');
INSERT INTO conflict_courses VALUES('Biology Integrated Education Sciences','core requirements','BIOL 4411');
INSERT INTO conflict_courses VALUES('Biology Integrated Education Sciences','core requirements','BIOL 4415');
INSERT INTO conflict_courses VALUES('Biology Integrated Education Sciences','core requirements','BIOL 4440');
INSERT INTO conflict_courses VALUES('Biology Integrated Education Sciences','core requirements','BIOL 4500');
INSERT INTO conflict_courses VALUES('Biology Integrated Education Sciences','core requirements','BIOL 4505');
INSERT INTO conflict_courses VALUES('Biology Integrated Education Sciences','core requirements','CHEM 1210');
INSERT INTO conflict_courses VALUES('Biology Integrated Education Sciences','core requirements','CHEM 1215');
INSERT INTO conflict_courses VALUES('Biology Integrated Education Sciences','core requirements','CHEM 1220');
INSERT INTO conflict_courses VALUES('Biology Integrated Education Sciences','core requirements','CHEM 1225');
INSERT INTO conflict_courses VALUES('Biology Integrated Education Sciences','core requirements','GEO 1110');
INSERT INTO conflict_courses VALUES('Biology Integrated Education Sciences','core requirements','GEO 1115');
INSERT INTO conflict_courses VALUES('Biology Integrated Education Sciences','core requirements','MATH 1050');
INSERT INTO conflict_courses VALUES('Biology Integrated Education Sciences','core requirements','MATH 1060');
INSERT INTO conflict_courses VALUES('Biology Integrated Education Sciences','core requirements','MATH 1080');
INSERT INTO conflict_courses VALUES('Biology Integrated Education Sciences','core requirements','PHYS 1040');
INSERT INTO conflict_courses VALUES('Biology Integrated Education Sciences','core requirements','PHYS 1045');
INSERT INTO conflict_courses VALUES('Biology Integrated Education Sciences','core requirements','PHYS 2010');
INSERT INTO conflict_courses VALUES('Biology Integrated Education Sciences','core requirements','PHYS 2015');
INSERT INTO conflict_courses VALUES('Biology Integrated Education Sciences','core requirements','SCI 2600');
INSERT INTO conflict_courses VALUES('Biology Integrated Education Sciences','core requirements','SCI 4700');
INSERT INTO conflict_courses VALUES('Biology Integrated Education Sciences','final choice','BIOL 2060');
INSERT INTO conflict_courses VALUES('Biology Integrated Education Sciences','final choice','BIOL 2065');
INSERT INTO conflict_courses VALUES('Biology Integrated Education Sciences','final choice','BIOL 3450');
INSERT INTO conflict_courses VALUES('Biology Integrated Education Sciences','final choice','BIOL 3455');
INSERT INTO conflict_courses VALUES('Biology Integrated Education Sciences','final choice','BIOL 3550');
INSERT INTO conflict_courses VALUES('Biology Integrated Education Sciences','final choice','BIOL 3555');
INSERT INTO conflict_courses VALUES('Biology Integrated Education Sciences','math 1050 or 1080','MATH 1050');
INSERT INTO conflict_courses VALUES('Biology Integrated Education Sciences','math 1050 or 1080','MATH 1080');
INSERT INTO conflict_courses VALUES('Biology Integrated Education Sciences','math 1060 or 1080','MATH 1060');
INSERT INTO conflict_courses VALUES('Biology Integrated Education Sciences','math 1060 or 1080','MATH 1080');
INSERT INTO conflict_courses VALUES('Biology Integrated Education Sciences','only need one set','BIOL 3200');
INSERT INTO conflict_courses VALUES('Biology Integrated Education Sciences','only need one set','BIOL 3205');
INSERT INTO conflict_courses VALUES('Biology Integrated Education Sciences','only need one set','BIOL 4260');
INSERT INTO conflict_courses VALUES('Biology Integrated Education Sciences','only need one set','BIOL 4265');
INSERT INTO conflict_courses VALUES('Biology Integrated Education Sciences','only need one set','BIOL 4270');
INSERT INTO conflict_courses VALUES('Biology Integrated Education Sciences','only need one set','BIOL 4275');
INSERT INTO conflict_courses VALUES('Biology Integrated Education Sciences','only need one set','BIOL 4280');
INSERT INTO conflict_courses VALUES('Biology Integrated Education Sciences','only need one set','BIOL 4350');
INSERT INTO conflict_courses VALUES('Biology Integrated Education Sciences','only need one set','BIOL 4355');
INSERT INTO conflict_courses VALUES('Biology Integrated Education Sciences','only need one set','BIOL 4380');
INSERT INTO conflict_courses VALUES('Biology Integrated Education Sciences','only need one set','BIOL 4385');
INSERT INTO conflict_courses VALUES('Biology Integrated Education Sciences','only need one set','BIOL 4411');
INSERT INTO conflict_courses VALUES('Biology Integrated Education Sciences','only need one set','BIOL 4415');
INSERT INTO conflict_courses VALUES('Biology Integrated Education Sciences','only need one set','BIOL 4440');
INSERT INTO conflict_courses VALUES('Biology Integrated Education Sciences','take one pair','BIOL 3450');
INSERT INTO conflict_courses VALUES('Biology Integrated Education Sciences','take one pair','BIOL 3455');
INSERT INTO conflict_courses VALUES('Biology Integrated Education Sciences','take one pair','BIOL 3550');
INSERT INTO conflict_courses VALUES('Biology Integrated Education Sciences','take one pair','BIOL 3555');
INSERT INTO conflict_courses VALUES('Biology Natural Sciences emphasis','choices','BIOL 1610');
INSERT INTO conflict_courses VALUES('Biology Natural Sciences emphasis','choices','BIOL 1615');
INSERT INTO conflict_courses VALUES('Biology Natural Sciences emphasis','choices','BIOL 1620');
INSERT INTO conflict_courses VALUES('Biology Natural Sciences emphasis','choices','BIOL 1625');
INSERT INTO conflict_courses VALUES('Biology Natural Sciences emphasis','choices','BIOL 2400');
INSERT INTO conflict_courses VALUES('Biology Natural Sciences emphasis','choices','BIOL 2405');
INSERT INTO conflict_courses VALUES('Biology Natural Sciences emphasis','choices','BIOL 3010');
INSERT INTO conflict_courses VALUES('Biology Natural Sciences emphasis','choices','BIOL 3030');
INSERT INTO conflict_courses VALUES('Biology Natural Sciences emphasis','choices','BIOL 3040');
INSERT INTO conflict_courses VALUES('Biology Natural Sciences emphasis','choices','BIOL 3045');
INSERT INTO conflict_courses VALUES('Biology Natural Sciences emphasis','choices','BIOL 3110');
INSERT INTO conflict_courses VALUES('Biology Natural Sciences emphasis','choices','BIOL 3120');
INSERT INTO conflict_courses VALUES('Biology Natural Sciences emphasis','choices','BIOL 3200');
INSERT INTO conflict_courses VALUES('Biology Natural Sciences emphasis','choices','BIOL 3340');
INSERT INTO conflict_courses VALUES('Biology Natural Sciences emphasis','choices','BIOL 3345');
INSERT INTO conflict_courses VALUES('Biology Natural Sciences emphasis','choices','BIOL 4200');
INSERT INTO conflict_courses VALUES('Biology Natural Sciences emphasis','choices','BIOL 4205');
INSERT INTO conflict_courses VALUES('Biology Natural Sciences emphasis','choices','BIOL 4260');
INSERT INTO conflict_courses VALUES('Biology Natural Sciences emphasis','choices','BIOL 4265');
INSERT INTO conflict_courses VALUES('Biology Natural Sciences emphasis','choices','BIOL 4270');
INSERT INTO conflict_courses VALUES('Biology Natural Sciences emphasis','choices','BIOL 4275');
INSERT INTO conflict_courses VALUES('Biology Natural Sciences emphasis','choices','BIOL 4280');
INSERT INTO conflict_courses VALUES('Biology Natural Sciences emphasis','choices','BIOL 4350');
INSERT INTO conflict_courses VALUES('Biology Natural Sciences emphasis','choices','BIOL 4355');
INSERT INTO conflict_courses VALUES('Biology Natural Sciences emphasis','choices','BIOL 4380');
INSERT INTO conflict_courses VALUES('Biology Natural Sciences emphasis','choices','BIOL 4385');
INSERT INTO conflict_courses VALUES('Biology Natural Sciences emphasis','choices','BIOL 4411');
INSERT INTO conflict_courses VALUES('Biology Natural Sciences emphasis','choices','BIOL 4415');
INSERT INTO conflict_courses VALUES('Biology Natural Sciences emphasis','choices','BIOL 4440');
INSERT INTO conflict_courses VALUES('Biology Natural Sciences emphasis','choices','BIOL 4600');
INSERT INTO conflict_courses VALUES('Biology Natural Sciences emphasis','choices','BIOL 4605');
INSERT INTO conflict_courses VALUES('Biology Natural Sciences emphasis','choices','BIOL 4910');
INSERT INTO conflict_courses VALUES('Biology Natural Sciences emphasis','choices','CHEM 1210');
INSERT INTO conflict_courses VALUES('Biology Natural Sciences emphasis','choices','CHEM 1215');
INSERT INTO conflict_courses VALUES('Biology Natural Sciences emphasis','choices','CHEM 1220');
INSERT INTO conflict_courses VALUES('Biology Natural Sciences emphasis','choices','CHEM 1225');
INSERT INTO conflict_courses VALUES('Biology Natural Sciences emphasis','choices','ENVS 1210');
INSERT INTO conflict_courses VALUES('Biology Natural Sciences emphasis','choices','ENVS 1215');
INSERT INTO conflict_courses VALUES('Biology Natural Sciences emphasis','choices','GEO 1110');
INSERT INTO conflict_courses VALUES('Biology Natural Sciences emphasis','choices','GEO 1115');
INSERT INTO conflict_courses VALUES('Biology Natural Sciences emphasis','choices','GEOG 3600');
INSERT INTO conflict_courses VALUES('Biology Natural Sciences emphasis','choices','GEOG 3605');
INSERT INTO conflict_courses VALUES('Biology Natural Sciences emphasis','choices','MATH 1040');
INSERT INTO conflict_courses VALUES('Biology Natural Sciences emphasis','choices','MATH 1050');
INSERT INTO conflict_courses VALUES('Biology Natural Sciences emphasis','choices','PHYS 1010');
INSERT INTO conflict_courses VALUES('Biology Natural Sciences emphasis','choices','PHYS 1015');
INSERT INTO conflict_courses VALUES('Biology Natural Sciences emphasis','choices','PHYS 2010');
INSERT INTO conflict_courses VALUES('Biology Natural Sciences emphasis','choices','PHYS 2015');
INSERT INTO conflict_courses VALUES('Biology Natural Sciences emphasis','core requirements','BIOL 1610');
INSERT INTO conflict_courses VALUES('Biology Natural Sciences emphasis','core requirements','BIOL 1615');
INSERT INTO conflict_courses VALUES('Biology Natural Sciences emphasis','core requirements','BIOL 1620');
INSERT INTO conflict_courses VALUES('Biology Natural Sciences emphasis','core requirements','BIOL 1625');
INSERT INTO conflict_courses VALUES('Biology Natural Sciences emphasis','core requirements','BIOL 2400');
INSERT INTO conflict_courses VALUES('Biology Natural Sciences emphasis','core requirements','BIOL 2405');
INSERT INTO conflict_courses VALUES('Biology Natural Sciences emphasis','core requirements','BIOL 3010');
INSERT INTO conflict_courses VALUES('Biology Natural Sciences emphasis','core requirements','BIOL 3030');
INSERT INTO conflict_courses VALUES('Biology Natural Sciences emphasis','core requirements','BIOL 3040');
INSERT INTO conflict_courses VALUES('Biology Natural Sciences emphasis','core requirements','BIOL 3045');
INSERT INTO conflict_courses VALUES('Biology Natural Sciences emphasis','core requirements','BIOL 3110');
INSERT INTO conflict_courses VALUES('Biology Natural Sciences emphasis','core requirements','BIOL 3120');
INSERT INTO conflict_courses VALUES('Biology Natural Sciences emphasis','core requirements','BIOL 4910');
INSERT INTO conflict_courses VALUES('Biology Natural Sciences emphasis','core requirements','CHEM 1210');
INSERT INTO conflict_courses VALUES('Biology Natural Sciences emphasis','core requirements','CHEM 1215');
INSERT INTO conflict_courses VALUES('Biology Natural Sciences emphasis','core requirements','CHEM 1220');
INSERT INTO conflict_courses VALUES('Biology Natural Sciences emphasis','core requirements','CHEM 1225');
INSERT INTO conflict_courses VALUES('Biology Natural Sciences emphasis','core requirements','ENVS 1210');
INSERT INTO conflict_courses VALUES('Biology Natural Sciences emphasis','core requirements','ENVS 1215');
INSERT INTO conflict_courses VALUES('Biology Natural Sciences emphasis','core requirements','GEO 1110');
INSERT INTO conflict_courses VALUES('Biology Natural Sciences emphasis','core requirements','GEO 1115');
INSERT INTO conflict_courses VALUES('Biology Natural Sciences emphasis','core requirements','GEOG 3600');
INSERT INTO conflict_courses VALUES('Biology Natural Sciences emphasis','core requirements','GEOG 3605');
INSERT INTO conflict_courses VALUES('Biology Natural Sciences emphasis','core requirements','MATH 1040');
INSERT INTO conflict_courses VALUES('Biology Natural Sciences emphasis','core requirements','MATH 1050');
INSERT INTO conflict_courses VALUES('Biology Natural Sciences emphasis','core requirements','PHYS 1010');
INSERT INTO conflict_courses VALUES('Biology Natural Sciences emphasis','core requirements','PHYS 1015');
INSERT INTO conflict_courses VALUES('Biology Natural Sciences emphasis','core requirements','PHYS 2010');
INSERT INTO conflict_courses VALUES('Biology Natural Sciences emphasis','core requirements','PHYS 2015');
INSERT INTO conflict_courses VALUES('Biology Natural Sciences emphasis','electives','BIOL 1610');
INSERT INTO conflict_courses VALUES('Biology Natural Sciences emphasis','electives','BIOL 1615');
INSERT INTO conflict_courses VALUES('Biology Natural Sciences emphasis','electives','BIOL 1620');
INSERT INTO conflict_courses VALUES('Biology Natural Sciences emphasis','electives','BIOL 1625');
INSERT INTO conflict_courses VALUES('Biology Natural Sciences emphasis','electives','BIOL 2400');
INSERT INTO conflict_courses VALUES('Biology Natural Sciences emphasis','electives','BIOL 2405');
INSERT INTO conflict_courses VALUES('Biology Natural Sciences emphasis','electives','BIOL 3010');
INSERT INTO conflict_courses VALUES('Biology Natural Sciences emphasis','electives','BIOL 3030');
INSERT INTO conflict_courses VALUES('Biology Natural Sciences emphasis','electives','BIOL 3040');
INSERT INTO conflict_courses VALUES('Biology Natural Sciences emphasis','electives','BIOL 3045');
INSERT INTO conflict_courses VALUES('Biology Natural Sciences emphasis','electives','BIOL 3100');
INSERT INTO conflict_courses VALUES('Biology Natural Sciences emphasis','electives','BIOL 3110');
INSERT INTO conflict_courses VALUES('Biology Natural Sciences emphasis','electives','BIOL 3120');
INSERT INTO conflict_courses VALUES('Biology Natural Sciences emphasis','electives','BIOL 3140');
INSERT INTO conflict_courses VALUES('Biology Natural Sciences emphasis','electives','BIOL 3145');
INSERT INTO conflict_courses VALUES('Biology Natural Sciences emphasis','electives','BIOL 3155');
INSERT INTO conflict_courses VALUES('Biology Natural Sciences emphasis','electives','BIOL 3200');
INSERT INTO conflict_courses VALUES('Biology Natural Sciences emphasis','electives','BIOL 3250');
INSERT INTO conflict_courses VALUES('Biology Natural Sciences emphasis','electives','BIOL 3340');
INSERT INTO conflict_courses VALUES('Biology Natural Sciences emphasis','electives','BIOL 3345');
INSERT INTO conflict_courses VALUES('Biology Natural Sciences emphasis','electives','BIOL 3360');
INSERT INTO conflict_courses VALUES('Biology Natural Sciences emphasis','electives','BIOL 3450');
INSERT INTO conflict_courses VALUES('Biology Natural Sciences emphasis','electives','BIOL 3455');
INSERT INTO conflict_courses VALUES('Biology Natural Sciences emphasis','electives','BIOL 3550');
INSERT INTO conflict_courses VALUES('Biology Natural Sciences emphasis','electives','BIOL 3555');
INSERT INTO conflict_courses VALUES('Biology Natural Sciences emphasis','electives','BIOL 4200');
INSERT INTO conflict_courses VALUES('Biology Natural Sciences emphasis','electives','BIOL 4205');
INSERT INTO conflict_courses VALUES('Biology Natural Sciences emphasis','electives','BIOL 4260');
INSERT INTO conflict_courses VALUES('Biology Natural Sciences emphasis','electives','BIOL 4265');
INSERT INTO conflict_courses VALUES('Biology Natural Sciences emphasis','electives','BIOL 4270');
INSERT INTO conflict_courses VALUES('Biology Natural Sciences emphasis','electives','BIOL 4275');
INSERT INTO conflict_courses VALUES('Biology Natural Sciences emphasis','electives','BIOL 4280');
INSERT INTO conflict_courses VALUES('Biology Natural Sciences emphasis','electives','BIOL 4300');
INSERT INTO conflict_courses VALUES('Biology Natural Sciences emphasis','electives','BIOL 4305');
INSERT INTO conflict_courses VALUES('Biology Natural Sciences emphasis','electives','BIOL 4350');
INSERT INTO conflict_courses VALUES('Biology Natural Sciences emphasis','electives','BIOL 4355');
INSERT INTO conflict_courses VALUES('Biology Natural Sciences emphasis','electives','BIOL 4380');
INSERT INTO conflict_courses VALUES('Biology Natural Sciences emphasis','electives','BIOL 4385');
INSERT INTO conflict_courses VALUES('Biology Natural Sciences emphasis','electives','BIOL 4411');
INSERT INTO conflict_courses VALUES('Biology Natural Sciences emphasis','electives','BIOL 4415');
INSERT INTO conflict_courses VALUES('Biology Natural Sciences emphasis','electives','BIOL 4440');
INSERT INTO conflict_courses VALUES('Biology Natural Sciences emphasis','electives','BIOL 4500');
INSERT INTO conflict_courses VALUES('Biology Natural Sciences emphasis','electives','BIOL 4505');
INSERT INTO conflict_courses VALUES('Biology Natural Sciences emphasis','electives','BIOL 4600');
INSERT INTO conflict_courses VALUES('Biology Natural Sciences emphasis','electives','BIOL 4605');
INSERT INTO conflict_courses VALUES('Biology Natural Sciences emphasis','electives','BIOL 4810R');
INSERT INTO conflict_courses VALUES('Biology Natural Sciences emphasis','electives','BIOL 4910');
INSERT INTO conflict_courses VALUES('Biology Natural Sciences emphasis','electives','BIOL 4930R');
INSERT INTO conflict_courses VALUES('Biology Natural Sciences emphasis','electives','CHEM 1210');
INSERT INTO conflict_courses VALUES('Biology Natural Sciences emphasis','electives','CHEM 1215');
INSERT INTO conflict_courses VALUES('Biology Natural Sciences emphasis','electives','CHEM 1220');
INSERT INTO conflict_courses VALUES('Biology Natural Sciences emphasis','electives','CHEM 1225');
INSERT INTO conflict_courses VALUES('Biology Natural Sciences emphasis','electives','ENVS 1210');
INSERT INTO conflict_courses VALUES('Biology Natural Sciences emphasis','electives','ENVS 1215');
INSERT INTO conflict_courses VALUES('Biology Natural Sciences emphasis','electives','GEO 1110');
INSERT INTO conflict_courses VALUES('Biology Natural Sciences emphasis','electives','GEO 1115');
INSERT INTO conflict_courses VALUES('Biology Natural Sciences emphasis','electives','GEOG 3600');
INSERT INTO conflict_courses VALUES('Biology Natural Sciences emphasis','electives','GEOG 3605');
INSERT INTO conflict_courses VALUES('Biology Natural Sciences emphasis','electives','GEOG 4140');
INSERT INTO conflict_courses VALUES('Biology Natural Sciences emphasis','electives','GEOG 4180');
INSERT INTO conflict_courses VALUES('Biology Natural Sciences emphasis','electives','MATH 1040');
INSERT INTO conflict_courses VALUES('Biology Natural Sciences emphasis','electives','MATH 1050');
INSERT INTO conflict_courses VALUES('Biology Natural Sciences emphasis','electives','MATH 1210');
INSERT INTO conflict_courses VALUES('Biology Natural Sciences emphasis','electives','MATH 3060');
INSERT INTO conflict_courses VALUES('Biology Natural Sciences emphasis','electives','PHYS 1010');
INSERT INTO conflict_courses VALUES('Biology Natural Sciences emphasis','electives','PHYS 1015');
INSERT INTO conflict_courses VALUES('Biology Natural Sciences emphasis','electives','PHYS 2010');
INSERT INTO conflict_courses VALUES('Biology Natural Sciences emphasis','electives','PHYS 2015');
INSERT INTO conflict_courses VALUES('Biology Natural Sciences emphasis','only need one set','BIOL 3200');
INSERT INTO conflict_courses VALUES('Biology Natural Sciences emphasis','only need one set','BIOL 3205');
INSERT INTO conflict_courses VALUES('Biology Natural Sciences emphasis','only need one set','BIOL 4260');
INSERT INTO conflict_courses VALUES('Biology Natural Sciences emphasis','only need one set','BIOL 4265');
INSERT INTO conflict_courses VALUES('Biology Natural Sciences emphasis','only need one set','BIOL 4270');
INSERT INTO conflict_courses VALUES('Biology Natural Sciences emphasis','only need one set','BIOL 4275');
INSERT INTO conflict_courses VALUES('Biology Natural Sciences emphasis','only need one set','BIOL 4280');
INSERT INTO conflict_courses VALUES('Biology Natural Sciences emphasis','only need one set','BIOL 4350');
INSERT INTO conflict_courses VALUES('Biology Natural Sciences emphasis','only need one set','BIOL 4355');
INSERT INTO conflict_courses VALUES('Biology Natural Sciences emphasis','only need one set','BIOL 4380');
INSERT INTO conflict_courses VALUES('Biology Natural Sciences emphasis','only need one set','BIOL 4385');
INSERT INTO conflict_courses VALUES('Biology Natural Sciences emphasis','only need one set','BIOL 4411');
INSERT INTO conflict_courses VALUES('Biology Natural Sciences emphasis','only need one set','BIOL 4415');
INSERT INTO conflict_courses VALUES('Biology Natural Sciences emphasis','only need one set','BIOL 4440');
INSERT INTO conflict_courses VALUES('Biology Natural Sciences emphasis','take one pair','BIOL 3450');
INSERT INTO conflict_courses VALUES('Biology Natural Sciences emphasis','take one pair','BIOL 3455');
INSERT INTO conflict_courses VALUES('Biology Natural Sciences emphasis','take one pair','BIOL 3550');
INSERT INTO conflict_courses VALUES('Biology Natural Sciences emphasis','take one pair','BIOL 3555');
INSERT INTO conflict_courses VALUES('Chemistry Chemistry emphasis','core requirements','BIOL 1610');
INSERT INTO conflict_courses VALUES('Chemistry Chemistry emphasis','core requirements','BIOL 1615');
INSERT INTO conflict_courses VALUES('Chemistry Chemistry emphasis','core requirements','CHEM 1210');
INSERT INTO conflict_courses VALUES('Chemistry Chemistry emphasis','core requirements','CHEM 1215');
INSERT INTO conflict_courses VALUES('Chemistry Chemistry emphasis','core requirements','CHEM 1220');
INSERT INTO conflict_courses VALUES('Chemistry Chemistry emphasis','core requirements','CHEM 1225');
INSERT INTO conflict_courses VALUES('Chemistry Chemistry emphasis','core requirements','CHEM 2310');
INSERT INTO conflict_courses VALUES('Chemistry Chemistry emphasis','core requirements','CHEM 2315');
INSERT INTO conflict_courses VALUES('Chemistry Chemistry emphasis','core requirements','CHEM 2320');
INSERT INTO conflict_courses VALUES('Chemistry Chemistry emphasis','core requirements','CHEM 2325');
INSERT INTO conflict_courses VALUES('Chemistry Chemistry emphasis','core requirements','CHEM 2600');
INSERT INTO conflict_courses VALUES('Chemistry Chemistry emphasis','core requirements','CHEM 2990R');
INSERT INTO conflict_courses VALUES('Chemistry Chemistry emphasis','core requirements','CHEM 3000');
INSERT INTO conflict_courses VALUES('Chemistry Chemistry emphasis','core requirements','CHEM 3005');
INSERT INTO conflict_courses VALUES('Chemistry Chemistry emphasis','core requirements','CHEM 3060');
INSERT INTO conflict_courses VALUES('Chemistry Chemistry emphasis','core requirements','CHEM 3065');
INSERT INTO conflict_courses VALUES('Chemistry Chemistry emphasis','core requirements','CHEM 3070');
INSERT INTO conflict_courses VALUES('Chemistry Chemistry emphasis','core requirements','CHEM 3075');
INSERT INTO conflict_courses VALUES('Chemistry Chemistry emphasis','core requirements','CHEM 3100');
INSERT INTO conflict_courses VALUES('Chemistry Chemistry emphasis','core requirements','CHEM 3300');
INSERT INTO conflict_courses VALUES('Chemistry Chemistry emphasis','core requirements','CHEM 3510');
INSERT INTO conflict_courses VALUES('Chemistry Chemistry emphasis','core requirements','CHEM 3515');
INSERT INTO conflict_courses VALUES('Chemistry Chemistry emphasis','core requirements','CHEM 3520');
INSERT INTO conflict_courses VALUES('Chemistry Chemistry emphasis','core requirements','CHEM 3525');
INSERT INTO conflict_courses VALUES('Chemistry Chemistry emphasis','core requirements','CHEM 4100');
INSERT INTO conflict_courses VALUES('Chemistry Chemistry emphasis','core requirements','CHEM 4200');
INSERT INTO conflict_courses VALUES('Chemistry Chemistry emphasis','core requirements','CHEM 4310');
INSERT INTO conflict_courses VALUES('Chemistry Chemistry emphasis','core requirements','CHEM 4510');
INSERT INTO conflict_courses VALUES('Chemistry Chemistry emphasis','core requirements','CHEM 4610');
INSERT INTO conflict_courses VALUES('Chemistry Chemistry emphasis','core requirements','CHEM 4800R');
INSERT INTO conflict_courses VALUES('Chemistry Chemistry emphasis','core requirements','CHEM 4910');
INSERT INTO conflict_courses VALUES('Chemistry Chemistry emphasis','core requirements','MATH 1210');
INSERT INTO conflict_courses VALUES('Chemistry Chemistry emphasis','core requirements','MATH 1220');
INSERT INTO conflict_courses VALUES('Chemistry Chemistry emphasis','core requirements','PHYS 2210');
INSERT INTO conflict_courses VALUES('Chemistry Chemistry emphasis','core requirements','PHYS 2215');
INSERT INTO conflict_courses VALUES('Chemistry Chemistry emphasis','core requirements','PHYS 2220');
INSERT INTO conflict_courses VALUES('Chemistry Chemistry emphasis','core requirements','PHYS 2225');
INSERT INTO conflict_courses VALUES('Chemistry Chemistry emphasis','electives','BIOL 1610');
INSERT INTO conflict_courses VALUES('Chemistry Chemistry emphasis','electives','BIOL 1615');
INSERT INTO conflict_courses VALUES('Chemistry Chemistry emphasis','electives','CHEM 1210');
INSERT INTO conflict_courses VALUES('Chemistry Chemistry emphasis','electives','CHEM 1215');
INSERT INTO conflict_courses VALUES('Chemistry Chemistry emphasis','electives','CHEM 1220');
INSERT INTO conflict_courses VALUES('Chemistry Chemistry emphasis','electives','CHEM 1225');
INSERT INTO conflict_courses VALUES('Chemistry Chemistry emphasis','electives','CHEM 2310');
INSERT INTO conflict_courses VALUES('Chemistry Chemistry emphasis','electives','CHEM 2315');
INSERT INTO conflict_courses VALUES('Chemistry Chemistry emphasis','electives','CHEM 2320');
INSERT INTO conflict_courses VALUES('Chemistry Chemistry emphasis','electives','CHEM 2325');
INSERT INTO conflict_courses VALUES('Chemistry Chemistry emphasis','electives','CHEM 2600');
INSERT INTO conflict_courses VALUES('Chemistry Chemistry emphasis','electives','CHEM 2990R');
INSERT INTO conflict_courses VALUES('Chemistry Chemistry emphasis','electives','CHEM 3000');
INSERT INTO conflict_courses VALUES('Chemistry Chemistry emphasis','electives','CHEM 3005');
INSERT INTO conflict_courses VALUES('Chemistry Chemistry emphasis','electives','CHEM 3060');
INSERT INTO conflict_courses VALUES('Chemistry Chemistry emphasis','electives','CHEM 3065');
INSERT INTO conflict_courses VALUES('Chemistry Chemistry emphasis','electives','CHEM 3070');
INSERT INTO conflict_courses VALUES('Chemistry Chemistry emphasis','electives','CHEM 3075');
INSERT INTO conflict_courses VALUES('Chemistry Chemistry emphasis','electives','CHEM 3100');
INSERT INTO conflict_courses VALUES('Chemistry Chemistry emphasis','electives','CHEM 3300');
INSERT INTO conflict_courses VALUES('Chemistry Chemistry emphasis','electives','CHEM 3510');
INSERT INTO conflict_courses VALUES('Chemistry Chemistry emphasis','electives','CHEM 3515');
INSERT INTO conflict_courses VALUES('Chemistry Chemistry emphasis','electives','CHEM 3520');
INSERT INTO conflict_courses VALUES('Chemistry Chemistry emphasis','electives','CHEM 3525');
INSERT INTO conflict_courses VALUES('Chemistry Chemistry emphasis','electives','CHEM 4100');
INSERT INTO conflict_courses VALUES('Chemistry Chemistry emphasis','electives','CHEM 4200');
INSERT INTO conflict_courses VALUES('Chemistry Chemistry emphasis','electives','CHEM 4310');
INSERT INTO conflict_courses VALUES('Chemistry Chemistry emphasis','electives','CHEM 4510');
INSERT INTO conflict_courses VALUES('Chemistry Chemistry emphasis','electives','CHEM 4610');
INSERT INTO conflict_courses VALUES('Chemistry Chemistry emphasis','electives','CHEM 4800R');
INSERT INTO conflict_courses VALUES('Chemistry Chemistry emphasis','electives','CHEM 4910');
INSERT INTO conflict_courses VALUES('Chemistry Chemistry emphasis','electives','MATH 1210');
INSERT INTO conflict_courses VALUES('Chemistry Chemistry emphasis','electives','MATH 1220');
INSERT INTO conflict_courses VALUES('Chemistry Chemistry emphasis','electives','MATH 2210');
INSERT INTO conflict_courses VALUES('Chemistry Chemistry emphasis','electives','MATH 2250');
INSERT INTO conflict_courses VALUES('Chemistry Chemistry emphasis','electives','MATH 2270');
INSERT INTO conflict_courses VALUES('Chemistry Chemistry emphasis','electives','MATH 2280');
INSERT INTO conflict_courses VALUES('Chemistry Chemistry emphasis','electives','MATH 3060');
INSERT INTO conflict_courses VALUES('Chemistry Chemistry emphasis','electives','PHYS 2210');
INSERT INTO conflict_courses VALUES('Chemistry Chemistry emphasis','electives','PHYS 2215');
INSERT INTO conflict_courses VALUES('Chemistry Chemistry emphasis','electives','PHYS 2220');
INSERT INTO conflict_courses VALUES('Chemistry Chemistry emphasis','electives','PHYS 2225');
INSERT INTO conflict_courses VALUES('Chemistry Chemistry emphasis','math 2250 or 2270','MATH 2250');
INSERT INTO conflict_courses VALUES('Chemistry Chemistry emphasis','math 2250 or 2270','MATH 2270');
INSERT INTO conflict_courses VALUES('Chemistry Chemistry emphasis','math 2250 or 2280','MATH 2250');
INSERT INTO conflict_courses VALUES('Chemistry Chemistry emphasis','math 2250 or 2280','MATH 2280');
INSERT INTO conflict_courses VALUES('Chemistry Chemistry emphasis','pair or single','CHEM 2310');
INSERT INTO conflict_courses VALUES('Chemistry Chemistry emphasis','pair or single','CHEM 2315');
INSERT INTO conflict_courses VALUES('Chemistry Chemistry emphasis','pair or single','CHEM 3000');
INSERT INTO conflict_courses VALUES('Chemistry Molecular Biology emphasis','core requirements','BIOL 1610');
INSERT INTO conflict_courses VALUES('Chemistry Molecular Biology emphasis','core requirements','BIOL 1615');
INSERT INTO conflict_courses VALUES('Chemistry Molecular Biology emphasis','core requirements','BIOL 3030');
INSERT INTO conflict_courses VALUES('Chemistry Molecular Biology emphasis','core requirements','BIOL 3550');
INSERT INTO conflict_courses VALUES('Chemistry Molecular Biology emphasis','core requirements','BIOL 3555');
INSERT INTO conflict_courses VALUES('Chemistry Molecular Biology emphasis','core requirements','BIOL 4300');
INSERT INTO conflict_courses VALUES('Chemistry Molecular Biology emphasis','core requirements','BIOL 4305');
INSERT INTO conflict_courses VALUES('Chemistry Molecular Biology emphasis','core requirements','BIOL 4810R');
INSERT INTO conflict_courses VALUES('Chemistry Molecular Biology emphasis','core requirements','BIOL 4890R');
INSERT INTO conflict_courses VALUES('Chemistry Molecular Biology emphasis','core requirements','CHEM 1210');
INSERT INTO conflict_courses VALUES('Chemistry Molecular Biology emphasis','core requirements','CHEM 1215');
INSERT INTO conflict_courses VALUES('Chemistry Molecular Biology emphasis','core requirements','CHEM 1220');
INSERT INTO conflict_courses VALUES('Chemistry Molecular Biology emphasis','core requirements','CHEM 1225');
INSERT INTO conflict_courses VALUES('Chemistry Molecular Biology emphasis','core requirements','CHEM 2310');
INSERT INTO conflict_courses VALUES('Chemistry Molecular Biology emphasis','core requirements','CHEM 2315');
INSERT INTO conflict_courses VALUES('Chemistry Molecular Biology emphasis','core requirements','CHEM 2320');
INSERT INTO conflict_courses VALUES('Chemistry Molecular Biology emphasis','core requirements','CHEM 2325');
INSERT INTO conflict_courses VALUES('Chemistry Molecular Biology emphasis','core requirements','CHEM 2600');
INSERT INTO conflict_courses VALUES('Chemistry Molecular Biology emphasis','core requirements','CHEM 2990R');
INSERT INTO conflict_courses VALUES('Chemistry Molecular Biology emphasis','core requirements','CHEM 3000');
INSERT INTO conflict_courses VALUES('Chemistry Molecular Biology emphasis','core requirements','CHEM 3005');
INSERT INTO conflict_courses VALUES('Chemistry Molecular Biology emphasis','core requirements','CHEM 3060');
INSERT INTO conflict_courses VALUES('Chemistry Molecular Biology emphasis','core requirements','CHEM 3065');
INSERT INTO conflict_courses VALUES('Chemistry Molecular Biology emphasis','core requirements','CHEM 3070');
INSERT INTO conflict_courses VALUES('Chemistry Molecular Biology emphasis','core requirements','CHEM 3075');
INSERT INTO conflict_courses VALUES('Chemistry Molecular Biology emphasis','core requirements','CHEM 3100');
INSERT INTO conflict_courses VALUES('Chemistry Molecular Biology emphasis','core requirements','CHEM 3300');
INSERT INTO conflict_courses VALUES('Chemistry Molecular Biology emphasis','core requirements','CHEM 3510');
INSERT INTO conflict_courses VALUES('Chemistry Molecular Biology emphasis','core requirements','CHEM 3515');
INSERT INTO conflict_courses VALUES('Chemistry Molecular Biology emphasis','core requirements','CHEM 3520');
INSERT INTO conflict_courses VALUES('Chemistry Molecular Biology emphasis','core requirements','CHEM 3525');
INSERT INTO conflict_courses VALUES('Chemistry Molecular Biology emphasis','core requirements','CHEM 4800R');
INSERT INTO conflict_courses VALUES('Chemistry Molecular Biology emphasis','core requirements','CHEM 4910');
INSERT INTO conflict_courses VALUES('Chemistry Molecular Biology emphasis','core requirements','MATH 1210');
INSERT INTO conflict_courses VALUES('Chemistry Molecular Biology emphasis','core requirements','MATH 1220');
INSERT INTO conflict_courses VALUES('Chemistry Molecular Biology emphasis','core requirements','PHYS 2010');
INSERT INTO conflict_courses VALUES('Chemistry Molecular Biology emphasis','core requirements','PHYS 2015');
INSERT INTO conflict_courses VALUES('Chemistry Molecular Biology emphasis','core requirements','PHYS 2020');
INSERT INTO conflict_courses VALUES('Chemistry Molecular Biology emphasis','core requirements','PHYS 2025');
INSERT INTO conflict_courses VALUES('Chemistry Molecular Biology emphasis','core requirements','PHYS 2210');
INSERT INTO conflict_courses VALUES('Chemistry Molecular Biology emphasis','core requirements','PHYS 2215');
INSERT INTO conflict_courses VALUES('Chemistry Molecular Biology emphasis','core requirements','PHYS 2220');
INSERT INTO conflict_courses VALUES('Chemistry Molecular Biology emphasis','core requirements','PHYS 2225');
INSERT INTO conflict_courses VALUES('Chemistry Molecular Biology emphasis','electives','BIOL 1610');
INSERT INTO conflict_courses VALUES('Chemistry Molecular Biology emphasis','electives','BIOL 1615');
INSERT INTO conflict_courses VALUES('Chemistry Molecular Biology emphasis','electives','BIOL 3010');
INSERT INTO conflict_courses VALUES('Chemistry Molecular Biology emphasis','electives','BIOL 3030');
INSERT INTO conflict_courses VALUES('Chemistry Molecular Biology emphasis','electives','BIOL 3250');
INSERT INTO conflict_courses VALUES('Chemistry Molecular Biology emphasis','electives','BIOL 3360');
INSERT INTO conflict_courses VALUES('Chemistry Molecular Biology emphasis','electives','BIOL 3420');
INSERT INTO conflict_courses VALUES('Chemistry Molecular Biology emphasis','electives','BIOL 3450');
INSERT INTO conflict_courses VALUES('Chemistry Molecular Biology emphasis','electives','BIOL 3455');
INSERT INTO conflict_courses VALUES('Chemistry Molecular Biology emphasis','electives','BIOL 3460');
INSERT INTO conflict_courses VALUES('Chemistry Molecular Biology emphasis','electives','BIOL 3470');
INSERT INTO conflict_courses VALUES('Chemistry Molecular Biology emphasis','electives','BIOL 3550');
INSERT INTO conflict_courses VALUES('Chemistry Molecular Biology emphasis','electives','BIOL 3555');
INSERT INTO conflict_courses VALUES('Chemistry Molecular Biology emphasis','electives','BIOL 4300');
INSERT INTO conflict_courses VALUES('Chemistry Molecular Biology emphasis','electives','BIOL 4305');
INSERT INTO conflict_courses VALUES('Chemistry Molecular Biology emphasis','electives','BIOL 4400');
INSERT INTO conflict_courses VALUES('Chemistry Molecular Biology emphasis','electives','BIOL 4810R');
INSERT INTO conflict_courses VALUES('Chemistry Molecular Biology emphasis','electives','BIOL 4890R');
INSERT INTO conflict_courses VALUES('Chemistry Molecular Biology emphasis','electives','CHEM 1210');
INSERT INTO conflict_courses VALUES('Chemistry Molecular Biology emphasis','electives','CHEM 1215');
INSERT INTO conflict_courses VALUES('Chemistry Molecular Biology emphasis','electives','CHEM 1220');
INSERT INTO conflict_courses VALUES('Chemistry Molecular Biology emphasis','electives','CHEM 1225');
INSERT INTO conflict_courses VALUES('Chemistry Molecular Biology emphasis','electives','CHEM 2310');
INSERT INTO conflict_courses VALUES('Chemistry Molecular Biology emphasis','electives','CHEM 2315');
INSERT INTO conflict_courses VALUES('Chemistry Molecular Biology emphasis','electives','CHEM 2320');
INSERT INTO conflict_courses VALUES('Chemistry Molecular Biology emphasis','electives','CHEM 2325');
INSERT INTO conflict_courses VALUES('Chemistry Molecular Biology emphasis','electives','CHEM 2600');
INSERT INTO conflict_courses VALUES('Chemistry Molecular Biology emphasis','electives','CHEM 2990R');
INSERT INTO conflict_courses VALUES('Chemistry Molecular Biology emphasis','electives','CHEM 3000');
INSERT INTO conflict_courses VALUES('Chemistry Molecular Biology emphasis','electives','CHEM 3005');
INSERT INTO conflict_courses VALUES('Chemistry Molecular Biology emphasis','electives','CHEM 3060');
INSERT INTO conflict_courses VALUES('Chemistry Molecular Biology emphasis','electives','CHEM 3065');
INSERT INTO conflict_courses VALUES('Chemistry Molecular Biology emphasis','electives','CHEM 3070');
INSERT INTO conflict_courses VALUES('Chemistry Molecular Biology emphasis','electives','CHEM 3075');
INSERT INTO conflict_courses VALUES('Chemistry Molecular Biology emphasis','electives','CHEM 3100');
INSERT INTO conflict_courses VALUES('Chemistry Molecular Biology emphasis','electives','CHEM 3300');
INSERT INTO conflict_courses VALUES('Chemistry Molecular Biology emphasis','electives','CHEM 3510');
INSERT INTO conflict_courses VALUES('Chemistry Molecular Biology emphasis','electives','CHEM 3515');
INSERT INTO conflict_courses VALUES('Chemistry Molecular Biology emphasis','electives','CHEM 3520');
INSERT INTO conflict_courses VALUES('Chemistry Molecular Biology emphasis','electives','CHEM 3525');
INSERT INTO conflict_courses VALUES('Chemistry Molecular Biology emphasis','electives','CHEM 4100');
INSERT INTO conflict_courses VALUES('Chemistry Molecular Biology emphasis','electives','CHEM 4610');
INSERT INTO conflict_courses VALUES('Chemistry Molecular Biology emphasis','electives','CHEM 4800R');
INSERT INTO conflict_courses VALUES('Chemistry Molecular Biology emphasis','electives','CHEM 4910');
INSERT INTO conflict_courses VALUES('Chemistry Molecular Biology emphasis','electives','MATH 1210');
INSERT INTO conflict_courses VALUES('Chemistry Molecular Biology emphasis','electives','MATH 1220');
INSERT INTO conflict_courses VALUES('Chemistry Molecular Biology emphasis','electives','PHYS 2010');
INSERT INTO conflict_courses VALUES('Chemistry Molecular Biology emphasis','electives','PHYS 2015');
INSERT INTO conflict_courses VALUES('Chemistry Molecular Biology emphasis','electives','PHYS 2020');
INSERT INTO conflict_courses VALUES('Chemistry Molecular Biology emphasis','electives','PHYS 2025');
INSERT INTO conflict_courses VALUES('Chemistry Molecular Biology emphasis','electives','PHYS 2210');
INSERT INTO conflict_courses VALUES('Chemistry Molecular Biology emphasis','electives','PHYS 2215');
INSERT INTO conflict_courses VALUES('Chemistry Molecular Biology emphasis','electives','PHYS 2220');
INSERT INTO conflict_courses VALUES('Chemistry Molecular Biology emphasis','electives','PHYS 2225');
INSERT INTO conflict_courses VALUES('Chemistry Molecular Biology emphasis','pair or single','CHEM 2310');
INSERT INTO conflict_courses VALUES('Chemistry Molecular Biology emphasis','pair or single','CHEM 2315');
INSERT INTO conflict_courses VALUES('Chemistry Molecular Biology emphasis','pair or single','CHEM 3000');
INSERT INTO conflict_courses VALUES('Chemistry Molecular Biology emphasis','take one set','PHYS 2010');
INSERT INTO conflict_courses VALUES('Chemistry Molecular Biology emphasis','take one set','PHYS 2015');
INSERT INTO conflict_courses VALUES('Chemistry Molecular Biology emphasis','take one set','PHYS 2020');
INSERT INTO conflict_courses VALUES('Chemistry Molecular Biology emphasis','take one set','PHYS 2025');
INSERT INTO conflict_courses VALUES('Chemistry Molecular Biology emphasis','take one set','PHYS 2210');
INSERT INTO conflict_courses VALUES('Chemistry Molecular Biology emphasis','take one set','PHYS 2215');
INSERT INTO conflict_courses VALUES('Chemistry Molecular Biology emphasis','take one set','PHYS 2220');
INSERT INTO conflict_courses VALUES('Chemistry Molecular Biology emphasis','take one set','PHYS 2225');
INSERT INTO conflict_courses VALUES('Chemistry Physical Sciences emphasis','chem or phys','CHEM 3510');
INSERT INTO conflict_courses VALUES('Chemistry Physical Sciences emphasis','chem or phys','PHYS 3400');
INSERT INTO conflict_courses VALUES('Chemistry Physical Sciences emphasis','core requirements','BIOL 1610');
INSERT INTO conflict_courses VALUES('Chemistry Physical Sciences emphasis','core requirements','BIOL 1615');
INSERT INTO conflict_courses VALUES('Chemistry Physical Sciences emphasis','core requirements','CHEM 1210');
INSERT INTO conflict_courses VALUES('Chemistry Physical Sciences emphasis','core requirements','CHEM 1215');
INSERT INTO conflict_courses VALUES('Chemistry Physical Sciences emphasis','core requirements','CHEM 1220');
INSERT INTO conflict_courses VALUES('Chemistry Physical Sciences emphasis','core requirements','CHEM 1225');
INSERT INTO conflict_courses VALUES('Chemistry Physical Sciences emphasis','core requirements','CHEM 2310');
INSERT INTO conflict_courses VALUES('Chemistry Physical Sciences emphasis','core requirements','CHEM 2315');
INSERT INTO conflict_courses VALUES('Chemistry Physical Sciences emphasis','core requirements','CHEM 3000');
INSERT INTO conflict_courses VALUES('Chemistry Physical Sciences emphasis','core requirements','CHEM 3510');
INSERT INTO conflict_courses VALUES('Chemistry Physical Sciences emphasis','core requirements','GEO 1110');
INSERT INTO conflict_courses VALUES('Chemistry Physical Sciences emphasis','core requirements','GEO 1115');
INSERT INTO conflict_courses VALUES('Chemistry Physical Sciences emphasis','core requirements','GEO 1220');
INSERT INTO conflict_courses VALUES('Chemistry Physical Sciences emphasis','core requirements','GEO 1225');
INSERT INTO conflict_courses VALUES('Chemistry Physical Sciences emphasis','core requirements','GEO 3060');
INSERT INTO conflict_courses VALUES('Chemistry Physical Sciences emphasis','core requirements','MATH 1210');
INSERT INTO conflict_courses VALUES('Chemistry Physical Sciences emphasis','core requirements','MATH 1220');
INSERT INTO conflict_courses VALUES('Chemistry Physical Sciences emphasis','core requirements','PHYS 1040');
INSERT INTO conflict_courses VALUES('Chemistry Physical Sciences emphasis','core requirements','PHYS 1045');
INSERT INTO conflict_courses VALUES('Chemistry Physical Sciences emphasis','core requirements','PHYS 2210');
INSERT INTO conflict_courses VALUES('Chemistry Physical Sciences emphasis','core requirements','PHYS 2215');
INSERT INTO conflict_courses VALUES('Chemistry Physical Sciences emphasis','core requirements','PHYS 2220');
INSERT INTO conflict_courses VALUES('Chemistry Physical Sciences emphasis','core requirements','PHYS 2225');
INSERT INTO conflict_courses VALUES('Chemistry Physical Sciences emphasis','core requirements','PHYS 3400');
INSERT INTO conflict_courses VALUES('Chemistry Physical Sciences emphasis','core requirements','PHYS 3710');
INSERT INTO conflict_courses VALUES('Chemistry Physical Sciences emphasis','core requirements','SCI 2600');
INSERT INTO conflict_courses VALUES('Chemistry Physical Sciences emphasis','core requirements','SCI 4700');
INSERT INTO conflict_courses VALUES('Chemistry Physical Sciences emphasis','core requirements','SCI 4800R');
INSERT INTO conflict_courses VALUES('Chemistry Physical Sciences emphasis','pair or single','CHEM 2310');
INSERT INTO conflict_courses VALUES('Chemistry Physical Sciences emphasis','pair or single','CHEM 2315');
INSERT INTO conflict_courses VALUES('Chemistry Physical Sciences emphasis','pair or single','CHEM 3000');
INSERT INTO conflict_courses VALUES('Computer Science','3rd/4th semester classes','CS 2420');
INSERT INTO conflict_courses VALUES('Computer Science','3rd/4th semester classes','CS 2450');
INSERT INTO conflict_courses VALUES('Computer Science','3rd/4th semester classes','CS 2810');
INSERT INTO conflict_courses VALUES('Computer Science','3rd/4th semester classes','CS 3005');
INSERT INTO conflict_courses VALUES('Computer Science','core requirements','CS 1030');
INSERT INTO conflict_courses VALUES('Computer Science','core requirements','CS 1400');
INSERT INTO conflict_courses VALUES('Computer Science','core requirements','CS 1410');
INSERT INTO conflict_courses VALUES('Computer Science','core requirements','CS 2420');
INSERT INTO conflict_courses VALUES('Computer Science','core requirements','CS 2450');
INSERT INTO conflict_courses VALUES('Computer Science','core requirements','CS 2810');
INSERT INTO conflict_courses VALUES('Computer Science','core requirements','CS 3005');
INSERT INTO conflict_courses VALUES('Computer Science','core requirements','CS 3150');
INSERT INTO conflict_courses VALUES('Computer Science','core requirements','CS 3310');
INSERT INTO conflict_courses VALUES('Computer Science','core requirements','CS 3400');
INSERT INTO conflict_courses VALUES('Computer Science','core requirements','CS 3410');
INSERT INTO conflict_courses VALUES('Computer Science','core requirements','CS 3510');
INSERT INTO conflict_courses VALUES('Computer Science','core requirements','CS 3520');
INSERT INTO conflict_courses VALUES('Computer Science','core requirements','CS 3530');
INSERT INTO conflict_courses VALUES('Computer Science','core requirements','CS 3600');
INSERT INTO conflict_courses VALUES('Computer Science','core requirements','CS 4300');
INSERT INTO conflict_courses VALUES('Computer Science','core requirements','CS 4307');
INSERT INTO conflict_courses VALUES('Computer Science','core requirements','CS 4320');
INSERT INTO conflict_courses VALUES('Computer Science','core requirements','CS 4550');
INSERT INTO conflict_courses VALUES('Computer Science','core requirements','CS 4600');
INSERT INTO conflict_courses VALUES('Computer Science','core requirements','SE 3200');
INSERT INTO conflict_courses VALUES('Computer Science','electives','CS 1030');
INSERT INTO conflict_courses VALUES('Computer Science','electives','CS 1400');
INSERT INTO conflict_courses VALUES('Computer Science','electives','CS 1410');
INSERT INTO conflict_courses VALUES('Computer Science','electives','CS 2420');
INSERT INTO conflict_courses VALUES('Computer Science','electives','CS 2450');
INSERT INTO conflict_courses VALUES('Computer Science','electives','CS 2810');
INSERT INTO conflict_courses VALUES('Computer Science','electives','CS 3005');
INSERT INTO conflict_courses VALUES('Computer Science','electives','CS 3150');
INSERT INTO conflict_courses VALUES('Computer Science','electives','CS 3310');
INSERT INTO conflict_courses VALUES('Computer Science','electives','CS 3400');
INSERT INTO conflict_courses VALUES('Computer Science','electives','CS 3410');
INSERT INTO conflict_courses VALUES('Computer Science','electives','CS 3510');
INSERT INTO conflict_courses VALUES('Computer Science','electives','CS 3520');
INSERT INTO conflict_courses VALUES('Computer Science','electives','CS 3530');
INSERT INTO conflict_courses VALUES('Computer Science','electives','CS 3600');
INSERT INTO conflict_courses VALUES('Computer Science','electives','CS 4300');
INSERT INTO conflict_courses VALUES('Computer Science','electives','CS 4307');
INSERT INTO conflict_courses VALUES('Computer Science','electives','CS 4320');
INSERT INTO conflict_courses VALUES('Computer Science','electives','CS 4550');
INSERT INTO conflict_courses VALUES('Computer Science','electives','CS 4600');
INSERT INTO conflict_courses VALUES('Computer Science','electives','IT 2700');
INSERT INTO conflict_courses VALUES('Computer Science','electives','IT 3100');
INSERT INTO conflict_courses VALUES('Computer Science','electives','IT 3110');
INSERT INTO conflict_courses VALUES('Computer Science','electives','IT 4200');
INSERT INTO conflict_courses VALUES('Computer Science','electives','SE 3010');
INSERT INTO conflict_courses VALUES('Computer Science','electives','SE 3020');
INSERT INTO conflict_courses VALUES('Computer Science','electives','SE 3100');
INSERT INTO conflict_courses VALUES('Computer Science','electives','SE 3200');
INSERT INTO conflict_courses VALUES('Computer Science','electives','SE 3400');
INSERT INTO conflict_courses VALUES('Computer Science','electives','SE 4200');
INSERT INTO conflict_courses VALUES('Computer Science','grad plan: 2nd year fall','CS 2420');
INSERT INTO conflict_courses VALUES('Computer Science','grad plan: 2nd year fall','CS 2450');
INSERT INTO conflict_courses VALUES('Computer Science','grad plan: 2nd year fall','CS 2810');
INSERT INTO conflict_courses VALUES('Computer Science','grad plan: 2nd year spring','CS 3005');
INSERT INTO conflict_courses VALUES('Computer Science','grad plan: 2nd year spring','CS 3520');
INSERT INTO conflict_courses VALUES('Computer Science','grad plan: 2nd year spring','SE 3200');
INSERT INTO conflict_courses VALUES('Computer Science','grad plan: 3rd year fall','CS 3310');
INSERT INTO conflict_courses VALUES('Computer Science','grad plan: 3rd year fall','CS 3400');
INSERT INTO conflict_courses VALUES('Computer Science','grad plan: 3rd year fall','CS 3530');
INSERT INTO conflict_courses VALUES('Computer Science','grad plan: 3rd year spring','CS 3510');
INSERT INTO conflict_courses VALUES('Computer Science','grad plan: 3rd year spring','CS 4307');
INSERT INTO conflict_courses VALUES('Computer Science','grad plan: 3rd year spring','CS 4550');
INSERT INTO conflict_courses VALUES('Computer Science','grad plan: 4th year fall','CS 4300');
INSERT INTO conflict_courses VALUES('Computer Science','grad plan: 4th year spring','CS 3600');
INSERT INTO conflict_courses VALUES('Computer Science','grad plan: 4th year spring','CS 4600');
INSERT INTO conflict_courses VALUES('Computer Science','math and science','BIOL 1610');
INSERT INTO conflict_courses VALUES('Computer Science','math and science','BIOL 1615');
INSERT INTO conflict_courses VALUES('Computer Science','math and science','CS 1030');
INSERT INTO conflict_courses VALUES('Computer Science','math and science','CS 1400');
INSERT INTO conflict_courses VALUES('Computer Science','math and science','CS 1410');
INSERT INTO conflict_courses VALUES('Computer Science','math and science','CS 2420');
INSERT INTO conflict_courses VALUES('Computer Science','math and science','CS 2450');
INSERT INTO conflict_courses VALUES('Computer Science','math and science','CS 2810');
INSERT INTO conflict_courses VALUES('Computer Science','math and science','CS 3005');
INSERT INTO conflict_courses VALUES('Computer Science','math and science','CS 3150');
INSERT INTO conflict_courses VALUES('Computer Science','math and science','CS 3310');
INSERT INTO conflict_courses VALUES('Computer Science','math and science','CS 3400');
INSERT INTO conflict_courses VALUES('Computer Science','math and science','CS 3410');
INSERT INTO conflict_courses VALUES('Computer Science','math and science','CS 3510');
INSERT INTO conflict_courses VALUES('Computer Science','math and science','CS 3520');
INSERT INTO conflict_courses VALUES('Computer Science','math and science','CS 3530');
INSERT INTO conflict_courses VALUES('Computer Science','math and science','CS 3600');
INSERT INTO conflict_courses VALUES('Computer Science','math and science','CS 4300');
INSERT INTO conflict_courses VALUES('Computer Science','math and science','CS 4307');
INSERT INTO conflict_courses VALUES('Computer Science','math and science','CS 4320');
INSERT INTO conflict_courses VALUES('Computer Science','math and science','CS 4550');
INSERT INTO conflict_courses VALUES('Computer Science','math and science','CS 4600');
INSERT INTO conflict_courses VALUES('Computer Science','math and science','MATH 1210');
INSERT INTO conflict_courses VALUES('Computer Science','math and science','MATH 1220');
INSERT INTO conflict_courses VALUES('Computer Science','math and science','PHYS 2210');
INSERT INTO conflict_courses VALUES('Computer Science','math and science','PHYS 2215');
INSERT INTO conflict_courses VALUES('Computer Science','math and science','SE 3200');
INSERT INTO conflict_courses VALUES('Data Science','third semester','CS 2500');
INSERT INTO conflict_courses VALUES('Data Science','third semester','CS 2810');
INSERT INTO conflict_courses VALUES('Data Science','third semester','CS 3005');
INSERT INTO conflict_courses VALUES('Envs Envs emphasis','core requirements','BIOL 1610');
INSERT INTO conflict_courses VALUES('Envs Envs emphasis','core requirements','BIOL 1615');
INSERT INTO conflict_courses VALUES('Envs Envs emphasis','core requirements','CHEM 1210');
INSERT INTO conflict_courses VALUES('Envs Envs emphasis','core requirements','CHEM 1215');
INSERT INTO conflict_courses VALUES('Envs Envs emphasis','core requirements','CHEM 1220');
INSERT INTO conflict_courses VALUES('Envs Envs emphasis','core requirements','CHEM 1225');
INSERT INTO conflict_courses VALUES('Envs Envs emphasis','core requirements','ENVS 1210');
INSERT INTO conflict_courses VALUES('Envs Envs emphasis','core requirements','ENVS 1215');
INSERT INTO conflict_courses VALUES('Envs Envs emphasis','core requirements','ENVS 2210');
INSERT INTO conflict_courses VALUES('Envs Envs emphasis','core requirements','ENVS 2700R');
INSERT INTO conflict_courses VALUES('Envs Envs emphasis','core requirements','ENVS 3920');
INSERT INTO conflict_courses VALUES('Envs Envs emphasis','core requirements','ENVS 4910');
INSERT INTO conflict_courses VALUES('Envs Envs emphasis','core requirements','GEO 1110');
INSERT INTO conflict_courses VALUES('Envs Envs emphasis','core requirements','GEO 1115');
INSERT INTO conflict_courses VALUES('Envs Envs emphasis','core requirements','GEOG 3600');
INSERT INTO conflict_courses VALUES('Envs Envs emphasis','core requirements','GEOG 3605');
INSERT INTO conflict_courses VALUES('Envs Envs emphasis','core requirements','MATH 1060');
INSERT INTO conflict_courses VALUES('Envs Geo emphasis','core requirements','BIOL 1610');
INSERT INTO conflict_courses VALUES('Envs Geo emphasis','core requirements','BIOL 1615');
INSERT INTO conflict_courses VALUES('Envs Geo emphasis','core requirements','CHEM 1210');
INSERT INTO conflict_courses VALUES('Envs Geo emphasis','core requirements','CHEM 1215');
INSERT INTO conflict_courses VALUES('Envs Geo emphasis','core requirements','CHEM 1220');
INSERT INTO conflict_courses VALUES('Envs Geo emphasis','core requirements','CHEM 1225');
INSERT INTO conflict_courses VALUES('Envs Geo emphasis','core requirements','ENVS 1210');
INSERT INTO conflict_courses VALUES('Envs Geo emphasis','core requirements','ENVS 1215');
INSERT INTO conflict_courses VALUES('Envs Geo emphasis','core requirements','ENVS 2210');
INSERT INTO conflict_courses VALUES('Envs Geo emphasis','core requirements','GEO 1110');
INSERT INTO conflict_courses VALUES('Envs Geo emphasis','core requirements','GEO 1115');
INSERT INTO conflict_courses VALUES('Envs Geo emphasis','core requirements','GEO 1220');
INSERT INTO conflict_courses VALUES('Envs Geo emphasis','core requirements','GEO 1225');
INSERT INTO conflict_courses VALUES('Envs Geo emphasis','core requirements','GEO 2700R');
INSERT INTO conflict_courses VALUES('Envs Geo emphasis','core requirements','GEOG 3600');
INSERT INTO conflict_courses VALUES('Envs Geo emphasis','core requirements','GEOG 3605');
INSERT INTO conflict_courses VALUES('Envs Geo emphasis','core requirements','MATH 1060');
INSERT INTO conflict_courses VALUES('Geological Sciences','core requirements','BIOL 3110');
INSERT INTO conflict_courses VALUES('Geological Sciences','core requirements','CHEM 1210');
INSERT INTO conflict_courses VALUES('Geological Sciences','core requirements','CHEM 1215');
INSERT INTO conflict_courses VALUES('Geological Sciences','core requirements','CHEM 1220');
INSERT INTO conflict_courses VALUES('Geological Sciences','core requirements','CHEM 1225');
INSERT INTO conflict_courses VALUES('Geological Sciences','core requirements','ENVS 3910');
INSERT INTO conflict_courses VALUES('Geological Sciences','core requirements','ENVS 3920');
INSERT INTO conflict_courses VALUES('Geological Sciences','core requirements','ENVS 3930');
INSERT INTO conflict_courses VALUES('Geological Sciences','core requirements','GEO 1110');
INSERT INTO conflict_courses VALUES('Geological Sciences','core requirements','GEO 1115');
INSERT INTO conflict_courses VALUES('Geological Sciences','core requirements','GEO 1220');
INSERT INTO conflict_courses VALUES('Geological Sciences','core requirements','GEO 1225');
INSERT INTO conflict_courses VALUES('Geological Sciences','core requirements','GEO 2700R');
INSERT INTO conflict_courses VALUES('Geological Sciences','core requirements','GEO 2990R');
INSERT INTO conflict_courses VALUES('Geological Sciences','core requirements','GEO 3000');
INSERT INTO conflict_courses VALUES('Geological Sciences','core requirements','GEO 3060');
INSERT INTO conflict_courses VALUES('Geological Sciences','core requirements','GEO 3180');
INSERT INTO conflict_courses VALUES('Geological Sciences','core requirements','GEO 3200');
INSERT INTO conflict_courses VALUES('Geological Sciences','core requirements','GEO 3500');
INSERT INTO conflict_courses VALUES('Geological Sciences','core requirements','GEO 3550');
INSERT INTO conflict_courses VALUES('Geological Sciences','core requirements','GEO 3600');
INSERT INTO conflict_courses VALUES('Geological Sciences','core requirements','GEO 3700');
INSERT INTO conflict_courses VALUES('Geological Sciences','core requirements','GEO 3710');
INSERT INTO conflict_courses VALUES('Geological Sciences','core requirements','GEO 3910');
INSERT INTO conflict_courses VALUES('Geological Sciences','core requirements','GEO 4600');
INSERT INTO conflict_courses VALUES('Geological Sciences','core requirements','GEO 4800R');
INSERT INTO conflict_courses VALUES('Geological Sciences','core requirements','GEOG 3600');
INSERT INTO conflict_courses VALUES('Geological Sciences','core requirements','GEOG 3605');
INSERT INTO conflict_courses VALUES('Geological Sciences','core requirements','GEOG 3930');
INSERT INTO conflict_courses VALUES('Geological Sciences','core requirements','MATH 1210');
INSERT INTO conflict_courses VALUES('Geological Sciences','core requirements','PHYS 2010');
INSERT INTO conflict_courses VALUES('Geological Sciences','core requirements','PHYS 2015');
INSERT INTO conflict_courses VALUES('Geological Sciences','core requirements','PHYS 2020');
INSERT INTO conflict_courses VALUES('Geological Sciences','core requirements','PHYS 2025');
INSERT INTO conflict_courses VALUES('Geological Sciences','core requirements','PHYS 2210');
INSERT INTO conflict_courses VALUES('Geological Sciences','core requirements','PHYS 2215');
INSERT INTO conflict_courses VALUES('Geological Sciences','core requirements','PHYS 2220');
INSERT INTO conflict_courses VALUES('Geological Sciences','core requirements','PHYS 2225');
INSERT INTO conflict_courses VALUES('Geological Sciences','take one set','PHYS 2010');
INSERT INTO conflict_courses VALUES('Geological Sciences','take one set','PHYS 2015');
INSERT INTO conflict_courses VALUES('Geological Sciences','take one set','PHYS 2020');
INSERT INTO conflict_courses VALUES('Geological Sciences','take one set','PHYS 2025');
INSERT INTO conflict_courses VALUES('Geological Sciences','take one set','PHYS 2210');
INSERT INTO conflict_courses VALUES('Geological Sciences','take one set','PHYS 2215');
INSERT INTO conflict_courses VALUES('Geological Sciences','take one set','PHYS 2220');
INSERT INTO conflict_courses VALUES('Geological Sciences','take one set','PHYS 2225');
INSERT INTO conflict_courses VALUES('Information Technology','choose two section','CS 3005');
INSERT INTO conflict_courses VALUES('Information Technology','choose two section','IT 1100');
INSERT INTO conflict_courses VALUES('Information Technology','choose two section','IT 1200');
INSERT INTO conflict_courses VALUES('Information Technology','choose two section','IT 2300');
INSERT INTO conflict_courses VALUES('Information Technology','choose two section','IT 2400');
INSERT INTO conflict_courses VALUES('Information Technology','choose two section','IT 2500');
INSERT INTO conflict_courses VALUES('Information Technology','choose two section','IT 2700');
INSERT INTO conflict_courses VALUES('Information Technology','choose two section','IT 3100');
INSERT INTO conflict_courses VALUES('Information Technology','choose two section','IT 3110');
INSERT INTO conflict_courses VALUES('Information Technology','choose two section','IT 3150');
INSERT INTO conflict_courses VALUES('Information Technology','choose two section','IT 3300');
INSERT INTO conflict_courses VALUES('Information Technology','choose two section','IT 3400');
INSERT INTO conflict_courses VALUES('Information Technology','choose two section','IT 4100');
INSERT INTO conflict_courses VALUES('Information Technology','choose two section','IT 4200');
INSERT INTO conflict_courses VALUES('Information Technology','choose two section','IT 4310');
INSERT INTO conflict_courses VALUES('Information Technology','choose two section','IT 4400');
INSERT INTO conflict_courses VALUES('Information Technology','choose two section','IT 4510');
INSERT INTO conflict_courses VALUES('Information Technology','choose two section','IT 4600');
INSERT INTO conflict_courses VALUES('Information Technology','choose two section','SE 3200');
INSERT INTO conflict_courses VALUES('Information Technology','choose two section','SE 3400');
INSERT INTO conflict_courses VALUES('Information Technology','core requirements','IT 1100');
INSERT INTO conflict_courses VALUES('Information Technology','core requirements','IT 1200');
INSERT INTO conflict_courses VALUES('Information Technology','core requirements','IT 2300');
INSERT INTO conflict_courses VALUES('Information Technology','core requirements','IT 2400');
INSERT INTO conflict_courses VALUES('Information Technology','core requirements','IT 2500');
INSERT INTO conflict_courses VALUES('Information Technology','core requirements','IT 2700');
INSERT INTO conflict_courses VALUES('Information Technology','core requirements','IT 3100');
INSERT INTO conflict_courses VALUES('Information Technology','core requirements','IT 3110');
INSERT INTO conflict_courses VALUES('Information Technology','core requirements','IT 3150');
INSERT INTO conflict_courses VALUES('Information Technology','core requirements','IT 3300');
INSERT INTO conflict_courses VALUES('Information Technology','core requirements','IT 3400');
INSERT INTO conflict_courses VALUES('Information Technology','core requirements','IT 4100');
INSERT INTO conflict_courses VALUES('Information Technology','core requirements','IT 4200');
INSERT INTO conflict_courses VALUES('Information Technology','core requirements','IT 4310');
INSERT INTO conflict_courses VALUES('Information Technology','core requirements','IT 4400');
INSERT INTO conflict_courses VALUES('Information Technology','core requirements','IT 4510');
INSERT INTO conflict_courses VALUES('Information Technology','core requirements','IT 4600');
INSERT INTO conflict_courses VALUES('Math','core requirements','CS 1400');
INSERT INTO conflict_courses VALUES('Math','core requirements','MATH 1210');
INSERT INTO conflict_courses VALUES('Math','core requirements','MATH 1220');
INSERT INTO conflict_courses VALUES('Math','core requirements','MATH 2200');
INSERT INTO conflict_courses VALUES('Math','core requirements','MATH 2210');
INSERT INTO conflict_courses VALUES('Math','core requirements','MATH 2270');
INSERT INTO conflict_courses VALUES('Math','core requirements','MATH 2280');
INSERT INTO conflict_courses VALUES('Math','core requirements','MATH 3200');
INSERT INTO conflict_courses VALUES('Math','core requirements','MATH 3400');
INSERT INTO conflict_courses VALUES('Math','core requirements','MATH 3900');
INSERT INTO conflict_courses VALUES('Math','core requirements','MATH 4000');
INSERT INTO conflict_courses VALUES('Math','core requirements','MATH 4900');
INSERT INTO conflict_courses VALUES('Math','core requirements','PHYS 2210');
INSERT INTO conflict_courses VALUES('Math','core requirements','PHYS 2215');
INSERT INTO conflict_courses VALUES('Math','electives','CS 1400');
INSERT INTO conflict_courses VALUES('Math','electives','MATH 1210');
INSERT INTO conflict_courses VALUES('Math','electives','MATH 1220');
INSERT INTO conflict_courses VALUES('Math','electives','MATH 2200');
INSERT INTO conflict_courses VALUES('Math','electives','MATH 2210');
INSERT INTO conflict_courses VALUES('Math','electives','MATH 2270');
INSERT INTO conflict_courses VALUES('Math','electives','MATH 2280');
INSERT INTO conflict_courses VALUES('Math','electives','MATH 3000');
INSERT INTO conflict_courses VALUES('Math','electives','MATH 3100');
INSERT INTO conflict_courses VALUES('Math','electives','MATH 3150');
INSERT INTO conflict_courses VALUES('Math','electives','MATH 3200');
INSERT INTO conflict_courses VALUES('Math','electives','MATH 3210');
INSERT INTO conflict_courses VALUES('Math','electives','MATH 3400');
INSERT INTO conflict_courses VALUES('Math','electives','MATH 3450');
INSERT INTO conflict_courses VALUES('Math','electives','MATH 3500');
INSERT INTO conflict_courses VALUES('Math','electives','MATH 3605');
INSERT INTO conflict_courses VALUES('Math','electives','MATH 3700');
INSERT INTO conflict_courses VALUES('Math','electives','MATH 3900');
INSERT INTO conflict_courses VALUES('Math','electives','MATH 4000');
INSERT INTO conflict_courses VALUES('Math','electives','MATH 4010');
INSERT INTO conflict_courses VALUES('Math','electives','MATH 4100');
INSERT INTO conflict_courses VALUES('Math','electives','MATH 4200');
INSERT INTO conflict_courses VALUES('Math','electives','MATH 4250');
INSERT INTO conflict_courses VALUES('Math','electives','MATH 4550');
INSERT INTO conflict_courses VALUES('Math','electives','MATH 4800');
INSERT INTO conflict_courses VALUES('Math','electives','MATH 4890R');
INSERT INTO conflict_courses VALUES('Math','electives','MATH 4900');
INSERT INTO conflict_courses VALUES('Math','electives','PHYS 2210');
INSERT INTO conflict_courses VALUES('Math','electives','PHYS 2215');
INSERT INTO conflict_courses VALUES('Math','electives','PHYS 2220');
INSERT INTO conflict_courses VALUES('Math','electives','PHYS 2225');
INSERT INTO conflict_courses VALUES('Math ACM Actuarial Sciences','core requirements','CS 1400');
INSERT INTO conflict_courses VALUES('Math ACM Actuarial Sciences','core requirements','CS 1410');
INSERT INTO conflict_courses VALUES('Math ACM Actuarial Sciences','core requirements','CS 2420');
INSERT INTO conflict_courses VALUES('Math ACM Actuarial Sciences','core requirements','CS 3310');
INSERT INTO conflict_courses VALUES('Math ACM Actuarial Sciences','core requirements','MATH 1210');
INSERT INTO conflict_courses VALUES('Math ACM Actuarial Sciences','core requirements','MATH 1220');
INSERT INTO conflict_courses VALUES('Math ACM Actuarial Sciences','core requirements','MATH 2200');
INSERT INTO conflict_courses VALUES('Math ACM Actuarial Sciences','core requirements','MATH 2210');
INSERT INTO conflict_courses VALUES('Math ACM Actuarial Sciences','core requirements','MATH 2270');
INSERT INTO conflict_courses VALUES('Math ACM Actuarial Sciences','core requirements','MATH 2280');
INSERT INTO conflict_courses VALUES('Math ACM Actuarial Sciences','core requirements','MATH 3400');
INSERT INTO conflict_courses VALUES('Math ACM Actuarial Sciences','core requirements','MATH 3410');
INSERT INTO conflict_courses VALUES('Math ACM Actuarial Sciences','core requirements','MATH 3450');
INSERT INTO conflict_courses VALUES('Math ACM Actuarial Sciences','core requirements','MATH 3700');
INSERT INTO conflict_courses VALUES('Math ACM Actuarial Sciences','core requirements','MATH 4250');
INSERT INTO conflict_courses VALUES('Math ACM Actuarial Sciences','core requirements','MATH 4400');
INSERT INTO conflict_courses VALUES('Math ACM Actuarial Sciences','core requirements','MATH 4410');
INSERT INTO conflict_courses VALUES('Math ACM Actuarial Sciences','core requirements','MATH 4800');
INSERT INTO conflict_courses VALUES('Math ACM Actuarial Sciences','core requirements','MATH 4890R');
INSERT INTO conflict_courses VALUES('Math ACM Actuarial Sciences','core requirements','MATH 4900');
INSERT INTO conflict_courses VALUES('Math ACM Actuarial Sciences','discrete math','CS 3310');
INSERT INTO conflict_courses VALUES('Math ACM Actuarial Sciences','discrete math','MATH 2200');
INSERT INTO conflict_courses VALUES('Math ACM Actuarial Sciences','electives','CS 1400');
INSERT INTO conflict_courses VALUES('Math ACM Actuarial Sciences','electives','CS 1410');
INSERT INTO conflict_courses VALUES('Math ACM Actuarial Sciences','electives','CS 2420');
INSERT INTO conflict_courses VALUES('Math ACM Actuarial Sciences','electives','CS 3310');
INSERT INTO conflict_courses VALUES('Math ACM Actuarial Sciences','electives','MATH 1210');
INSERT INTO conflict_courses VALUES('Math ACM Actuarial Sciences','electives','MATH 1220');
INSERT INTO conflict_courses VALUES('Math ACM Actuarial Sciences','electives','MATH 2200');
INSERT INTO conflict_courses VALUES('Math ACM Actuarial Sciences','electives','MATH 2210');
INSERT INTO conflict_courses VALUES('Math ACM Actuarial Sciences','electives','MATH 2270');
INSERT INTO conflict_courses VALUES('Math ACM Actuarial Sciences','electives','MATH 2280');
INSERT INTO conflict_courses VALUES('Math ACM Actuarial Sciences','electives','MATH 3050');
INSERT INTO conflict_courses VALUES('Math ACM Actuarial Sciences','electives','MATH 3100');
INSERT INTO conflict_courses VALUES('Math ACM Actuarial Sciences','electives','MATH 3120');
INSERT INTO conflict_courses VALUES('Math ACM Actuarial Sciences','electives','MATH 3150');
INSERT INTO conflict_courses VALUES('Math ACM Actuarial Sciences','electives','MATH 3200');
INSERT INTO conflict_courses VALUES('Math ACM Actuarial Sciences','electives','MATH 3400');
INSERT INTO conflict_courses VALUES('Math ACM Actuarial Sciences','electives','MATH 3410');
INSERT INTO conflict_courses VALUES('Math ACM Actuarial Sciences','electives','MATH 3450');
INSERT INTO conflict_courses VALUES('Math ACM Actuarial Sciences','electives','MATH 3500');
INSERT INTO conflict_courses VALUES('Math ACM Actuarial Sciences','electives','MATH 3700');
INSERT INTO conflict_courses VALUES('Math ACM Actuarial Sciences','electives','MATH 3900');
INSERT INTO conflict_courses VALUES('Math ACM Actuarial Sciences','electives','MATH 3905');
INSERT INTO conflict_courses VALUES('Math ACM Actuarial Sciences','electives','MATH 4000');
INSERT INTO conflict_courses VALUES('Math ACM Actuarial Sciences','electives','MATH 4005');
INSERT INTO conflict_courses VALUES('Math ACM Actuarial Sciences','electives','MATH 4010');
INSERT INTO conflict_courses VALUES('Math ACM Actuarial Sciences','electives','MATH 4100');
INSERT INTO conflict_courses VALUES('Math ACM Actuarial Sciences','electives','MATH 4200');
INSERT INTO conflict_courses VALUES('Math ACM Actuarial Sciences','electives','MATH 4250');
INSERT INTO conflict_courses VALUES('Math ACM Actuarial Sciences','electives','MATH 4330');
INSERT INTO conflict_courses VALUES('Math ACM Actuarial Sciences','electives','MATH 4400');
INSERT INTO conflict_courses VALUES('Math ACM Actuarial Sciences','electives','MATH 4410');
INSERT INTO conflict_courses VALUES('Math ACM Actuarial Sciences','electives','MATH 4550');
INSERT INTO conflict_courses VALUES('Math ACM Actuarial Sciences','electives','MATH 4800');
INSERT INTO conflict_courses VALUES('Math ACM Actuarial Sciences','electives','MATH 4890R');
INSERT INTO conflict_courses VALUES('Math ACM Actuarial Sciences','electives','MATH 4900');
INSERT INTO conflict_courses VALUES('Math ACM Computational Mathematics','core requirements','CS 1400');
INSERT INTO conflict_courses VALUES('Math ACM Computational Mathematics','core requirements','CS 1410');
INSERT INTO conflict_courses VALUES('Math ACM Computational Mathematics','core requirements','CS 2420');
INSERT INTO conflict_courses VALUES('Math ACM Computational Mathematics','core requirements','CS 3005');
INSERT INTO conflict_courses VALUES('Math ACM Computational Mathematics','core requirements','CS 3310');
INSERT INTO conflict_courses VALUES('Math ACM Computational Mathematics','core requirements','MATH 1210');
INSERT INTO conflict_courses VALUES('Math ACM Computational Mathematics','core requirements','MATH 1220');
INSERT INTO conflict_courses VALUES('Math ACM Computational Mathematics','core requirements','MATH 2050');
INSERT INTO conflict_courses VALUES('Math ACM Computational Mathematics','core requirements','MATH 2200');
INSERT INTO conflict_courses VALUES('Math ACM Computational Mathematics','core requirements','MATH 2210');
INSERT INTO conflict_courses VALUES('Math ACM Computational Mathematics','core requirements','MATH 2270');
INSERT INTO conflict_courses VALUES('Math ACM Computational Mathematics','core requirements','MATH 2280');
INSERT INTO conflict_courses VALUES('Math ACM Computational Mathematics','core requirements','MATH 3150');
INSERT INTO conflict_courses VALUES('Math ACM Computational Mathematics','core requirements','MATH 3400');
INSERT INTO conflict_courses VALUES('Math ACM Computational Mathematics','core requirements','MATH 3500');
INSERT INTO conflict_courses VALUES('Math ACM Computational Mathematics','core requirements','MATH 3700');
INSERT INTO conflict_courses VALUES('Math ACM Computational Mathematics','core requirements','MATH 4250');
INSERT INTO conflict_courses VALUES('Math ACM Computational Mathematics','core requirements','MATH 4550');
INSERT INTO conflict_courses VALUES('Math ACM Computational Mathematics','core requirements','MATH 4800');
INSERT INTO conflict_courses VALUES('Math ACM Computational Mathematics','core requirements','MATH 4890R');
INSERT INTO conflict_courses VALUES('Math ACM Computational Mathematics','core requirements','MATH 4900');
INSERT INTO conflict_courses VALUES('Math ACM Computational Mathematics','core requirements','MECH 2010');
INSERT INTO conflict_courses VALUES('Math ACM Computational Mathematics','core requirements','MECH 2030');
INSERT INTO conflict_courses VALUES('Math ACM Computational Mathematics','core requirements','PHYS 2210');
INSERT INTO conflict_courses VALUES('Math ACM Computational Mathematics','core requirements','PHYS 2215');
INSERT INTO conflict_courses VALUES('Math ACM Computational Mathematics','core requirements','PHYS 2220');
INSERT INTO conflict_courses VALUES('Math ACM Computational Mathematics','core requirements','PHYS 2225');
INSERT INTO conflict_courses VALUES('Math ACM Computational Mathematics','discrete math','CS 3310');
INSERT INTO conflict_courses VALUES('Math ACM Computational Mathematics','discrete math','MATH 2200');
INSERT INTO conflict_courses VALUES('Math ACM Computational Mathematics','electives','CS 1400');
INSERT INTO conflict_courses VALUES('Math ACM Computational Mathematics','electives','CS 1410');
INSERT INTO conflict_courses VALUES('Math ACM Computational Mathematics','electives','CS 2420');
INSERT INTO conflict_courses VALUES('Math ACM Computational Mathematics','electives','CS 3005');
INSERT INTO conflict_courses VALUES('Math ACM Computational Mathematics','electives','CS 3310');
INSERT INTO conflict_courses VALUES('Math ACM Computational Mathematics','electives','MATH 1210');
INSERT INTO conflict_courses VALUES('Math ACM Computational Mathematics','electives','MATH 1220');
INSERT INTO conflict_courses VALUES('Math ACM Computational Mathematics','electives','MATH 2050');
INSERT INTO conflict_courses VALUES('Math ACM Computational Mathematics','electives','MATH 2200');
INSERT INTO conflict_courses VALUES('Math ACM Computational Mathematics','electives','MATH 2210');
INSERT INTO conflict_courses VALUES('Math ACM Computational Mathematics','electives','MATH 2270');
INSERT INTO conflict_courses VALUES('Math ACM Computational Mathematics','electives','MATH 2280');
INSERT INTO conflict_courses VALUES('Math ACM Computational Mathematics','electives','MATH 3050');
INSERT INTO conflict_courses VALUES('Math ACM Computational Mathematics','electives','MATH 3100');
INSERT INTO conflict_courses VALUES('Math ACM Computational Mathematics','electives','MATH 3120');
INSERT INTO conflict_courses VALUES('Math ACM Computational Mathematics','electives','MATH 3150');
INSERT INTO conflict_courses VALUES('Math ACM Computational Mathematics','electives','MATH 3200');
INSERT INTO conflict_courses VALUES('Math ACM Computational Mathematics','electives','MATH 3400');
INSERT INTO conflict_courses VALUES('Math ACM Computational Mathematics','electives','MATH 3450');
INSERT INTO conflict_courses VALUES('Math ACM Computational Mathematics','electives','MATH 3500');
INSERT INTO conflict_courses VALUES('Math ACM Computational Mathematics','electives','MATH 3700');
INSERT INTO conflict_courses VALUES('Math ACM Computational Mathematics','electives','MATH 3900');
INSERT INTO conflict_courses VALUES('Math ACM Computational Mathematics','electives','MATH 3905');
INSERT INTO conflict_courses VALUES('Math ACM Computational Mathematics','electives','MATH 4000');
INSERT INTO conflict_courses VALUES('Math ACM Computational Mathematics','electives','MATH 4005');
INSERT INTO conflict_courses VALUES('Math ACM Computational Mathematics','electives','MATH 4010');
INSERT INTO conflict_courses VALUES('Math ACM Computational Mathematics','electives','MATH 4100');
INSERT INTO conflict_courses VALUES('Math ACM Computational Mathematics','electives','MATH 4200');
INSERT INTO conflict_courses VALUES('Math ACM Computational Mathematics','electives','MATH 4250');
INSERT INTO conflict_courses VALUES('Math ACM Computational Mathematics','electives','MATH 4330');
INSERT INTO conflict_courses VALUES('Math ACM Computational Mathematics','electives','MATH 4550');
INSERT INTO conflict_courses VALUES('Math ACM Computational Mathematics','electives','MATH 4800');
INSERT INTO conflict_courses VALUES('Math ACM Computational Mathematics','electives','MATH 4890R');
INSERT INTO conflict_courses VALUES('Math ACM Computational Mathematics','electives','MATH 4900');
INSERT INTO conflict_courses VALUES('Math ACM Computational Mathematics','electives','MECH 2010');
INSERT INTO conflict_courses VALUES('Math ACM Computational Mathematics','electives','MECH 2030');
INSERT INTO conflict_courses VALUES('Math ACM Computational Mathematics','electives','MECH 3600');
INSERT INTO conflict_courses VALUES('Math ACM Computational Mathematics','electives','MECH 3700');
INSERT INTO conflict_courses VALUES('Math ACM Computational Mathematics','electives','MECH 3705');
INSERT INTO conflict_courses VALUES('Math ACM Computational Mathematics','electives','PHYS 2210');
INSERT INTO conflict_courses VALUES('Math ACM Computational Mathematics','electives','PHYS 2215');
INSERT INTO conflict_courses VALUES('Math ACM Computational Mathematics','electives','PHYS 2220');
INSERT INTO conflict_courses VALUES('Math ACM Computational Mathematics','electives','PHYS 2225');
INSERT INTO conflict_courses VALUES('Math ACM Computational Mathematics','electives','PHYS 3400');
INSERT INTO conflict_courses VALUES('Math ACM Computational Mathematics','electives','PHYS 3710');
INSERT INTO conflict_courses VALUES('Math ACM Data Analytics','core requirements','CS 1400');
INSERT INTO conflict_courses VALUES('Math ACM Data Analytics','core requirements','CS 1410');
INSERT INTO conflict_courses VALUES('Math ACM Data Analytics','core requirements','CS 3310');
INSERT INTO conflict_courses VALUES('Math ACM Data Analytics','core requirements','IT 1100');
INSERT INTO conflict_courses VALUES('Math ACM Data Analytics','core requirements','IT 2300');
INSERT INTO conflict_courses VALUES('Math ACM Data Analytics','core requirements','IT 2400');
INSERT INTO conflict_courses VALUES('Math ACM Data Analytics','core requirements','IT 4310');
INSERT INTO conflict_courses VALUES('Math ACM Data Analytics','core requirements','MATH 1210');
INSERT INTO conflict_courses VALUES('Math ACM Data Analytics','core requirements','MATH 1220');
INSERT INTO conflict_courses VALUES('Math ACM Data Analytics','core requirements','MATH 2050');
INSERT INTO conflict_courses VALUES('Math ACM Data Analytics','core requirements','MATH 2200');
INSERT INTO conflict_courses VALUES('Math ACM Data Analytics','core requirements','MATH 2210');
INSERT INTO conflict_courses VALUES('Math ACM Data Analytics','core requirements','MATH 2270');
INSERT INTO conflict_courses VALUES('Math ACM Data Analytics','core requirements','MATH 2280');
INSERT INTO conflict_courses VALUES('Math ACM Data Analytics','core requirements','MATH 3050');
INSERT INTO conflict_courses VALUES('Math ACM Data Analytics','core requirements','MATH 3400');
INSERT INTO conflict_courses VALUES('Math ACM Data Analytics','core requirements','MATH 3450');
INSERT INTO conflict_courses VALUES('Math ACM Data Analytics','core requirements','MATH 3700');
INSERT INTO conflict_courses VALUES('Math ACM Data Analytics','core requirements','MATH 4250');
INSERT INTO conflict_courses VALUES('Math ACM Data Analytics','core requirements','MATH 4800');
INSERT INTO conflict_courses VALUES('Math ACM Data Analytics','core requirements','MATH 4890R');
INSERT INTO conflict_courses VALUES('Math ACM Data Analytics','core requirements','MATH 4900');
INSERT INTO conflict_courses VALUES('Math ACM Data Analytics','discrete math','CS 3310');
INSERT INTO conflict_courses VALUES('Math ACM Data Analytics','discrete math','MATH 2200');
INSERT INTO conflict_courses VALUES('Math ACM Data Analytics','electives','CS 1400');
INSERT INTO conflict_courses VALUES('Math ACM Data Analytics','electives','CS 1410');
INSERT INTO conflict_courses VALUES('Math ACM Data Analytics','electives','CS 3005');
INSERT INTO conflict_courses VALUES('Math ACM Data Analytics','electives','CS 3310');
INSERT INTO conflict_courses VALUES('Math ACM Data Analytics','electives','IT 1100');
INSERT INTO conflict_courses VALUES('Math ACM Data Analytics','electives','IT 2300');
INSERT INTO conflict_courses VALUES('Math ACM Data Analytics','electives','IT 2400');
INSERT INTO conflict_courses VALUES('Math ACM Data Analytics','electives','IT 4310');
INSERT INTO conflict_courses VALUES('Math ACM Data Analytics','electives','IT 4510');
INSERT INTO conflict_courses VALUES('Math ACM Data Analytics','electives','MATH 1210');
INSERT INTO conflict_courses VALUES('Math ACM Data Analytics','electives','MATH 1220');
INSERT INTO conflict_courses VALUES('Math ACM Data Analytics','electives','MATH 2050');
INSERT INTO conflict_courses VALUES('Math ACM Data Analytics','electives','MATH 2200');
INSERT INTO conflict_courses VALUES('Math ACM Data Analytics','electives','MATH 2210');
INSERT INTO conflict_courses VALUES('Math ACM Data Analytics','electives','MATH 2270');
INSERT INTO conflict_courses VALUES('Math ACM Data Analytics','electives','MATH 2280');
INSERT INTO conflict_courses VALUES('Math ACM Data Analytics','electives','MATH 3050');
INSERT INTO conflict_courses VALUES('Math ACM Data Analytics','electives','MATH 3100');
INSERT INTO conflict_courses VALUES('Math ACM Data Analytics','electives','MATH 3120');
INSERT INTO conflict_courses VALUES('Math ACM Data Analytics','electives','MATH 3150');
INSERT INTO conflict_courses VALUES('Math ACM Data Analytics','electives','MATH 3200');
INSERT INTO conflict_courses VALUES('Math ACM Data Analytics','electives','MATH 3400');
INSERT INTO conflict_courses VALUES('Math ACM Data Analytics','electives','MATH 3450');
INSERT INTO conflict_courses VALUES('Math ACM Data Analytics','electives','MATH 3500');
INSERT INTO conflict_courses VALUES('Math ACM Data Analytics','electives','MATH 3700');
INSERT INTO conflict_courses VALUES('Math ACM Data Analytics','electives','MATH 3900');
INSERT INTO conflict_courses VALUES('Math ACM Data Analytics','electives','MATH 3905');
INSERT INTO conflict_courses VALUES('Math ACM Data Analytics','electives','MATH 4000');
INSERT INTO conflict_courses VALUES('Math ACM Data Analytics','electives','MATH 4005');
INSERT INTO conflict_courses VALUES('Math ACM Data Analytics','electives','MATH 4010');
INSERT INTO conflict_courses VALUES('Math ACM Data Analytics','electives','MATH 4100');
INSERT INTO conflict_courses VALUES('Math ACM Data Analytics','electives','MATH 4200');
INSERT INTO conflict_courses VALUES('Math ACM Data Analytics','electives','MATH 4250');
INSERT INTO conflict_courses VALUES('Math ACM Data Analytics','electives','MATH 4330');
INSERT INTO conflict_courses VALUES('Math ACM Data Analytics','electives','MATH 4550');
INSERT INTO conflict_courses VALUES('Math ACM Data Analytics','electives','MATH 4800');
INSERT INTO conflict_courses VALUES('Math ACM Data Analytics','electives','MATH 4890R');
INSERT INTO conflict_courses VALUES('Math ACM Data Analytics','electives','MATH 4900');
INSERT INTO conflict_courses VALUES('Math Education','core requirements','CS 1400');
INSERT INTO conflict_courses VALUES('Math Education','core requirements','MATH 1040');
INSERT INTO conflict_courses VALUES('Math Education','core requirements','MATH 1210');
INSERT INTO conflict_courses VALUES('Math Education','core requirements','MATH 1220');
INSERT INTO conflict_courses VALUES('Math Education','core requirements','MATH 2200');
INSERT INTO conflict_courses VALUES('Math Education','core requirements','MATH 2210');
INSERT INTO conflict_courses VALUES('Math Education','core requirements','MATH 2270');
INSERT INTO conflict_courses VALUES('Math Education','core requirements','MATH 2280');
INSERT INTO conflict_courses VALUES('Math Education','core requirements','MATH 3000');
INSERT INTO conflict_courses VALUES('Math Education','core requirements','MATH 3010');
INSERT INTO conflict_courses VALUES('Math Education','core requirements','MATH 3020');
INSERT INTO conflict_courses VALUES('Math Education','core requirements','MATH 3100');
INSERT INTO conflict_courses VALUES('Math Education','core requirements','MATH 3120');
INSERT INTO conflict_courses VALUES('Math Education','core requirements','MATH 3200');
INSERT INTO conflict_courses VALUES('Math Education','core requirements','MATH 3400');
INSERT INTO conflict_courses VALUES('Math Education','core requirements','MATH 4000');
INSERT INTO conflict_courses VALUES('Math Education','core requirements','PHYS 2210');
INSERT INTO conflict_courses VALUES('Math Education','core requirements','PHYS 2215');
INSERT INTO conflict_courses VALUES('Software Engineering','Application track','CS 1030');
INSERT INTO conflict_courses VALUES('Software Engineering','Application track','CS 1400');
INSERT INTO conflict_courses VALUES('Software Engineering','Application track','CS 1410');
INSERT INTO conflict_courses VALUES('Software Engineering','Application track','CS 2420');
INSERT INTO conflict_courses VALUES('Software Engineering','Application track','CS 2450');
INSERT INTO conflict_courses VALUES('Software Engineering','Application track','CS 2810');
INSERT INTO conflict_courses VALUES('Software Engineering','Application track','CS 3150');
INSERT INTO conflict_courses VALUES('Software Engineering','Application track','CS 3310');
INSERT INTO conflict_courses VALUES('Software Engineering','Application track','CS 3500');
INSERT INTO conflict_courses VALUES('Software Engineering','Application track','CS 3510');
INSERT INTO conflict_courses VALUES('Software Engineering','Application track','CS 4307');
INSERT INTO conflict_courses VALUES('Software Engineering','Application track','IT 1100');
INSERT INTO conflict_courses VALUES('Software Engineering','Application track','IT 2300');
INSERT INTO conflict_courses VALUES('Software Engineering','Application track','SE 1400');
INSERT INTO conflict_courses VALUES('Software Engineering','Application track','SE 3010');
INSERT INTO conflict_courses VALUES('Software Engineering','Application track','SE 3020');
INSERT INTO conflict_courses VALUES('Software Engineering','Application track','SE 3100');
INSERT INTO conflict_courses VALUES('Software Engineering','Application track','SE 3150');
INSERT INTO conflict_courses VALUES('Software Engineering','Application track','SE 3200');
INSERT INTO conflict_courses VALUES('Software Engineering','Application track','SE 3400');
INSERT INTO conflict_courses VALUES('Software Engineering','Application track','SE 3450');
INSERT INTO conflict_courses VALUES('Software Engineering','Application track','SE 4200');
INSERT INTO conflict_courses VALUES('Software Engineering','Application track','SE 4600');
INSERT INTO conflict_courses VALUES('Software Engineering','Data science track','CS 1030');
INSERT INTO conflict_courses VALUES('Software Engineering','Data science track','CS 1400');
INSERT INTO conflict_courses VALUES('Software Engineering','Data science track','CS 1410');
INSERT INTO conflict_courses VALUES('Software Engineering','Data science track','CS 2420');
INSERT INTO conflict_courses VALUES('Software Engineering','Data science track','CS 2450');
INSERT INTO conflict_courses VALUES('Software Engineering','Data science track','CS 2810');
INSERT INTO conflict_courses VALUES('Software Engineering','Data science track','CS 3150');
INSERT INTO conflict_courses VALUES('Software Engineering','Data science track','CS 3310');
INSERT INTO conflict_courses VALUES('Software Engineering','Data science track','CS 3510');
INSERT INTO conflict_courses VALUES('Software Engineering','Data science track','CS 4300');
INSERT INTO conflict_courses VALUES('Software Engineering','Data science track','CS 4307');
INSERT INTO conflict_courses VALUES('Software Engineering','Data science track','CS 4320');
INSERT INTO conflict_courses VALUES('Software Engineering','Data science track','IT 1100');
INSERT INTO conflict_courses VALUES('Software Engineering','Data science track','IT 2300');
INSERT INTO conflict_courses VALUES('Software Engineering','Data science track','SE 1400');
INSERT INTO conflict_courses VALUES('Software Engineering','Data science track','SE 3010');
INSERT INTO conflict_courses VALUES('Software Engineering','Data science track','SE 3020');
INSERT INTO conflict_courses VALUES('Software Engineering','Data science track','SE 3100');
INSERT INTO conflict_courses VALUES('Software Engineering','Data science track','SE 3150');
INSERT INTO conflict_courses VALUES('Software Engineering','Data science track','SE 3200');
INSERT INTO conflict_courses VALUES('Software Engineering','Data science track','SE 3400');
INSERT INTO conflict_courses VALUES('Software Engineering','Data science track','SE 4200');
INSERT INTO conflict_courses VALUES('Software Engineering','Data science track','SE 4600');
INSERT INTO conflict_courses VALUES('Software Engineering','DevOps track','CS 1030');
INSERT INTO conflict_courses VALUES('Software Engineering','DevOps track','CS 1400');
INSERT INTO conflict_courses VALUES('Software Engineering','DevOps track','CS 1410');
INSERT INTO conflict_courses VALUES('Software Engineering','DevOps track','CS 2420');
INSERT INTO conflict_courses VALUES('Software Engineering','DevOps track','CS 2450');
INSERT INTO conflict_courses VALUES('Software Engineering','DevOps track','CS 2810');
INSERT INTO conflict_courses VALUES('Software Engineering','DevOps track','CS 3150');
INSERT INTO conflict_courses VALUES('Software Engineering','DevOps track','CS 3310');
INSERT INTO conflict_courses VALUES('Software Engineering','DevOps track','CS 3510');
INSERT INTO conflict_courses VALUES('Software Engineering','DevOps track','CS 4307');
INSERT INTO conflict_courses VALUES('Software Engineering','DevOps track','IT 1100');
INSERT INTO conflict_courses VALUES('Software Engineering','DevOps track','IT 2300');
INSERT INTO conflict_courses VALUES('Software Engineering','DevOps track','IT 3110');
INSERT INTO conflict_courses VALUES('Software Engineering','DevOps track','IT 3300');
INSERT INTO conflict_courses VALUES('Software Engineering','DevOps track','IT 4200');
INSERT INTO conflict_courses VALUES('Software Engineering','DevOps track','SE 1400');
INSERT INTO conflict_courses VALUES('Software Engineering','DevOps track','SE 3010');
INSERT INTO conflict_courses VALUES('Software Engineering','DevOps track','SE 3020');
INSERT INTO conflict_courses VALUES('Software Engineering','DevOps track','SE 3100');
INSERT INTO conflict_courses VALUES('Software Engineering','DevOps track','SE 3150');
INSERT INTO conflict_courses VALUES('Software Engineering','DevOps track','SE 3200');
INSERT INTO conflict_courses VALUES('Software Engineering','DevOps track','SE 3400');
INSERT INTO conflict_courses VALUES('Software Engineering','DevOps track','SE 4200');
INSERT INTO conflict_courses VALUES('Software Engineering','DevOps track','SE 4600');
INSERT INTO conflict_courses VALUES('Software Engineering','Entrepreneurial and marketing track','CS 1030');
INSERT INTO conflict_courses VALUES('Software Engineering','Entrepreneurial and marketing track','CS 1400');
INSERT INTO conflict_courses VALUES('Software Engineering','Entrepreneurial and marketing track','CS 1410');
INSERT INTO conflict_courses VALUES('Software Engineering','Entrepreneurial and marketing track','CS 2420');
INSERT INTO conflict_courses VALUES('Software Engineering','Entrepreneurial and marketing track','CS 2450');
INSERT INTO conflict_courses VALUES('Software Engineering','Entrepreneurial and marketing track','CS 2810');
INSERT INTO conflict_courses VALUES('Software Engineering','Entrepreneurial and marketing track','CS 3150');
INSERT INTO conflict_courses VALUES('Software Engineering','Entrepreneurial and marketing track','CS 3310');
INSERT INTO conflict_courses VALUES('Software Engineering','Entrepreneurial and marketing track','CS 3510');
INSERT INTO conflict_courses VALUES('Software Engineering','Entrepreneurial and marketing track','CS 4307');
INSERT INTO conflict_courses VALUES('Software Engineering','Entrepreneurial and marketing track','IT 1100');
INSERT INTO conflict_courses VALUES('Software Engineering','Entrepreneurial and marketing track','IT 2300');
INSERT INTO conflict_courses VALUES('Software Engineering','Entrepreneurial and marketing track','SE 1400');
INSERT INTO conflict_courses VALUES('Software Engineering','Entrepreneurial and marketing track','SE 3010');
INSERT INTO conflict_courses VALUES('Software Engineering','Entrepreneurial and marketing track','SE 3020');
INSERT INTO conflict_courses VALUES('Software Engineering','Entrepreneurial and marketing track','SE 3100');
INSERT INTO conflict_courses VALUES('Software Engineering','Entrepreneurial and marketing track','SE 3150');
INSERT INTO conflict_courses VALUES('Software Engineering','Entrepreneurial and marketing track','SE 3200');
INSERT INTO conflict_courses VALUES('Software Engineering','Entrepreneurial and marketing track','SE 3400');
INSERT INTO conflict_courses VALUES('Software Engineering','Entrepreneurial and marketing track','SE 3500');
INSERT INTO conflict_courses VALUES('Software Engineering','Entrepreneurial and marketing track','SE 3550');
INSERT INTO conflict_courses VALUES('Software Engineering','Entrepreneurial and marketing track','SE 4200');
INSERT INTO conflict_courses VALUES('Software Engineering','Entrepreneurial and marketing track','SE 4600');
INSERT INTO conflict_courses VALUES('Software Engineering','core requirements','CS 1030');
INSERT INTO conflict_courses VALUES('Software Engineering','core requirements','CS 1400');
INSERT INTO conflict_courses VALUES('Software Engineering','core requirements','CS 1410');
INSERT INTO conflict_courses VALUES('Software Engineering','core requirements','CS 2420');
INSERT INTO conflict_courses VALUES('Software Engineering','core requirements','CS 2450');
INSERT INTO conflict_courses VALUES('Software Engineering','core requirements','CS 2810');
INSERT INTO conflict_courses VALUES('Software Engineering','core requirements','CS 3150');
INSERT INTO conflict_courses VALUES('Software Engineering','core requirements','CS 3310');
INSERT INTO conflict_courses VALUES('Software Engineering','core requirements','CS 3510');
INSERT INTO conflict_courses VALUES('Software Engineering','core requirements','CS 4307');
INSERT INTO conflict_courses VALUES('Software Engineering','core requirements','IT 1100');
INSERT INTO conflict_courses VALUES('Software Engineering','core requirements','IT 2300');
INSERT INTO conflict_courses VALUES('Software Engineering','core requirements','SE 1400');
INSERT INTO conflict_courses VALUES('Software Engineering','core requirements','SE 3010');
INSERT INTO conflict_courses VALUES('Software Engineering','core requirements','SE 3020');
INSERT INTO conflict_courses VALUES('Software Engineering','core requirements','SE 3100');
INSERT INTO conflict_courses VALUES('Software Engineering','core requirements','SE 3150');
INSERT INTO conflict_courses VALUES('Software Engineering','core requirements','SE 3200');
INSERT INTO conflict_courses VALUES('Software Engineering','core requirements','SE 3400');
INSERT INTO conflict_courses VALUES('Software Engineering','core requirements','SE 4200');
INSERT INTO conflict_courses VALUES('Software Engineering','core requirements','SE 4600');
INSERT INTO conflict_courses VALUES('Software Engineering','only need one database class','CS 4307');
INSERT INTO conflict_courses VALUES('Software Engineering','only need one database class','IT 2300');
INSERT INTO conflict_sections VALUES('Computer Science','spread out CS 1400','CS 1400-01');
INSERT INTO conflict_sections VALUES('Computer Science','spread out CS 1400','CS 1400-02');
INSERT INTO conflict_sections VALUES('Computer Science','spread out CS 1400','CS 1400-03');
INSERT INTO conflict_sections VALUES('Computer Science','spread out CS 1400','CS 1400-50');
INSERT INTO conflict_sections VALUES('Computer Science','spread out CS 1410','CS 1410-01');
INSERT INTO conflict_sections VALUES('Computer Science','spread out CS 1410','CS 1410-02');
INSERT INTO conflict_sections VALUES('Computer Science','spread out CS 2450','CS 2450-01');
INSERT INTO conflict_sections VALUES('Computer Science','spread out CS 2450','CS 2450-02');
INSERT INTO conflict_sections VALUES('Computer Science','spread out CS 2810','CS 2810-01');
INSERT INTO conflict_sections VALUES('Computer Science','spread out CS 2810','CS 2810-02');
INSERT INTO conflict_sections VALUES('Information Technology','spread out IT 1100','IT 1100-01');
INSERT INTO conflict_sections VALUES('Information Technology','spread out IT 1100','IT 1100-02');
INSERT INTO conflict_sections VALUES('Information Technology','spread out IT 2300','IT 2300-01');
INSERT INTO conflict_sections VALUES('Information Technology','spread out IT 2300','IT 2300-02');
INSERT INTO conflict_sections VALUES('Software Engineering','spread out SE 1400','SE 1400-01');
INSERT INTO conflict_sections VALUES('Software Engineering','spread out SE 1400','SE 1400-02');
INSERT INTO multiple_section_overrides VALUES('CS 4600',1);
INSERT INTO multiple_section_overrides VALUES('MATH 1050',6);
COMMIT;
